ISO-10303-21;
HEADER;
FILE_DESCRIPTION (( 'STEP AP214' ),
    '1' );
FILE_NAME ('FT3MN.STEP',
    '2022-12-28T12:31:38',
    ( '' ),
    ( '' ),
    'SwSTEP 2.0',
    'SolidWorks 2021',
    '' );
FILE_SCHEMA (( 'AUTOMOTIVE_DESIGN' ));
ENDSEC;

DATA;
#1 = LINE ( 'NONE', #4473, #6920 ) ;
#2 = SURFACE_STYLE_USAGE ( .BOTH. , #4231 ) ;
#3 = SURFACE_SIDE_STYLE ('',( #2460 ) ) ;
#4 = CARTESIAN_POINT ( 'NONE',  ( 0.2389217725573917761, 1.201000000000000068, 0.04130007005468876863 ) ) ;
#5 = DIRECTION ( 'NONE',  ( 0.000000000000000000, 0.000000000000000000, 1.000000000000000000 ) ) ;
#6 = CARTESIAN_POINT ( 'NONE',  ( -1.599999999999998979, 0.000000000000000000, -1.249999999999997780 ) ) ;
#7 = EDGE_CURVE ( 'NONE', #3774, #6683, #3777, .T. ) ;
#8 = CARTESIAN_POINT ( 'NONE',  ( 0.02872661506851431623, 1.201000000000000068, -0.05694162888947846418 ) ) ;
#9 = LINE ( 'NONE', #3122, #6398 ) ;
#10 = VECTOR ( 'NONE', #6948, 1000.000000000000000 ) ;
#11 = VERTEX_POINT ( 'NONE', #1322 ) ;
#12 = DIRECTION ( 'NONE',  ( 0.000000000000000000, -1.000000000000000000, 0.000000000000000000 ) ) ;
#13 = FACE_OUTER_BOUND ( 'NONE', #76, .T. ) ;
#14 = PLANE ( 'NONE',  #3728 ) ;
#15 = ORIENTED_EDGE ( 'NONE', *, *, #3076, .F. ) ;
#16 = PRESENTATION_LAYER_ASSIGNMENT (  '', '', ( #7769 ) ) ;
#17 = ADVANCED_FACE ( 'NONE', ( #2571 ), #2657, .T. ) ;
#18 = CARTESIAN_POINT ( 'NONE',  ( 0.07693403910191567996, 1.200000000000000178, 0.006391710475641142024 ) ) ;
#19 = EDGE_LOOP ( 'NONE', ( #7952, #5672, #7395, #929 ) ) ;
#20 = EDGE_CURVE ( 'NONE', #6802, #7917, #7029, .T. ) ;
#21 = DIRECTION ( 'NONE',  ( 0.000000000000000000, 0.000000000000000000, 1.000000000000000000 ) ) ;
#22 = CARTESIAN_POINT ( 'NONE',  ( 0.04888137404108545275, 1.200000000000000400, -0.04895563895204705501 ) ) ;
#23 = ORIENTED_EDGE ( 'NONE', *, *, #7656, .T. ) ;
#24 = CYLINDRICAL_SURFACE ( 'NONE', #6774, 0.0009999999999999158867 ) ;
#25 = SURFACE_STYLE_FILL_AREA ( #4421 ) ;
#26 = STYLED_ITEM ( 'NONE', ( #1473 ), #1969 ) ;
#27 = STYLED_ITEM ( 'NONE', ( #303 ), #5881 ) ;
#28 = ORIENTED_EDGE ( 'NONE', *, *, #6976, .T. ) ;
#29 = VERTEX_POINT ( 'NONE', #125 ) ;
#30 = AXIS2_PLACEMENT_3D ( 'NONE', #3048, #5546, #1863 ) ;
#31 = DIRECTION ( 'NONE',  ( -6.505213034913020293E-15, 0.000000000000000000, 1.000000000000000000 ) ) ;
#32 = DIRECTION ( 'NONE',  ( 0.000000000000000000, 0.000000000000000000, 1.000000000000000000 ) ) ;
#33 =( LENGTH_UNIT ( ) NAMED_UNIT ( * ) SI_UNIT ( .MILLI., .METRE. ) );
#34 = COLOUR_RGB ( '',1.000000000000000000, 0.8078431372549019773, 0.4980392156862745168 ) ;
#35 = LINE ( 'NONE', #2528, #3194 ) ;
#36 = CARTESIAN_POINT ( 'NONE',  ( 0.2518468824011987905, 1.200999999999999845, 0.006153015749258711892 ) ) ;
#37 = ORIENTED_EDGE ( 'NONE', *, *, #1240, .T. ) ;
#38 = PLANE ( 'NONE',  #549 ) ;
#39 = LINE ( 'NONE', #3814, #3487 ) ;
#40 =( GEOMETRIC_REPRESENTATION_CONTEXT ( 3 ) GLOBAL_UNCERTAINTY_ASSIGNED_CONTEXT ( ( #7893 ) ) GLOBAL_UNIT_ASSIGNED_CONTEXT ( ( #713, #3237, #791 ) ) REPRESENTATION_CONTEXT ( 'NONE', 'WORKASPACE' ) );
#41 = CARTESIAN_POINT ( 'NONE',  ( 1.350000000000000311, 1.200000000000000178, 0.9999999999999978906 ) ) ;
#42 = CARTESIAN_POINT ( 'NONE',  ( 0.03866644756135717564, 1.200000000000001066, 0.03060355975375017232 ) ) ;
#43 = PLANE ( 'NONE',  #676 ) ;
#44 = EDGE_CURVE ( 'NONE', #4273, #209, #3817, .T. ) ;
#45 = SURFACE_SIDE_STYLE ('',( #6217 ) ) ;
#46 = CARTESIAN_POINT ( 'NONE',  ( -1.500000000000000000, 0.8010000000000000453, -1.149999999999998357 ) ) ;
#47 = CARTESIAN_POINT ( 'NONE',  ( 0.2586508178489526633, 1.201000000000000068, 0.08366764526557586568 ) ) ;
#48 = MECHANICAL_DESIGN_GEOMETRIC_PRESENTATION_REPRESENTATION (  '', ( #6224 ), #5267 ) ;
#49 = CARTESIAN_POINT ( 'NONE',  ( 0.3271804750661250760, 1.201000000000000068, -0.1336516280717638394 ) ) ;
#50 = DIRECTION ( 'NONE',  ( 6.195440985631457289E-16, -0.000000000000000000, 1.000000000000000000 ) ) ;
#51 = DIRECTION ( 'NONE',  ( 1.000000000000000000, -0.000000000000000000, -0.000000000000000000 ) ) ;
#52 = STYLED_ITEM ( 'NONE', ( #785 ), #356 ) ;
#53 = VECTOR ( 'NONE', #2139, 1000.000000000000000 ) ;
#54 = EDGE_CURVE ( 'NONE', #3225, #2184, #1, .T. ) ;
#55 = DIRECTION ( 'NONE',  ( -3.469446951953614189E-16, 0.000000000000000000, 1.000000000000000000 ) ) ;
#56 = AXIS2_PLACEMENT_3D ( 'NONE', #5931, #2188, #865 ) ;
#57 = UNCERTAINTY_MEASURE_WITH_UNIT (LENGTH_MEASURE( 1.000000000000000082E-05 ), #3315, 'distance_accuracy_value', 'NONE');
#58 = LINE ( 'NONE', #3088, #4250 ) ;
#59 = EDGE_LOOP ( 'NONE', ( #6279, #4217, #331, #7871 ) ) ;
#60 = DIRECTION ( 'NONE',  ( -6.195440985631457289E-16, -0.000000000000000000, -1.000000000000000000 ) ) ;
#61 = CARTESIAN_POINT ( 'NONE',  ( -1.600000000000000089, 0.8000000000000000444, -0.3750000000000000000 ) ) ;
#62 = ORIENTED_EDGE ( 'NONE', *, *, #7950, .T. ) ;
#63 = MECHANICAL_DESIGN_GEOMETRIC_PRESENTATION_REPRESENTATION (  '', ( #7148 ), #7681 ) ;
#64 = SURFACE_SIDE_STYLE ('',( #2474 ) ) ;
#65 = VERTEX_POINT ( 'NONE', #7520 ) ;
#66 = B_SPLINE_CURVE_WITH_KNOTS ( 'NONE', 3,
 ( #718, #90, #5155, #6377, #3155, #3435, #2613, #2576, #5732, #7033, #942, #4558, #7692, #6291, #1931, #7601, #5116, #3864, #756 ),
 .UNSPECIFIED., .F., .F.,
 ( 4, 1, 1, 1, 1, 1, 1, 1, 1, 1, 1, 1, 1, 1, 1, 1, 4 ),
 ( 0.000000000000000000, 0.07103632301205789479, 0.1393433396034169935, 0.2049584727025958175, 0.2683315830770487964, 0.3301292609669968514, 0.3906639764805654447, 0.4508614486151501510, 0.5105872658343562076, 0.5703738539616980407, 0.6294550091547358450, 0.6879935230805722668, 0.7475809941037845352, 0.8078387614769660940, 0.8700340388224003796, 0.9338104563665478031, 1.000000000000000000 ),
 .UNSPECIFIED. ) ;
#67 = VECTOR ( 'NONE', #7400, 1000.000000000000000 ) ;
#68 = CARTESIAN_POINT ( 'NONE',  ( -0.03798375865413246288, 1.200000000000000844, 0.04654964834412208402 ) ) ;
#69 = CARTESIAN_POINT ( 'NONE',  ( 0.2207845808280525512, 1.200000000000000178, 0.08366764526557586568 ) ) ;
#70 = VERTEX_POINT ( 'NONE', #2045 ) ;
#71 = CARTESIAN_POINT ( 'NONE',  ( -1.500000000000000000, 0.8007116190140161072, 0.3826798580037987230 ) ) ;
#72 = DIRECTION ( 'NONE',  ( 0.000000000000000000, 1.694065894504886129E-15, -1.000000000000000000 ) ) ;
#73 = ADVANCED_FACE ( 'NONE', ( #3899 ), #2572, .T. ) ;
#74 = EDGE_CURVE ( 'NONE', #2687, #8045, #630, .T. ) ;
#75 = ORIENTED_EDGE ( 'NONE', *, *, #2774, .F. ) ;
#76 = EDGE_LOOP ( 'NONE', ( #3681, #3673, #8090, #4637 ) ) ;
#77 = DIRECTION ( 'NONE',  ( -0.000000000000000000, -1.000000000000000000, -0.000000000000000000 ) ) ;
#78 = AXIS2_PLACEMENT_3D ( 'NONE', #5715, #4456, #5098 ) ;
#79 = CARTESIAN_POINT ( 'NONE',  ( -0.008264994195109499203, 1.201000000000000068, -0.1435297768598247370 ) ) ;
#80 = CARTESIAN_POINT ( 'NONE',  ( -1.500000000000000000, 0.8000660148462321875, -0.3756600321141470578 ) ) ;
#81 = CARTESIAN_POINT ( 'NONE',  ( 0.2468149276040078610, 1.200999999999999845, 0.02220808482966069378 ) ) ;
#82 = ORIENTED_EDGE ( 'NONE', *, *, #2595, .T. ) ;
#83 = DIRECTION ( 'NONE',  ( 0.000000000000000000, 0.000000000000000000, 1.000000000000000000 ) ) ;
#84 = COLOUR_RGB ( '',1.000000000000000000, 0.8078431372549019773, 0.4980392156862745168 ) ;
#85 = DIRECTION ( 'NONE',  ( -0.000000000000000000, -1.000000000000000000, -0.000000000000000000 ) ) ;
#86 = DIRECTION ( 'NONE',  ( -0.000000000000000000, -1.000000000000000000, -0.000000000000000000 ) ) ;
#87 = CARTESIAN_POINT ( 'NONE',  ( 1.599999999999999867, -0.001000000000000024307, -1.249999999999998224 ) ) ;
#88 = CARTESIAN_POINT ( 'NONE',  ( -0.5999999999999995337, 0.2999999999999999889, 1.150000000000000355 ) ) ;
#89 = VECTOR ( 'NONE', #1637, 1000.000000000000000 ) ;
#90 = CARTESIAN_POINT ( 'NONE',  ( -0.08389397865952628874, 1.200000000000000178, -0.1098558620101963840 ) ) ;
#91 = SURFACE_STYLE_FILL_AREA ( #2614 ) ;
#92 = DIRECTION ( 'NONE',  ( 0.000000000000000000, -1.000000000000000000, 0.000000000000000000 ) ) ;
#93 = CARTESIAN_POINT ( 'NONE',  ( 0.04327232407515891471, 1.200000000000000400, -0.003770654169009861681 ) ) ;
#94 = EDGE_CURVE ( 'NONE', #887, #4131, #4099, .T. ) ;
#95 = VECTOR ( 'NONE', #1706, 1000.000000000000000 ) ;
#96 = FILL_AREA_STYLE_COLOUR ( '', #5126 ) ;
#97 = FILL_AREA_STYLE_COLOUR ( '', #1854 ) ;
#98 = DIRECTION ( 'NONE',  ( 0.000000000000000000, 0.000000000000000000, 1.000000000000000000 ) ) ;
#99 = B_SPLINE_SURFACE_WITH_KNOTS ( 'NONE', 3, 1, ( 
 ( #7112, #2578 ),
 ( #1482, #133 ),
 ( #5087, #5860 ),
 ( #258, #2616 ),
 ( #2737, #1967 ),
 ( #1934, #722 ),
 ( #4443, #1328 ),
 ( #3824, #6994 ),
 ( #1368, #6380 ),
 ( #758, #5737 ),
 ( #5118, #4524 ),
 ( #7035, #7227 ),
 ( #5275, #7814 ),
 ( #7935, #6026 ),
 ( #2780, #5391 ) ),
 .UNSPECIFIED., .F., .F., .F.,
 ( 4, 1, 1, 1, 1, 1, 1, 1, 1, 1, 1, 1, 4 ),
 ( 2, 2 ),
 ( 0.000000000000000000, 0.09205398927685794208, 0.1810079047848992539, 0.2691300759875086546, 0.3571374727068740151, 0.4435490135848204618, 0.5264334456319729183, 0.6074529357589963929, 0.6883846385144206659, 0.7678538499318542376, 0.8455305897600622345, 0.9225294439554587722, 0.9999999999999998890 ),
 ( 0.000000000000000000, 1.000000000000000000 ),
 .UNSPECIFIED. ) ;
#100 = FILL_AREA_STYLE ('',( #3912 ) ) ;
#101 = ORIENTED_EDGE ( 'NONE', *, *, #104, .T. ) ;
#102 = DIRECTION ( 'NONE',  ( 0.000000000000000000, 0.000000000000000000, 1.000000000000000000 ) ) ;
#103 = CARTESIAN_POINT ( 'NONE',  ( -1.599999999999999867, 0.8000000000000000444, 1.100000000000002309 ) ) ;
#104 = EDGE_CURVE ( 'NONE', #1791, #3803, #7308, .T. ) ;
#105 = ORIENTED_EDGE ( 'NONE', *, *, #1641, .F. ) ;
#106 = VECTOR ( 'NONE', #4810, 1000.000000000000000 ) ;
#107 = DIRECTION ( 'NONE',  ( -1.000000000000000000, 0.000000000000000000, 0.000000000000000000 ) ) ;
#108 = VECTOR ( 'NONE', #6687, 1000.000000000000000 ) ;
#109 = ORIENTED_EDGE ( 'NONE', *, *, #661, .F. ) ;
#110 = CARTESIAN_POINT ( 'NONE',  ( -0.05433565289376342256, 1.200999999999999845, 0.01320634642549402618 ) ) ;
#111 = CARTESIAN_POINT ( 'NONE',  ( 0.06413495862284951388, 1.201000000000000068, -0.03510315066429803982 ) ) ;
#112 = EDGE_LOOP ( 'NONE', ( #6192, #3470, #6284, #5606 ) ) ;
#113 = DIRECTION ( 'NONE',  ( -0.000000000000000000, -1.000000000000000000, -0.000000000000000000 ) ) ;
#114 = ORIENTED_EDGE ( 'NONE', *, *, #6213, .T. ) ;
#115 = VERTEX_POINT ( 'NONE', #7768 ) ;
#116 = FACE_OUTER_BOUND ( 'NONE', #1574, .T. ) ;
#117 = AXIS2_PLACEMENT_3D ( 'NONE', #5052, #605, #4448 ) ;
#118 =( LENGTH_UNIT ( ) NAMED_UNIT ( * ) SI_UNIT ( .MILLI., .METRE. ) );
#119 =( NAMED_UNIT ( * ) SI_UNIT ( $, .STERADIAN. ) SOLID_ANGLE_UNIT ( ) );
#120 = CARTESIAN_POINT ( 'NONE',  ( -1.500000000000000000, 0.8001980445386964735, -0.3769800963424411733 ) ) ;
#121 = CARTESIAN_POINT ( 'NONE',  ( 1.600000000000000311, 0.2999999999999999889, 1.100000000000001865 ) ) ;
#122 = UNCERTAINTY_MEASURE_WITH_UNIT (LENGTH_MEASURE( 1.000000000000000082E-05 ), #5090, 'distance_accuracy_value', 'NONE');
#123 = ORIENTED_EDGE ( 'NONE', *, *, #4271, .F. ) ;
#124 = PLANE ( 'NONE',  #5297 ) ;
#125 = CARTESIAN_POINT ( 'NONE',  ( -1.500000000000000000, 0.8000000000000000444, 0.3749999999999996669 ) ) ;
#126 = EDGE_CURVE ( 'NONE', #5258, #1742, #3321, .T. ) ;
#127 = PLANE ( 'NONE',  #277 ) ;
#128 = CARTESIAN_POINT ( 'NONE',  ( 1.350000000000000089, 0.8010000000000000453, 1.150999999999998025 ) ) ;
#129 = EDGE_CURVE ( 'NONE', #3509, #6686, #5894, .T. ) ;
#130 = CARTESIAN_POINT ( 'NONE',  ( -1.599999999999998979, 0.2999999999999999889, -1.099999999999997868 ) ) ;
#131 = FACE_OUTER_BOUND ( 'NONE', #824, .T. ) ;
#132 = LINE ( 'NONE', #49, #5778 ) ;
#133 = CARTESIAN_POINT ( 'NONE',  ( -0.005942897313539772207, 1.200000000000000400, -0.1730555562423336524 ) ) ;
#134 = STYLED_ITEM ( 'NONE', ( #6447 ), #8056 ) ;
#135 = UNCERTAINTY_MEASURE_WITH_UNIT (LENGTH_MEASURE( 1.000000000000000082E-05 ), #7606, 'distance_accuracy_value', 'NONE');
#136 = DIRECTION ( 'NONE',  ( -0.000000000000000000, -1.000000000000000000, -0.000000000000000000 ) ) ;
#137 =( NAMED_UNIT ( * ) PLANE_ANGLE_UNIT ( ) SI_UNIT ( $, .RADIAN. ) );
#138 = ORIENTED_EDGE ( 'NONE', *, *, #4033, .T. ) ;
#139 = LINE ( 'NONE', #2625, #2314 ) ;
#140 = SURFACE_STYLE_FILL_AREA ( #767 ) ;
#141 = ORIENTED_EDGE ( 'NONE', *, *, #1358, .T. ) ;
#142 = CARTESIAN_POINT ( 'NONE',  ( 0.06718475536438762996, 1.199999999999999956, -0.03086768890278906996 ) ) ;
#143 = VERTEX_POINT ( 'NONE', #2121 ) ;
#144 = CARTESIAN_POINT ( 'NONE',  ( -1.599999999999999867, 0.000000000000000000, 0.3750000000000000000 ) ) ;
#145 = CARTESIAN_POINT ( 'NONE',  ( 0.03646546018470422923, 1.201000000000000068, -0.02099276114133308280 ) ) ;
#146 = EDGE_CURVE ( 'NONE', #3460, #925, #2732, .T. ) ;
#147 = STYLED_ITEM ( 'NONE', ( #6285 ), #3550 ) ;
#148 =( NAMED_UNIT ( * ) SI_UNIT ( $, .STERADIAN. ) SOLID_ANGLE_UNIT ( ) );
#149 = CARTESIAN_POINT ( 'NONE',  ( 1.350000000000000311, 1.200000000000000178, 0.9999999999999978906 ) ) ;
#150 = STYLED_ITEM ( 'NONE', ( #4781 ), #2049 ) ;
#151 = ORIENTED_EDGE ( 'NONE', *, *, #4417, .F. ) ;
#152 = DIRECTION ( 'NONE',  ( -0.7071067811865475727, 0.000000000000000000, -0.7071067811865475727 ) ) ;
#153 = LINE ( 'NONE', #3727, #1349 ) ;
#154 = AXIS2_PLACEMENT_3D ( 'NONE', #4287, #4124, #2257 ) ;
#155 = VERTEX_POINT ( 'NONE', #5306 ) ;
#156 = VERTEX_POINT ( 'NONE', #993 ) ;
#157 = CARTESIAN_POINT ( 'NONE',  ( -1.499999999999999556, 0.2999999999999999889, 0.5000000000000006661 ) ) ;
#158 = LINE ( 'NONE', #3732, #2527 ) ;
#159 = EDGE_CURVE ( 'NONE', #7333, #6200, #3441, .T. ) ;
#160 = VECTOR ( 'NONE', #6660, 1000.000000000000000 ) ;
#161 = SURFACE_STYLE_FILL_AREA ( #5761 ) ;
#162 = LINE ( 'NONE', #7683, #7816 ) ;
#163 = VERTEX_POINT ( 'NONE', #214 ) ;
#164 = PLANE ( 'NONE',  #7410 ) ;
#165 = EDGE_CURVE ( 'NONE', #7917, #1648, #2697, .T. ) ;
#166 = PRESENTATION_LAYER_ASSIGNMENT (  '', '', ( #3571 ) ) ;
#167 = MECHANICAL_DESIGN_GEOMETRIC_PRESENTATION_REPRESENTATION (  '', ( #27 ), #1729 ) ;
#168 = DIRECTION ( 'NONE',  ( 0.000000000000000000, -1.000000000000000000, 0.000000000000000000 ) ) ;
#169 = CARTESIAN_POINT ( 'NONE',  ( 0.04390973248136773727, 1.200000000000000400, 0.01141966710585452273 ) ) ;
#170 = CARTESIAN_POINT ( 'NONE',  ( -0.08006602691381793646, 1.199999999999999956, 0.04366728661411512641 ) ) ;
#171 = CIRCLE ( 'NONE', #2247, 0.1509999999999999953 ) ;
#172 = SURFACE_STYLE_USAGE ( .BOTH. , #6412 ) ;
#173 = DIRECTION ( 'NONE',  ( 0.000000000000000000, -0.000000000000000000, 1.000000000000000000 ) ) ;
#174 = FILL_AREA_STYLE ('',( #1519 ) ) ;
#175 = DIRECTION ( 'NONE',  ( 0.9950371902099891530, 0.000000000000000000, -0.09950371902099866550 ) ) ;
#176 = CARTESIAN_POINT ( 'NONE',  ( 0.02701080828233819175, 1.200000000000000178, -0.03137519368045488255 ) ) ;
#177 = AXIS2_PLACEMENT_3D ( 'NONE', #8133, #2985, #5571 ) ;
#178 = EDGE_CURVE ( 'NONE', #5912, #5022, #3482, .T. ) ;
#179 = VECTOR ( 'NONE', #1449, 1000.000000000000000 ) ;
#180 = CARTESIAN_POINT ( 'NONE',  ( -0.4762422930294945012, 1.200000000000000178, -0.03157742392846793478 ) ) ;
#181 = VECTOR ( 'NONE', #7688, 1000.000000000000000 ) ;
#182 = CARTESIAN_POINT ( 'NONE',  ( 1.500000000000000222, 1.050000000000000044, -1.149999999999998357 ) ) ;
#183 = CARTESIAN_POINT ( 'NONE',  ( 1.500000000000000222, 1.200000000000000178, -0.9999999999999986677 ) ) ;
#184 = ORIENTED_EDGE ( 'NONE', *, *, #5383, .F. ) ;
#185 = FACE_OUTER_BOUND ( 'NONE', #6812, .T. ) ;
#186 = CARTESIAN_POINT ( 'NONE',  ( 1.500000000000000444, 0.8000000000000000444, 0.3750000000000001110 ) ) ;
#187 = UNCERTAINTY_MEASURE_WITH_UNIT (LENGTH_MEASURE( 1.000000000000000082E-05 ), #7045, 'distance_accuracy_value', 'NONE');
#188 = MECHANICAL_DESIGN_GEOMETRIC_PRESENTATION_REPRESENTATION (  '', ( #3857 ), #3592 ) ;
#189 = EDGE_LOOP ( 'NONE', ( #7352, #577, #5016, #1583 ) ) ;
#190 = VECTOR ( 'NONE', #3011, 1000.000000000000000 ) ;
#191 = LINE ( 'NONE', #3297, #2791 ) ;
#192 = ORIENTED_EDGE ( 'NONE', *, *, #3530, .T. ) ;
#193 = DIRECTION ( 'NONE',  ( 0.000000000000000000, 1.000000000000000000, 0.000000000000000000 ) ) ;
#194 = CARTESIAN_POINT ( 'NONE',  ( 0.0009268468666852118206, 1.201000000000000068, -0.04154729640095634197 ) ) ;
#195 = VECTOR ( 'NONE', #5834, 1000.000000000000000 ) ;
#196 =( NAMED_UNIT ( * ) SI_UNIT ( $, .STERADIAN. ) SOLID_ANGLE_UNIT ( ) );
#197 = CARTESIAN_POINT ( 'NONE',  ( 0.07693403910191567996, 1.201000000000000068, 0.006391710475641142024 ) ) ;
#198 = ORIENTED_EDGE ( 'NONE', *, *, #642, .F. ) ;
#199 = CARTESIAN_POINT ( 'NONE',  ( -1.500000000000000000, 0.8005663796883338845, 0.3807777774300721285 ) ) ;
#200 = DIRECTION ( 'NONE',  ( 0.000000000000000000, -1.000000000000000000, 0.000000000000000000 ) ) ;
#201 = MECHANICAL_DESIGN_GEOMETRIC_PRESENTATION_REPRESENTATION (  '', ( #1256 ), #1759 ) ;
#202 = VERTEX_POINT ( 'NONE', #5227 ) ;
#203 = VERTEX_POINT ( 'NONE', #5980 ) ;
#204 = EDGE_CURVE ( 'NONE', #5144, #5094, #4699, .T. ) ;
#205 = DIRECTION ( 'NONE',  ( -0.000000000000000000, 1.000000000000000000, -0.000000000000000000 ) ) ;
#206 = SURFACE_STYLE_FILL_AREA ( #981 ) ;
#207 = CARTESIAN_POINT ( 'NONE',  ( 0.6000000000000004219, 0.2999999999999999889, 1.150000000000000133 ) ) ;
#208 = CARTESIAN_POINT ( 'NONE',  ( -0.08676367965047014630, 1.200999999999999845, 0.02227764427719212265 ) ) ;
#209 = VERTEX_POINT ( 'NONE', #336 ) ;
#210 = CARTESIAN_POINT ( 'NONE',  ( 1.500000000000000222, 1.050000000000000044, 0.9999999999999981126 ) ) ;
#211 = ADVANCED_FACE ( 'NONE', ( #7889 ), #3399, .F. ) ;
#212 = VECTOR ( 'NONE', #4764, 1000.000000000000000 ) ;
#213 = CARTESIAN_POINT ( 'NONE',  ( -0.03651607122138197242, 1.201000000000000068, -0.1689322973932892713 ) ) ;
#214 = CARTESIAN_POINT ( 'NONE',  ( -0.009293968027199152326, 1.200000000000000178, -0.1731642232240074575 ) ) ;
#215 = DIRECTION ( 'NONE',  ( 0.000000000000000000, 0.000000000000000000, 1.000000000000000000 ) ) ;
#216 =( GEOMETRIC_REPRESENTATION_CONTEXT ( 3 ) GLOBAL_UNCERTAINTY_ASSIGNED_CONTEXT ( ( #6827 ) ) GLOBAL_UNIT_ASSIGNED_CONTEXT ( ( #2078, #7102, #4691 ) ) REPRESENTATION_CONTEXT ( 'NONE', 'WORKASPACE' ) );
#217 = FACE_OUTER_BOUND ( 'NONE', #5099, .T. ) ;
#218 = LINE ( 'NONE', #7110, #6701 ) ;
#219 = LINE ( 'NONE', #2700, #953 ) ;
#220 = DIRECTION ( 'NONE',  ( -0.000000000000000000, -1.000000000000000000, -0.000000000000000000 ) ) ;
#221 = FACE_OUTER_BOUND ( 'NONE', #5742, .T. ) ;
#222 = EDGE_CURVE ( 'NONE', #4284, #6357, #7808, .T. ) ;
#223 = PRESENTATION_STYLE_ASSIGNMENT (( #1526 ) ) ;
#224 = LINE ( 'NONE', #3250, #3858 ) ;
#225 = ORIENTED_EDGE ( 'NONE', *, *, #1409, .F. ) ;
#226 = FACE_OUTER_BOUND ( 'NONE', #7797, .T. ) ;
#227 = CARTESIAN_POINT ( 'NONE',  ( 0.04320614403361354439, 1.201000000000000068, 0.01654837404462890238 ) ) ;
#228 = AXIS2_PLACEMENT_3D ( 'NONE', #6432, #5792, #2679 ) ;
#229 = ORIENTED_EDGE ( 'NONE', *, *, #347, .F. ) ;
#230 = DIRECTION ( 'NONE',  ( 0.000000000000000000, -0.000000000000000000, 1.000000000000000000 ) ) ;
#231 = EDGE_LOOP ( 'NONE', ( #3101, #3031, #2875, #486 ) ) ;
#232 = CARTESIAN_POINT ( 'NONE',  ( -0.04430353207501544488, 1.199999999999999956, -0.1248503367620449750 ) ) ;
#233 = EDGE_CURVE ( 'NONE', #1183, #5710, #1193, .T. ) ;
#234 = VECTOR ( 'NONE', #6605, 1000.000000000000000 ) ;
#235 =( NAMED_UNIT ( * ) SI_UNIT ( $, .STERADIAN. ) SOLID_ANGLE_UNIT ( ) );
#236 = EDGE_CURVE ( 'NONE', #5213, #3684, #1034, .T. ) ;
#237 = CARTESIAN_POINT ( 'NONE',  ( -0.01393100994911279991, 1.200000000000000400, -0.04078598994165809344 ) ) ;
#238 = FACE_OUTER_BOUND ( 'NONE', #7082, .T. ) ;
#239 = ORIENTED_EDGE ( 'NONE', *, *, #4875, .T. ) ;
#240 = LINE ( 'NONE', #2758, #7822 ) ;
#241 = DIRECTION ( 'NONE',  ( -0.000000000000000000, -1.000000000000000000, -0.000000000000000000 ) ) ;
#242 = ORIENTED_EDGE ( 'NONE', *, *, #7201, .T. ) ;
#243 = VECTOR ( 'NONE', #1736, 1000.000000000000000 ) ;
#244 = VERTEX_POINT ( 'NONE', #1634 ) ;
#245 = DIRECTION ( 'NONE',  ( -0.000000000000000000, 0.000000000000000000, -1.000000000000000000 ) ) ;
#246 = AXIS2_PLACEMENT_3D ( 'NONE', #7800, #3473, #6595 ) ;
#247 = FILL_AREA_STYLE ('',( #7839 ) ) ;
#248 = DIRECTION ( 'NONE',  ( -0.7071067811865483499, 0.000000000000000000, -0.7071067811865466846 ) ) ;
#249 = ORIENTED_EDGE ( 'NONE', *, *, #7885, .T. ) ;
#250 = PLANE ( 'NONE',  #6850 ) ;
#251 = DIRECTION ( 'NONE',  ( -0.2990981086500769104, 0.000000000000000000, -0.9542223647567409373 ) ) ;
#252 = DIRECTION ( 'NONE',  ( -0.000000000000000000, -1.000000000000000000, -0.000000000000000000 ) ) ;
#253 = CARTESIAN_POINT ( 'NONE',  ( 0.03080964797892494014, 1.200000000000000622, -0.1051796340550136682 ) ) ;
#254 = PRESENTATION_STYLE_ASSIGNMENT (( #3280 ) ) ;
#255 = ADVANCED_FACE ( 'NONE', ( #2359 ), #2891, .T. ) ;
#256 = CYLINDRICAL_SURFACE ( 'NONE', #7887, 0.1500000000000001887 ) ;
#257 = FACE_OUTER_BOUND ( 'NONE', #388, .T. ) ;
#258 = CARTESIAN_POINT ( 'NONE',  ( 0.01032452032007016157, 1.201000000000000290, -0.1711448538520397300 ) ) ;
#259 = CARTESIAN_POINT ( 'NONE',  ( 0.02271710421901379853, 1.199999999999999956, 0.04910403478154545115 ) ) ;
#260 = DIRECTION ( 'NONE',  ( 0.000000000000000000, 0.000000000000000000, 1.000000000000000000 ) ) ;
#261 = EDGE_CURVE ( 'NONE', #11, #3507, #5113, .T. ) ;
#262 = DIRECTION ( 'NONE',  ( 0.000000000000000000, -0.000000000000000000, -1.000000000000000000 ) ) ;
#263 = CARTESIAN_POINT ( 'NONE',  ( 0.04979114439602683184, 1.201000000000000068, -0.1476376776585256456 ) ) ;
#264 = SURFACE_STYLE_FILL_AREA ( #5128 ) ;
#265 = ORIENTED_EDGE ( 'NONE', *, *, #1338, .F. ) ;
#266 = CARTESIAN_POINT ( 'NONE',  ( 1.500000000000000888, 0.8004788673774991814, 0.3797525647471266530 ) ) ;
#267 = EDGE_CURVE ( 'NONE', #7291, #6765, #1673, .T. ) ;
#268 = ORIENTED_EDGE ( 'NONE', *, *, #4794, .T. ) ;
#269 = CARTESIAN_POINT ( 'NONE',  ( -0.009293968027199152326, 1.201000000000000068, -0.1731642232240074575 ) ) ;
#270 = VERTEX_POINT ( 'NONE', #539 ) ;
#271 = CARTESIAN_POINT ( 'NONE',  ( 0.04068862752827270141, 1.201000000000000290, -0.01281567348377538398 ) ) ;
#272 = SURFACE_SIDE_STYLE ('',( #1386 ) ) ;
#273 = ORIENTED_EDGE ( 'NONE', *, *, #5647, .T. ) ;
#274 = DIRECTION ( 'NONE',  ( -0.000000000000000000, 1.000000000000000000, -0.000000000000000000 ) ) ;
#275 = CARTESIAN_POINT ( 'NONE',  ( 0.000000000000000000, 1.201000000000000068, 0.000000000000000000 ) ) ;
#276 = AXIS2_PLACEMENT_3D ( 'NONE', #5953, #7940, #1645 ) ;
#277 = AXIS2_PLACEMENT_3D ( 'NONE', #3153, #3239, #1440 ) ;
#278 = EDGE_CURVE ( 'NONE', #2693, #3191, #4185, .T. ) ;
#279 = EDGE_LOOP ( 'NONE', ( #6600, #657, #389 ) ) ;
#280 = ORIENTED_EDGE ( 'NONE', *, *, #2713, .T. ) ;
#281 = EDGE_CURVE ( 'NONE', #5472, #7248, #4911, .T. ) ;
#282 = FACE_OUTER_BOUND ( 'NONE', #6674, .T. ) ;
#283 = DIRECTION ( 'NONE',  ( 1.000000000000000000, 0.000000000000000000, -0.000000000000000000 ) ) ;
#284 = COLOUR_RGB ( '',1.000000000000000000, 0.8078431372549019773, 0.4980392156862745168 ) ;
#285 =( GEOMETRIC_REPRESENTATION_CONTEXT ( 3 ) GLOBAL_UNCERTAINTY_ASSIGNED_CONTEXT ( ( #6762 ) ) GLOBAL_UNIT_ASSIGNED_CONTEXT ( ( #6365, #6402, #7592 ) ) REPRESENTATION_CONTEXT ( 'NONE', 'WORKASPACE' ) );
#286 = CARTESIAN_POINT ( 'NONE',  ( -0.05720786773054815227, 1.201000000000000068, 0.07159607653475276445 ) ) ;
#287 = ORIENTED_EDGE ( 'NONE', *, *, #6213, .F. ) ;
#288 = CARTESIAN_POINT ( 'NONE',  ( -1.599999999999998979, -0.001000000000000024307, -1.099999999999997868 ) ) ;
#289 =( NAMED_UNIT ( * ) PLANE_ANGLE_UNIT ( ) SI_UNIT ( $, .RADIAN. ) );
#290 = COLOUR_RGB ( '',0.2509803921568627416, 0.2509803921568627416, 0.2509803921568627416 ) ;
#291 = APPLICATION_CONTEXT ( 'automotive_design' ) ;
#292 = CARTESIAN_POINT ( 'NONE',  ( -0.03651607122138197242, 1.200000000000000178, -0.1689322973932892713 ) ) ;
#293 = CARTESIAN_POINT ( 'NONE',  ( 1.600000000000000755, 0.2999999999999999889, 1.250000000000001776 ) ) ;
#294 = VECTOR ( 'NONE', #1423, 1000.000000000000000 ) ;
#295 = CARTESIAN_POINT ( 'NONE',  ( 0.0003085799162202997308, 1.201000000000000068, -0.06966411381468699815 ) ) ;
#296 = SURFACE_STYLE_FILL_AREA ( #6571 ) ;
#297 = VECTOR ( 'NONE', #175, 1000.000000000000114 ) ;
#298 =( GEOMETRIC_REPRESENTATION_CONTEXT ( 3 ) GLOBAL_UNCERTAINTY_ASSIGNED_CONTEXT ( ( #5169 ) ) GLOBAL_UNIT_ASSIGNED_CONTEXT ( ( #2771, #2116, #4695 ) ) REPRESENTATION_CONTEXT ( 'NONE', 'WORKASPACE' ) );
#299 = VECTOR ( 'NONE', #3869, 1000.000000000000000 ) ;
#300 = AXIS2_PLACEMENT_3D ( 'NONE', #523, #3670, #4206 ) ;
#301 = DIRECTION ( 'NONE',  ( -0.000000000000000000, -1.000000000000000000, -0.000000000000000000 ) ) ;
#302 = EDGE_CURVE ( 'NONE', #4241, #65, #3562, .T. ) ;
#303 = PRESENTATION_STYLE_ASSIGNMENT (( #5904 ) ) ;
#304 = PLANE ( 'NONE',  #5009 ) ;
#305 = CARTESIAN_POINT ( 'NONE',  ( 0.05479314643531289775, 1.200999999999999845, -0.1403788274795657598 ) ) ;
#306 = PLANE ( 'NONE',  #3303 ) ;
#307 = ORIENTED_EDGE ( 'NONE', *, *, #1018, .T. ) ;
#308 = FACE_OUTER_BOUND ( 'NONE', #1383, .T. ) ;
#309 = CARTESIAN_POINT ( 'NONE',  ( -0.04430353207501544488, 1.200999999999999845, -0.1248503367620449750 ) ) ;
#310 = VERTEX_POINT ( 'NONE', #3649 ) ;
#311 = EDGE_CURVE ( 'NONE', #3595, #2062, #2450, .T. ) ;
#312 = AXIS2_PLACEMENT_3D ( 'NONE', #1413, #3209, #5704 ) ;
#313 = VECTOR ( 'NONE', #8010, 1000.000000000000000 ) ;
#314 = VERTEX_POINT ( 'NONE', #6067 ) ;
#315 = CARTESIAN_POINT ( 'NONE',  ( -0.2325812895906590461, 1.201000000000000068, -0.1435297768598247370 ) ) ;
#316 = CARTESIAN_POINT ( 'NONE',  ( 1.600000000000000533, 0.000000000000000000, -1.100000000000001421 ) ) ;
#317 = CARTESIAN_POINT ( 'NONE',  ( -0.01393100994911279991, 1.201000000000000290, -0.04078598994165809344 ) ) ;
#318 =( NAMED_UNIT ( * ) SI_UNIT ( $, .STERADIAN. ) SOLID_ANGLE_UNIT ( ) );
#319 = SURFACE_SIDE_STYLE ('',( #6672 ) ) ;
#320 = CARTESIAN_POINT ( 'NONE',  ( 0.05298187109609471535, 1.200000000000000178, 0.06364743310445773739 ) ) ;
#321 = AXIS2_PLACEMENT_3D ( 'NONE', #2524, #1995, #3185 ) ;
#322 = VERTEX_POINT ( 'NONE', #2279 ) ;
#323 = VECTOR ( 'NONE', #7923, 1000.000000000000000 ) ;
#324 = ORIENTED_EDGE ( 'NONE', *, *, #3255, .T. ) ;
#325 = CARTESIAN_POINT ( 'NONE',  ( 1.500000000000000444, 0.8009948151974898289, -0.3843925651941773047 ) ) ;
#326 = AXIS2_PLACEMENT_3D ( 'NONE', #7049, #1207, #3616 ) ;
#327 = DIRECTION ( 'NONE',  ( 0.000000000000000000, 0.000000000000000000, 1.000000000000000000 ) ) ;
#328 = EDGE_CURVE ( 'NONE', #5934, #4184, #2318, .T. ) ;
#329 = PRESENTATION_LAYER_ASSIGNMENT (  '', '', ( #1256 ) ) ;
#330 = LINE ( 'NONE', #1404, #5035 ) ;
#331 = ORIENTED_EDGE ( 'NONE', *, *, #3350, .T. ) ;
#332 = LINE ( 'NONE', #5976, #3867 ) ;
#333 = DIRECTION ( 'NONE',  ( 1.000000000000000000, 0.000000000000000000, -0.000000000000000000 ) ) ;
#334 = VECTOR ( 'NONE', #6151, 1000.000000000000000 ) ;
#335 = CARTESIAN_POINT ( 'NONE',  ( -0.01171484549608728387, 1.201000000000000068, -0.1731223729965914448 ) ) ;
#336 = CARTESIAN_POINT ( 'NONE',  ( 1.500000000000000444, 0.000000000000000000, 0.5000000000000003331 ) ) ;
#337 = CARTESIAN_POINT ( 'NONE',  ( -0.008351362009310173487, 1.200000000000000400, -0.06777957974068361813 ) ) ;
#338 =( NAMED_UNIT ( * ) SI_UNIT ( $, .STERADIAN. ) SOLID_ANGLE_UNIT ( ) );
#339 = DIRECTION ( 'NONE',  ( -3.469446951953614189E-16, 0.000000000000000000, 1.000000000000000000 ) ) ;
#340 = CARTESIAN_POINT ( 'NONE',  ( 1.350000000000000089, 0.8000000000000000444, -0.9999999999999985567 ) ) ;
#341 = AXIS2_PLACEMENT_3D ( 'NONE', #6392, #5291, #2755 ) ;
#342 = CARTESIAN_POINT ( 'NONE',  ( 0.5753689633661550618, 1.201000000000000068, 0.08366764526557586568 ) ) ;
#343 = CARTESIAN_POINT ( 'NONE',  ( -0.8999999999999995781, 0.2999999999999999889, 0.5000000000000006661 ) ) ;
#344 = CARTESIAN_POINT ( 'NONE',  ( -0.1140435041339282612, 1.201000000000000068, -0.1435297768598247370 ) ) ;
#345 = FILL_AREA_STYLE ('',( #4756 ) ) ;
#346 = DIRECTION ( 'NONE',  ( 0.000000000000000000, -0.000000000000000000, -1.000000000000000000 ) ) ;
#347 = EDGE_CURVE ( 'NONE', #1157, #5889, #4825, .T. ) ;
#348 = ORIENTED_EDGE ( 'NONE', *, *, #6647, .F. ) ;
#349 = ORIENTED_EDGE ( 'NONE', *, *, #6164, .F. ) ;
#350 = CARTESIAN_POINT ( 'NONE',  ( 1.500000000000000222, 1.200000000000000178, -1.149999999999998357 ) ) ;
#351 = CARTESIAN_POINT ( 'NONE',  ( 0.007378846931168720792, 1.201000000000000068, -0.1409561995324493389 ) ) ;
#352 = PRESENTATION_LAYER_ASSIGNMENT (  '', '', ( #2561 ) ) ;
#353 = EDGE_CURVE ( 'NONE', #7324, #7787, #1757, .T. ) ;
#354 = CARTESIAN_POINT ( 'NONE',  ( -0.5124621719190511904, 1.200000000000000178, 0.08366764526557586568 ) ) ;
#355 =( NAMED_UNIT ( * ) PLANE_ANGLE_UNIT ( ) SI_UNIT ( $, .RADIAN. ) );
#356 = ADVANCED_FACE ( 'NONE', ( #4307 ), #7551, .T. ) ;
#357 = CARTESIAN_POINT ( 'NONE',  ( 0.01958159992391287144, 1.200000000000000622, -0.1683599970428358017 ) ) ;
#358 = SURFACE_STYLE_FILL_AREA ( #2260 ) ;
#359 = ORIENTED_EDGE ( 'NONE', *, *, #862, .F. ) ;
#360 = ORIENTED_EDGE ( 'NONE', *, *, #6799, .F. ) ;
#361 = CIRCLE ( 'NONE', #3236, 0.1000000000000001027 ) ;
#362 = ORIENTED_EDGE ( 'NONE', *, *, #7274, .F. ) ;
#363 = LINE ( 'NONE', #1575, #1486 ) ;
#364 = SURFACE_SIDE_STYLE ('',( #5260 ) ) ;
#365 = EDGE_CURVE ( 'NONE', #2070, #6099, #158, .T. ) ;
#366 =( LENGTH_UNIT ( ) NAMED_UNIT ( * ) SI_UNIT ( .MILLI., .METRE. ) );
#367 = DIRECTION ( 'NONE',  ( 0.000000000000000000, -1.000000000000000000, 0.000000000000000000 ) ) ;
#368 = LINE ( 'NONE', #941, #5831 ) ;
#369 = CARTESIAN_POINT ( 'NONE',  ( 0.2518468824011987905, 1.200999999999999845, 0.006153015749258711892 ) ) ;
#370 = VERTEX_POINT ( 'NONE', #1238 ) ;
#371 = CARTESIAN_POINT ( 'NONE',  ( -1.349999999999998312, 0.2999999999999999889, 1.150000000000000355 ) ) ;
#372 =( NAMED_UNIT ( * ) SI_UNIT ( $, .STERADIAN. ) SOLID_ANGLE_UNIT ( ) );
#373 = VECTOR ( 'NONE', #4758, 1000.000000000000000 ) ;
#374 = CARTESIAN_POINT ( 'NONE',  ( -0.04835998948107996659, 1.200999999999999845, -0.1635698657294747949 ) ) ;
#375 = FILL_AREA_STYLE_COLOUR ( '', #4020 ) ;
#376 = CARTESIAN_POINT ( 'NONE',  ( 0.008515664985498062542, 1.199999999999999734, -0.07263125186875712958 ) ) ;
#377 = DIRECTION ( 'NONE',  ( -0.000000000000000000, 1.000000000000000000, -0.000000000000000000 ) ) ;
#378 = LINE ( 'NONE', #1636, #6952 ) ;
#379 = CARTESIAN_POINT ( 'NONE',  ( 0.2485381844605222268, 1.200000000000000622, 0.01647846319848651070 ) ) ;
#380 = EDGE_CURVE ( 'NONE', #6784, #155, #4950, .T. ) ;
#381 = CARTESIAN_POINT ( 'NONE',  ( 1.350000000000000311, 0.8000000000000000444, 0.9999999999999981126 ) ) ;
#382 = ADVANCED_FACE ( 'NONE', ( #7632 ), #3849, .F. ) ;
#383 = VECTOR ( 'NONE', #5743, 1000.000000000000000 ) ;
#384 = DIRECTION ( 'NONE',  ( 0.000000000000000000, 1.000000000000000000, 0.000000000000000000 ) ) ;
#385 = FILL_AREA_STYLE ('',( #1686 ) ) ;
#386 = CARTESIAN_POINT ( 'NONE',  ( 0.6000000000000000888, 0.000000000000000000, -1.149999999999999245 ) ) ;
#387 = LINE ( 'NONE', #2789, #1935 ) ;
#388 = EDGE_LOOP ( 'NONE', ( #5502, #6107, #3922, #1135 ) ) ;
#389 = ORIENTED_EDGE ( 'NONE', *, *, #5793, .T. ) ;
#390 = CARTESIAN_POINT ( 'NONE',  ( -0.006856865338525182894, 1.199999999999999956, -0.1435064214064319665 ) ) ;
#391 = CARTESIAN_POINT ( 'NONE',  ( -0.4762422930294945012, 1.201000000000000068, -0.1435297768598247370 ) ) ;
#392 = FILL_AREA_STYLE_COLOUR ( '', #6648 ) ;
#393 = CARTESIAN_POINT ( 'NONE',  ( -1.449999999999999956, 0.2999999999999998779, 1.250000000000002220 ) ) ;
#394 = ORIENTED_EDGE ( 'NONE', *, *, #1463, .T. ) ;
#395 = ORIENTED_EDGE ( 'NONE', *, *, #6746, .F. ) ;
#396 = ORIENTED_EDGE ( 'NONE', *, *, #1214, .F. ) ;
#397 = LINE ( 'NONE', #4901, #2261 ) ;
#398 = EDGE_CURVE ( 'NONE', #1205, #5799, #5415, .T. ) ;
#399 = ORIENTED_EDGE ( 'NONE', *, *, #365, .T. ) ;
#400 = VECTOR ( 'NONE', #4100, 1000.000000000000000 ) ;
#401 = CARTESIAN_POINT ( 'NONE',  ( 0.2525284235480190764, 1.201000000000000068, 0.003973621970230402194 ) ) ;
#402 = CARTESIAN_POINT ( 'NONE',  ( 0.05856008770056402718, 1.201000000000000290, 0.05767116176649229875 ) ) ;
#403 = ORIENTED_EDGE ( 'NONE', *, *, #1403, .F. ) ;
#404 = UNCERTAINTY_MEASURE_WITH_UNIT (LENGTH_MEASURE( 1.000000000000000082E-05 ), #1627, 'distance_accuracy_value', 'NONE');
#405 = CARTESIAN_POINT ( 'NONE',  ( 0.3634003539556817652, 1.201000000000000068, -0.1731642232240074575 ) ) ;
#406 =( NAMED_UNIT ( * ) SI_UNIT ( $, .STERADIAN. ) SOLID_ANGLE_UNIT ( ) );
#407 = COLOUR_RGB ( '',1.000000000000000000, 0.8078431372549019773, 0.4980392156862745168 ) ;
#408 = ADVANCED_FACE ( 'NONE', ( #748 ), #3370, .T. ) ;
#409 = LINE ( 'NONE', #7222, #4846 ) ;
#410 = CARTESIAN_POINT ( 'NONE',  ( 0.02872661506851431623, 1.200000000000000178, -0.05694162888947846418 ) ) ;
#411 = DIRECTION ( 'NONE',  ( -0.000000000000000000, -1.000000000000000000, -0.000000000000000000 ) ) ;
#412 = DIRECTION ( 'NONE',  ( -0.000000000000000000, -1.000000000000000000, -0.000000000000000000 ) ) ;
#413 = UNCERTAINTY_MEASURE_WITH_UNIT (LENGTH_MEASURE( 1.000000000000000082E-05 ), #5845, 'distance_accuracy_value', 'NONE');
#414 =( GEOMETRIC_REPRESENTATION_CONTEXT ( 3 ) GLOBAL_UNCERTAINTY_ASSIGNED_CONTEXT ( ( #7229 ) ) GLOBAL_UNIT_ASSIGNED_CONTEXT ( ( #7748, #4003, #235 ) ) REPRESENTATION_CONTEXT ( 'NONE', 'WORKASPACE' ) );
#415 = VERTEX_POINT ( 'NONE', #1506 ) ;
#416 = CARTESIAN_POINT ( 'NONE',  ( -1.099999999999998979, 1.201000000000000068, 0.8625000000000025979 ) ) ;
#417 = PLANE ( 'NONE',  #6729 ) ;
#418 =( NAMED_UNIT ( * ) SI_UNIT ( $, .STERADIAN. ) SOLID_ANGLE_UNIT ( ) );
#419 = FACE_OUTER_BOUND ( 'NONE', #1745, .T. ) ;
#420 = ADVANCED_FACE ( 'NONE', ( #7211 ), #2725, .F. ) ;
#421 = DIRECTION ( 'NONE',  ( 0.7071067811865483499, 0.000000000000000000, 0.7071067811865466846 ) ) ;
#422 = VECTOR ( 'NONE', #7321, 1000.000000000000000 ) ;
#423 = CARTESIAN_POINT ( 'NONE',  ( 0.4160838141586731265, 1.200000000000000178, 0.08366764526557586568 ) ) ;
#424 = ADVANCED_FACE ( 'NONE', ( #820 ), #6488, .T. ) ;
#425 = CIRCLE ( 'NONE', #1117, 0.001000000000000024307 ) ;
#426 = ORIENTED_EDGE ( 'NONE', *, *, #6751, .F. ) ;
#427 = VECTOR ( 'NONE', #4237, 1000.000000000000000 ) ;
#428 = VECTOR ( 'NONE', #6126, 1000.000000000000000 ) ;
#429 = ORIENTED_EDGE ( 'NONE', *, *, #7619, .F. ) ;
#430 = CARTESIAN_POINT ( 'NONE',  ( 0.06348708085121013145, 1.200000000000001066, 0.05131037806356572584 ) ) ;
#431 = FILL_AREA_STYLE ('',( #6044 ) ) ;
#432 = DIRECTION ( 'NONE',  ( 1.000000000000000000, -0.000000000000000000, -0.000000000000000000 ) ) ;
#433 = FACE_OUTER_BOUND ( 'NONE', #6707, .T. ) ;
#434 = CARTESIAN_POINT ( 'NONE',  ( 1.350000000000000089, 1.200000000000000178, 1.149999999999997913 ) ) ;
#435 = FILL_AREA_STYLE_COLOUR ( '', #4998 ) ;
#436 = AXIS2_PLACEMENT_3D ( 'NONE', #4314, #2656, #669 ) ;
#437 = VERTEX_POINT ( 'NONE', #5969 ) ;
#438 = ORIENTED_EDGE ( 'NONE', *, *, #5315, .F. ) ;
#439 = ORIENTED_EDGE ( 'NONE', *, *, #3247, .F. ) ;
#440 = CARTESIAN_POINT ( 'NONE',  ( -1.500000000000000000, 0.8010000000000000453, 0.3633922526788862517 ) ) ;
#441 = ORIENTED_EDGE ( 'NONE', *, *, #278, .F. ) ;
#442 = CIRCLE ( 'NONE', #4889, 0.1000000000000001027 ) ;
#443 = CARTESIAN_POINT ( 'NONE',  ( -0.2325812895906590461, 1.201000000000000068, 0.08366764526557586568 ) ) ;
#444 = CARTESIAN_POINT ( 'NONE',  ( -0.007801955970669150267, 1.201000000000000068, 0.08696036152826282228 ) ) ;
#445 = EDGE_LOOP ( 'NONE', ( #7060, #2215, #3094 ) ) ;
#446 = DIRECTION ( 'NONE',  ( 0.000000000000000000, 0.000000000000000000, -1.000000000000000000 ) ) ;
#447 = LINE ( 'NONE', #2405, #2880 ) ;
#448 = ADVANCED_FACE ( 'NONE', ( #2647 ), #5299, .T. ) ;
#449 = ORIENTED_EDGE ( 'NONE', *, *, #4171, .F. ) ;
#450 = B_SPLINE_CURVE_WITH_KNOTS ( 'NONE', 3,
 ( #5466, #8039, #4777, #7297, #7339, #3641, #6806, #3012, #1665, #4178, #1068 ),
 .UNSPECIFIED., .F., .F.,
 ( 4, 1, 1, 1, 1, 1, 1, 1, 4 ),
 ( 0.000000000000000000, 0.1625255217041872979, 0.3143148980392372338, 0.4549784905465751872, 0.5845192373661998175, 0.7045671033090731283, 0.8134949897289289744, 0.9116812596826070481, 1.000000000000000000 ),
 .UNSPECIFIED. ) ;
#451 = STYLED_ITEM ( 'NONE', ( #6430 ), #7709 ) ;
#452 = CARTESIAN_POINT ( 'NONE',  ( -1.500000000000000000, 0.8000000000000431211, -0.3608932640206372611 ) ) ;
#453 = CARTESIAN_POINT ( 'NONE',  ( -0.01953889532721897471, 1.200000000000000622, -0.03973531993225856013 ) ) ;
#454 = SURFACE_STYLE_USAGE ( .BOTH. , #6069 ) ;
#455 = PRESENTATION_LAYER_ASSIGNMENT (  '', '', ( #3985 ) ) ;
#456 = CARTESIAN_POINT ( 'NONE',  ( -0.8999999999999995781, 0.000000000000000000, 0.5000000000000006661 ) ) ;
#457 = ORIENTED_EDGE ( 'NONE', *, *, #1284, .T. ) ;
#458 = DIRECTION ( 'NONE',  ( 1.000000000000000000, 0.000000000000000000, 0.000000000000000000 ) ) ;
#459 = EDGE_CURVE ( 'NONE', #7183, #4804, #2076, .T. ) ;
#460 = PRESENTATION_STYLE_ASSIGNMENT (( #4630 ) ) ;
#461 = B_SPLINE_CURVE_WITH_KNOTS ( 'NONE', 3,
 ( #1103, #2967, #7421, #8034, #4334 ),
 .UNSPECIFIED., .F., .F.,
 ( 4, 1, 4 ),
 ( 0.000000000000000000, 0.5660412240200516365, 0.9999999999999998890 ),
 .UNSPECIFIED. ) ;
#462 = VECTOR ( 'NONE', #5149, 1000.000000000000000 ) ;
#463 = LINE ( 'NONE', #5436, #712 ) ;
#464 = ORIENTED_EDGE ( 'NONE', *, *, #7731, .F. ) ;
#465 = ORIENTED_EDGE ( 'NONE', *, *, #2097, .F. ) ;
#466 = CARTESIAN_POINT ( 'NONE',  ( 0.000000000000000000, 1.201000000000000068, 0.000000000000000000 ) ) ;
#467 =( NAMED_UNIT ( * ) PLANE_ANGLE_UNIT ( ) SI_UNIT ( $, .RADIAN. ) );
#468 = AXIS2_PLACEMENT_3D ( 'NONE', #7841, #3242, #4692 ) ;
#469 = DIRECTION ( 'NONE',  ( -0.000000000000000000, -1.000000000000000000, -0.000000000000000000 ) ) ;
#470 =( NAMED_UNIT ( * ) PLANE_ANGLE_UNIT ( ) SI_UNIT ( $, .RADIAN. ) );
#471 = CARTESIAN_POINT ( 'NONE',  ( -0.03597709088798213550, 1.201000000000000290, -0.1345455438105361279 ) ) ;
#472 = ORIENTED_EDGE ( 'NONE', *, *, #4108, .T. ) ;
#473 = VECTOR ( 'NONE', #8116, 1000.000000000000000 ) ;
#475 = ADVANCED_FACE ( 'NONE', ( #221 ), #1467, .F. ) ;
#474 = MANIFOLD_SOLID_BREP ( 'Boss-Extrude6[4]', #633 ) ;
#476 = CARTESIAN_POINT ( 'NONE',  ( 0.01989503679927764196, 1.201000000000000290, -0.1331254650207334411 ) ) ;
#477 = CARTESIAN_POINT ( 'NONE',  ( -0.007801955970669150267, 1.201000000000000068, 0.08696036152826282228 ) ) ;
#478 = CARTESIAN_POINT ( 'NONE',  ( -0.02544885719100715982, 1.201000000000000068, -0.03816285645384186881 ) ) ;
#479 = AXIS2_PLACEMENT_3D ( 'NONE', #6395, #2639, #6358 ) ;
#480 = LINE ( 'NONE', #2960, #5522 ) ;
#481 = ORIENTED_EDGE ( 'NONE', *, *, #8132, .T. ) ;
#482 = ORIENTED_EDGE ( 'NONE', *, *, #6176, .T. ) ;
#483 = EDGE_CURVE ( 'NONE', #6449, #5254, #6655, .T. ) ;
#484 = ORIENTED_EDGE ( 'NONE', *, *, #5582, .T. ) ;
#485 = DIRECTION ( 'NONE',  ( 0.000000000000000000, 0.000000000000000000, 1.000000000000000000 ) ) ;
#486 = ORIENTED_EDGE ( 'NONE', *, *, #4719, .T. ) ;
#487 = STYLED_ITEM ( 'NONE', ( #3979 ), #211 ) ;
#488 =( GEOMETRIC_REPRESENTATION_CONTEXT ( 3 ) GLOBAL_UNCERTAINTY_ASSIGNED_CONTEXT ( ( #7300 ) ) GLOBAL_UNIT_ASSIGNED_CONTEXT ( ( #7405, #2427, #1894 ) ) REPRESENTATION_CONTEXT ( 'NONE', 'WORKASPACE' ) );
#489 = EDGE_CURVE ( 'NONE', #1162, #4927, #2204, .T. ) ;
#490 = FILL_AREA_STYLE ('',( #6014 ) ) ;
#491 = DIRECTION ( 'NONE',  ( -0.000000000000000000, 1.000000000000000000, 0.000000000000000000 ) ) ;
#492 = ORIENTED_EDGE ( 'NONE', *, *, #7596, .F. ) ;
#493 = SURFACE_STYLE_FILL_AREA ( #3395 ) ;
#494 = LINE ( 'NONE', #4303, #4343 ) ;
#495 = VERTEX_POINT ( 'NONE', #3366 ) ;
#496 = FACE_OUTER_BOUND ( 'NONE', #8094, .T. ) ;
#497 = CARTESIAN_POINT ( 'NONE',  ( -0.2325812895906590461, 1.201000000000000068, -0.1435297768598247370 ) ) ;
#498 = DIRECTION ( 'NONE',  ( 0.000000000000000000, -1.000000000000000000, 0.000000000000000000 ) ) ;
#499 = CLOSED_SHELL ( 'NONE', ( #5851, #3119, #6272, #7125, #3550, #1025, #4628, #211, #8002 ) ) ;
#500 = ORIENTED_EDGE ( 'NONE', *, *, #5903, .F. ) ;
#501 = LINE ( 'NONE', #5478, #8015 ) ;
#502 = SURFACE_SIDE_STYLE ('',( #3695 ) ) ;
#503 = STYLED_ITEM ( 'NONE', ( #5618 ), #5097 ) ;
#504 = DIRECTION ( 'NONE',  ( 0.000000000000000000, -1.000000000000000000, -0.000000000000000000 ) ) ;
#505 = ORIENTED_EDGE ( 'NONE', *, *, #2428, .F. ) ;
#506 = VERTEX_POINT ( 'NONE', #4595 ) ;
#507 = FACE_OUTER_BOUND ( 'NONE', #2848, .T. ) ;
#508 = EDGE_CURVE ( 'NONE', #3895, #1162, #6273, .T. ) ;
#509 = DIRECTION ( 'NONE',  ( 0.000000000000000000, 0.000000000000000000, -1.000000000000000000 ) ) ;
#510 = LINE ( 'NONE', #2949, #1360 ) ;
#511 = CARTESIAN_POINT ( 'NONE',  ( 0.2377617871511735759, 1.199999999999999956, 0.03759220746460899959 ) ) ;
#512 = CARTESIAN_POINT ( 'NONE',  ( -0.04483353209685313895, 1.201000000000000512, 0.07923233301358875713 ) ) ;
#513 = LINE ( 'NONE', #1813, #4732 ) ;
#514 =( NAMED_UNIT ( * ) PLANE_ANGLE_UNIT ( ) SI_UNIT ( $, .RADIAN. ) );
#515 = SURFACE_STYLE_FILL_AREA ( #6912 ) ;
#516 = ORIENTED_EDGE ( 'NONE', *, *, #489, .F. ) ;
#517 = ADVANCED_FACE ( 'NONE', ( #3486 ), #3529, .T. ) ;
#518 = CARTESIAN_POINT ( 'NONE',  ( 0.07103187562132590172, 1.200000000000001066, 0.03756364491813855150 ) ) ;
#519 = DIRECTION ( 'NONE',  ( -0.000000000000000000, -0.000000000000000000, 1.000000000000000000 ) ) ;
#520 = LINE ( 'NONE', #2151, #1888 ) ;
#521 = DIRECTION ( 'NONE',  ( 0.000000000000000000, 0.000000000000000000, -1.000000000000000000 ) ) ;
#522 = DIRECTION ( 'NONE',  ( -0.000000000000000000, -1.000000000000000000, -0.000000000000000000 ) ) ;
#523 = CARTESIAN_POINT ( 'NONE',  ( -1.500000000000000000, 1.050000000000000044, -1.149999999999998357 ) ) ;
#524 = EDGE_LOOP ( 'NONE', ( #3516, #773, #1019, #5598 ) ) ;
#525 = ORIENTED_EDGE ( 'NONE', *, *, #5420, .F. ) ;
#526 = UNCERTAINTY_MEASURE_WITH_UNIT (LENGTH_MEASURE( 1.000000000000000082E-05 ), #4187, 'distance_accuracy_value', 'NONE');
#527 = ORIENTED_EDGE ( 'NONE', *, *, #5120, .F. ) ;
#528 = CARTESIAN_POINT ( 'NONE',  ( -1.500000000000000000, 0.8000000000000000444, 0.3750000000000000000 ) ) ;
#529 = ORIENTED_EDGE ( 'NONE', *, *, #6620, .T. ) ;
#530 =( NAMED_UNIT ( * ) SI_UNIT ( $, .STERADIAN. ) SOLID_ANGLE_UNIT ( ) );
#531 = ORIENTED_EDGE ( 'NONE', *, *, #6292, .F. ) ;
#532 = CARTESIAN_POINT ( 'NONE',  ( 0.02322272850602060540, 1.200000000000000400, -0.03409596107001270499 ) ) ;
#533 =( NAMED_UNIT ( * ) SI_UNIT ( $, .STERADIAN. ) SOLID_ANGLE_UNIT ( ) );
#534 = EDGE_CURVE ( 'NONE', #6925, #2769, #2816, .T. ) ;
#535 = EDGE_CURVE ( 'NONE', #5754, #4049, #3405, .T. ) ;
#536 = VERTEX_POINT ( 'NONE', #2783 ) ;
#537 = ORIENTED_EDGE ( 'NONE', *, *, #5859, .F. ) ;
#538 = CARTESIAN_POINT ( 'NONE',  ( -1.500000000000000000, 0.8000000000000000444, -0.3750000000000000000 ) ) ;
#539 = CARTESIAN_POINT ( 'NONE',  ( -0.006618636063766012226, 1.201000000000000068, 0.05732591516408013649 ) ) ;
#540 = ORIENTED_EDGE ( 'NONE', *, *, #1925, .F. ) ;
#541 = CARTESIAN_POINT ( 'NONE',  ( 1.600000000000000311, 0.000000000000000000, 1.100000000000001865 ) ) ;
#542 = DIRECTION ( 'NONE',  ( 0.000000000000000000, 0.000000000000000000, 1.000000000000000000 ) ) ;
#543 = VECTOR ( 'NONE', #6290, 1000.000000000000114 ) ;
#544 = CARTESIAN_POINT ( 'NONE',  ( -1.599999999999999867, 0.2999999999999999889, 1.100000000000002309 ) ) ;
#545 = VERTEX_POINT ( 'NONE', #5198 ) ;
#546 = ORIENTED_EDGE ( 'NONE', *, *, #4330, .F. ) ;
#547 = CARTESIAN_POINT ( 'NONE',  ( -1.450000000000000178, 0.2999999999999999889, -1.250000000000000888 ) ) ;
#548 = FILL_AREA_STYLE ('',( #6167 ) ) ;
#549 = AXIS2_PLACEMENT_3D ( 'NONE', #6119, #1763, #6160 ) ;
#550 = VECTOR ( 'NONE', #8043, 1000.000000000000000 ) ;
#551 = CARTESIAN_POINT ( 'NONE',  ( -0.2325812895906590461, 1.200000000000000178, 0.08366764526557586568 ) ) ;
#552 = CARTESIAN_POINT ( 'NONE',  ( -0.05185204343364756968, 1.200000000000000622, 0.02251877080981179446 ) ) ;
#553 = LINE ( 'NONE', #8018, #5350 ) ;
#554 = DIRECTION ( 'NONE',  ( -1.000000000000000000, 0.000000000000000000, 2.409338161078898687E-16 ) ) ;
#555 = DIRECTION ( 'NONE',  ( -0.000000000000000000, 1.000000000000000000, 0.000000000000000000 ) ) ;
#556 = ADVANCED_FACE ( 'NONE', ( #1599 ), #4107, .F. ) ;
#557 = ORIENTED_EDGE ( 'NONE', *, *, #7576, .F. ) ;
#558 = CARTESIAN_POINT ( 'NONE',  ( 1.500000000000000222, 0.8001326668683524934, 0.3736799995580801781 ) ) ;
#559 = PLANE ( 'NONE',  #1982 ) ;
#560 =( NAMED_UNIT ( * ) SI_UNIT ( $, .STERADIAN. ) SOLID_ANGLE_UNIT ( ) );
#561 = DIRECTION ( 'NONE',  ( 0.000000000000000000, 0.000000000000000000, 1.000000000000000000 ) ) ;
#562 = DIRECTION ( 'NONE',  ( 0.000000000000000000, 0.000000000000000000, 1.000000000000000000 ) ) ;
#563 = DIRECTION ( 'NONE',  ( 0.000000000000000000, -1.000000000000000000, 0.000000000000000000 ) ) ;
#564 = EDGE_CURVE ( 'NONE', #1390, #1228, #5348, .T. ) ;
#565 = VECTOR ( 'NONE', #554, 1000.000000000000000 ) ;
#566 = ORIENTED_EDGE ( 'NONE', *, *, #7910, .T. ) ;
#567 = STYLED_ITEM ( 'NONE', ( #5442 ), #5851 ) ;
#568 = VERTEX_POINT ( 'NONE', #7182 ) ;
#569 = CARTESIAN_POINT ( 'NONE',  ( -1.499999999999999778, 0.8002400829318985220, 0.3797654363464879612 ) ) ;
#570 = PRESENTATION_LAYER_ASSIGNMENT (  '', '', ( #7646 ) ) ;
#571 = VERTEX_POINT ( 'NONE', #5807 ) ;
#572 = LINE ( 'NONE', #3057, #2286 ) ;
#573 = CARTESIAN_POINT ( 'NONE',  ( 0.2525284235480190764, 1.200000000000000178, 0.003973621970230402194 ) ) ;
#574 = ORIENTED_EDGE ( 'NONE', *, *, #5501, .T. ) ;
#575 =( NAMED_UNIT ( * ) SI_UNIT ( $, .STERADIAN. ) SOLID_ANGLE_UNIT ( ) );
#576 = DIRECTION ( 'NONE',  ( -0.000000000000000000, -1.000000000000000000, 0.000000000000000000 ) ) ;
#577 = ORIENTED_EDGE ( 'NONE', *, *, #3770, .T. ) ;
#578 = ORIENTED_EDGE ( 'NONE', *, *, #3718, .F. ) ;
#579 = CARTESIAN_POINT ( 'NONE',  ( -1.500000000000000000, 0.8000000000666659394, -0.3701945665825311926 ) ) ;
#580 = CARTESIAN_POINT ( 'NONE',  ( 1.599999999999999867, 0.8000000000000000444, -1.249999999999998224 ) ) ;
#581 = VECTOR ( 'NONE', #6723, 1000.000000000000000 ) ;
#582 = VECTOR ( 'NONE', #4277, 1000.000000000000000 ) ;
#583 = ADVANCED_FACE ( 'NONE', ( #1581 ), #5301, .T. ) ;
#584 = SURFACE_SIDE_STYLE ('',( #2413 ) ) ;
#585 = ORIENTED_EDGE ( 'NONE', *, *, #1616, .F. ) ;
#586 =( NAMED_UNIT ( * ) SI_UNIT ( $, .STERADIAN. ) SOLID_ANGLE_UNIT ( ) );
#587 = VECTOR ( 'NONE', #7020, 1000.000000000000000 ) ;
#588 = MANIFOLD_SOLID_BREP ( 'Fillet3', #2968 ) ;
#589 = SURFACE_SIDE_STYLE ('',( #4876 ) ) ;
#590 = EDGE_LOOP ( 'NONE', ( #4454, #4423, #7394, #1992 ) ) ;
#591 = DIRECTION ( 'NONE',  ( -1.000000000000000000, 0.000000000000000000, -0.000000000000000000 ) ) ;
#592 = CARTESIAN_POINT ( 'NONE',  ( 1.600000000000000533, 0.000000000000000000, -1.250000000000001332 ) ) ;
#593 = STYLED_ITEM ( 'NONE', ( #5790 ), #7705 ) ;
#594 = CARTESIAN_POINT ( 'NONE',  ( 0.6136467899198910780, 1.201000000000000068, -0.1731642232240074575 ) ) ;
#595 = UNCERTAINTY_MEASURE_WITH_UNIT (LENGTH_MEASURE( 1.000000000000000082E-05 ), #2039, 'distance_accuracy_value', 'NONE');
#596 = CARTESIAN_POINT ( 'NONE',  ( 0.3271804750661250760, 1.201000000000000068, 0.08366764526557586568 ) ) ;
#597 = LINE ( 'NONE', #6747, #427 ) ;
#598 =( NAMED_UNIT ( * ) SI_UNIT ( $, .STERADIAN. ) SOLID_ANGLE_UNIT ( ) );
#599 = CARTESIAN_POINT ( 'NONE',  ( 0.6000000000000001998, 0.2999999999999999889, -0.4999999999999996669 ) ) ;
#600 = AXIS2_PLACEMENT_3D ( 'NONE', #2785, #4797, #7318 ) ;
#601 = PLANE ( 'NONE',  #6050 ) ;
#602 = SURFACE_STYLE_USAGE ( .BOTH. , #6226 ) ;
#603 = LINE ( 'NONE', #7080, #4898 ) ;
#604 = EDGE_CURVE ( 'NONE', #3457, #1766, #368, .T. ) ;
#605 = DIRECTION ( 'NONE',  ( -0.000000000000000000, 1.000000000000000000, -0.000000000000000000 ) ) ;
#606 = LINE ( 'NONE', #686, #1294 ) ;
#607 = CARTESIAN_POINT ( 'NONE',  ( 1.500000000000000666, 0.8009948151974900510, 0.3656074348058224177 ) ) ;
#608 = ORIENTED_EDGE ( 'NONE', *, *, #5875, .F. ) ;
#609 = CARTESIAN_POINT ( 'NONE',  ( 0.06078308135949939128, 1.200000000000000178, -0.03907830721027436005 ) ) ;
#610 = PRESENTATION_LAYER_ASSIGNMENT (  '', '', ( #6624 ) ) ;
#611 = VERTEX_POINT ( 'NONE', #3434 ) ;
#612 = EDGE_CURVE ( 'NONE', #802, #1390, #6859, .T. ) ;
#613 = EDGE_CURVE ( 'NONE', #6186, #7701, #6681, .T. ) ;
#614 = CARTESIAN_POINT ( 'NONE',  ( -1.450000000000000178, 0.2999999999999999889, -1.250000000000000888 ) ) ;
#615 = CARTESIAN_POINT ( 'NONE',  ( -1.499999999999999778, 0.2999999999999999889, -1.000000000000000666 ) ) ;
#616 = VERTEX_POINT ( 'NONE', #1830 ) ;
#617 = PRESENTATION_STYLE_ASSIGNMENT (( #7501 ) ) ;
#618 = CARTESIAN_POINT ( 'NONE',  ( 1.501000000000000112, 0.8010000000000022657, 0.3891067359796628322 ) ) ;
#619 = ORIENTED_EDGE ( 'NONE', *, *, #6953, .T. ) ;
#620 = EDGE_LOOP ( 'NONE', ( #3266, #1112, #5209, #5217 ) ) ;
#621 = CARTESIAN_POINT ( 'NONE',  ( 1.501000000000000112, 0.8010000000000000453, 0.9999999999999981126 ) ) ;
#622 = CARTESIAN_POINT ( 'NONE',  ( 1.500000000000000222, 1.050000000000000044, -1.149999999999998357 ) ) ;
#623 = EDGE_CURVE ( 'NONE', #4804, #5550, #5510, .T. ) ;
#624 = ORIENTED_EDGE ( 'NONE', *, *, #7694, .F. ) ;
#625 = CARTESIAN_POINT ( 'NONE',  ( -0.008351362009310173487, 1.201000000000000068, -0.06777957974068361813 ) ) ;
#626 = AXIS2_PLACEMENT_3D ( 'NONE', #1281, #7438, #4915 ) ;
#627 = LINE ( 'NONE', #4349, #2166 ) ;
#628 = ADVANCED_FACE ( 'NONE', ( #6767 ), #2882, .T. ) ;
#629 =( NAMED_UNIT ( * ) SI_UNIT ( $, .STERADIAN. ) SOLID_ANGLE_UNIT ( ) );
#630 = LINE ( 'NONE', #874, #4029 ) ;
#631 = DIRECTION ( 'NONE',  ( -0.000000000000000000, 1.000000000000000000, -0.000000000000000000 ) ) ;
#632 = VECTOR ( 'NONE', #4380, 1000.000000000000000 ) ;
#633 = CLOSED_SHELL ( 'NONE', ( #3173, #1722, #6300, #8029, #3312, #3402, #950, #3865, #6489 ) ) ;
#634 = DIRECTION ( 'NONE',  ( 0.000000000000000000, -1.000000000000000000, 0.000000000000000000 ) ) ;
#635 = CARTESIAN_POINT ( 'NONE',  ( 1.350000000000000311, 1.050000000000000044, -1.149999999999998357 ) ) ;
#636 = LINE ( 'NONE', #3082, #10 ) ;
#637 =( NAMED_UNIT ( * ) PLANE_ANGLE_UNIT ( ) SI_UNIT ( $, .RADIAN. ) );
#638 = CARTESIAN_POINT ( 'NONE',  ( 1.600000000000000755, 0.2999999999999999889, 1.100000000000001865 ) ) ;
#639 = EDGE_CURVE ( 'NONE', #2344, #7309, #7924, .T. ) ;
#640 = AXIS2_PLACEMENT_3D ( 'NONE', #2959, #5292, #1056 ) ;
#641 = EDGE_CURVE ( 'NONE', #437, #5934, #5557, .T. ) ;
#642 = EDGE_CURVE ( 'NONE', #709, #4049, #450, .T. ) ;
#643 = CARTESIAN_POINT ( 'NONE',  ( 1.500000000000000222, 0.8009999999999869447, 0.3630377122559667047 ) ) ;
#644 = UNCERTAINTY_MEASURE_WITH_UNIT (LENGTH_MEASURE( 1.000000000000000082E-05 ), #5607, 'distance_accuracy_value', 'NONE');
#645 = FILL_AREA_STYLE_COLOUR ( '', #4086 ) ;
#646 = CARTESIAN_POINT ( 'NONE',  ( 0.1164466342541592564, 1.200000000000000178, -0.1731642232240074575 ) ) ;
#647 = CARTESIAN_POINT ( 'NONE',  ( 0.02661907637341903374, 1.200000000000000178, -0.1245393073107115556 ) ) ;
#648 = DIRECTION ( 'NONE',  ( 3.469446951953614189E-16, 0.000000000000000000, -1.000000000000000000 ) ) ;
#649 = CARTESIAN_POINT ( 'NONE',  ( -0.4762422930294945012, 1.200000000000000178, -0.06121187029265061363 ) ) ;
#650 = ORIENTED_EDGE ( 'NONE', *, *, #6679, .T. ) ;
#651 =( NAMED_UNIT ( * ) SI_UNIT ( $, .STERADIAN. ) SOLID_ANGLE_UNIT ( ) );
#652 = EDGE_LOOP ( 'NONE', ( #1877, #2864, #7720, #531, #2938, #151, #5747 ) ) ;
#653 = COLOUR_RGB ( '',1.000000000000000000, 0.8078431372549019773, 0.4980392156862745168 ) ;
#654 = MANIFOLD_SOLID_BREP ( 'Fillet2', #4803 ) ;
#655 = CARTESIAN_POINT ( 'NONE',  ( -0.05012590884956193149, 1.201000000000000068, 0.02760938397437965458 ) ) ;
#656 = CARTESIAN_POINT ( 'NONE',  ( 0.05313296325196131820, 1.200000000000000178, -0.04599198140895250503 ) ) ;
#657 = ORIENTED_EDGE ( 'NONE', *, *, #1163, .T. ) ;
#658 = CARTESIAN_POINT ( 'NONE',  ( 0.0009268468666852118206, 1.200000000000000178, -0.04154729640095634197 ) ) ;
#659 = ORIENTED_EDGE ( 'NONE', *, *, #159, .T. ) ;
#660 = ORIENTED_EDGE ( 'NONE', *, *, #4923, .F. ) ;
#661 = EDGE_CURVE ( 'NONE', #5094, #3417, #8084, .T. ) ;
#662 = CARTESIAN_POINT ( 'NONE',  ( -0.3148991961578331833, 1.201000000000000068, -0.1435297768598247370 ) ) ;
#663 = CARTESIAN_POINT ( 'NONE',  ( -1.450000000000000178, 0.2999999999999999889, -1.250000000000000888 ) ) ;
#664 = CARTESIAN_POINT ( 'NONE',  ( 0.2410450370220751926, 1.200999999999999845, 0.04096214426229461553 ) ) ;
#665 = ORIENTED_EDGE ( 'NONE', *, *, #8109, .T. ) ;
#666 = CARTESIAN_POINT ( 'NONE',  ( 0.03075831607595253328, 1.200999999999999845, -0.1020335768165041290 ) ) ;
#667 = DIRECTION ( 'NONE',  ( 0.000000000000000000, 0.000000000000000000, 1.000000000000000000 ) ) ;
#668 = ADVANCED_FACE ( 'NONE', ( #5783 ), #5164, .T. ) ;
#669 = DIRECTION ( 'NONE',  ( 1.000000000000000000, 0.000000000000000000, -1.355252715606881036E-16 ) ) ;
#670 = CARTESIAN_POINT ( 'NONE',  ( 0.03344369975884049773, 1.200000000000000844, 0.03887023202817671552 ) ) ;
#671 = FACE_OUTER_BOUND ( 'NONE', #1119, .T. ) ;
#672 = CARTESIAN_POINT ( 'NONE',  ( 1.500000000000000222, 0.2999999999999999889, -1.000000000000001110 ) ) ;
#673 = CARTESIAN_POINT ( 'NONE',  ( 1.450000000000000844, 0.000000000000000000, 1.250000000000001776 ) ) ;
#674 = DIRECTION ( 'NONE',  ( 1.668003342285392290E-16, 0.000000000000000000, 1.000000000000000000 ) ) ;
#675 = CARTESIAN_POINT ( 'NONE',  ( 1.600000000000000755, 0.000000000000000000, 1.250000000000001776 ) ) ;
#676 = AXIS2_PLACEMENT_3D ( 'NONE', #3279, #7729, #5081 ) ;
#677 =( NAMED_UNIT ( * ) PLANE_ANGLE_UNIT ( ) SI_UNIT ( $, .RADIAN. ) );
#678 = MANIFOLD_SOLID_BREP ( 'Boss-Extrude6[1]', #895 ) ;
#679 = CARTESIAN_POINT ( 'NONE',  ( -1.599999999999998979, 0.8000000000000000444, -1.249999999999997780 ) ) ;
#680 = EDGE_CURVE ( 'NONE', #4550, #7291, #7700, .T. ) ;
#681 =( LENGTH_UNIT ( ) NAMED_UNIT ( * ) SI_UNIT ( .MILLI., .METRE. ) );
#682 = CARTESIAN_POINT ( 'NONE',  ( 1.600000000000000533, 0.2999999999999999889, -1.250000000000001332 ) ) ;
#683 = VECTOR ( 'NONE', #1675, 1000.000000000000114 ) ;
#684 = EDGE_LOOP ( 'NONE', ( #3548, #7237, #5394, #1835 ) ) ;
#685 = CARTESIAN_POINT ( 'NONE',  ( 1.600000000000000311, -0.001000000000000024307, 1.250000000000001776 ) ) ;
#686 = CARTESIAN_POINT ( 'NONE',  ( -0.5999999999999997558, 0.000000000000000000, 0.8000000000000005995 ) ) ;
#687 = FACE_OUTER_BOUND ( 'NONE', #6406, .T. ) ;
#688 = ORIENTED_EDGE ( 'NONE', *, *, #3560, .T. ) ;
#689 = PRESENTATION_LAYER_ASSIGNMENT (  '', '', ( #2235 ) ) ;
#690 = LINE ( 'NONE', #2750, #53 ) ;
#691 = EDGE_LOOP ( 'NONE', ( #2606, #4323, #5757, #6477 ) ) ;
#692 = MANIFOLD_SOLID_BREP ( 'Boss-Extrude4[1]', #1928 ) ;
#693 = FACE_OUTER_BOUND ( 'NONE', #2067, .T. ) ;
#694 = DIRECTION ( 'NONE',  ( 0.000000000000000000, 0.000000000000000000, 1.000000000000000000 ) ) ;
#695 = ORIENTED_EDGE ( 'NONE', *, *, #5045, .F. ) ;
#696 = CARTESIAN_POINT ( 'NONE',  ( 0.02935720749645281263, 1.201000000000000290, -0.1179409211090155507 ) ) ;
#697 = SURFACE_STYLE_FILL_AREA ( #8120 ) ;
#698 = CIRCLE ( 'NONE', #5649, 0.1499999999999999667 ) ;
#699 = B_SPLINE_SURFACE_WITH_KNOTS ( 'NONE', 3, 1, ( 
 ( #6807, #6969 ),
 ( #6239, #1270 ),
 ( #1341, #6887 ),
 ( #3098, #7584 ),
 ( #4419, #2597 ),
 ( #7545, #22 ),
 ( #8085, #656 ),
 ( #5594, #6929 ),
 ( #6845, #6275 ),
 ( #111, #3135 ),
 ( #1946, #1909 ),
 ( #7425, #5634 ),
 ( #2516, #1309 ),
 ( #4300, #1190 ),
 ( #2442, #3680 ),
 ( #4942, #1231 ),
 ( #3302, #2102 ),
 ( #3423, #3384 ),
 ( #197, #897 ) ),
 .UNSPECIFIED., .F., .F., .F.,
 ( 4, 1, 1, 1, 1, 1, 1, 1, 1, 1, 1, 1, 1, 1, 1, 1, 4 ),
 ( 2, 2 ),
 ( 0.000000000000000000, 0.06582824467818962355, 0.1289383166014421711, 0.1908583237191151527, 0.2511862310452449010, 0.3109740177800718319, 0.3700498785126953849, 0.4296723095349300747, 0.4895072568266741198, 0.5499752717322410334, 0.6100748076115777296, 0.6709148653422591924, 0.7329088543890388552, 0.7967107088217866284, 0.8618253836021726455, 0.9298919770519397110, 0.9999999999999998890 ),
 ( 0.000000000000000000, 1.000000000000000000 ),
 .UNSPECIFIED. ) ;
#700 = B_SPLINE_CURVE_WITH_KNOTS ( 'NONE', 3,
 ( #5435, #8131, #4993, #7967, #4831, #2455, #1764, #6902, #4270, #2941, #1804, #2366, #6733, #7517, #1165, #6866, #1244, #3738, #3027 ),
 .UNSPECIFIED., .F., .F.,
 ( 4, 1, 1, 1, 1, 1, 1, 1, 1, 1, 1, 1, 1, 1, 1, 1, 4 ),
 ( 0.000000000000000000, 0.07103632301205789479, 0.1393433396034169935, 0.2049584727025958175, 0.2683315830770487964, 0.3301292609669968514, 0.3906639764805654447, 0.4508614486151501510, 0.5105872658343562076, 0.5703738539616980407, 0.6294550091547358450, 0.6879935230805722668, 0.7475809941037845352, 0.8078387614769660940, 0.8700340388224003796, 0.9338104563665478031, 1.000000000000000000 ),
 .UNSPECIFIED. ) ;
#701 = ORIENTED_EDGE ( 'NONE', *, *, #7950, .F. ) ;
#702 = VERTEX_POINT ( 'NONE', #3872 ) ;
#703 = VECTOR ( 'NONE', #200, 1000.000000000000000 ) ;
#704 = CARTESIAN_POINT ( 'NONE',  ( 0.3634003539556817652, 1.201000000000000068, -0.1731642232240074575 ) ) ;
#705 = CARTESIAN_POINT ( 'NONE',  ( -0.03960674325207853841, 1.200999999999999845, -0.1310626068962569835 ) ) ;
#706 = LINE ( 'NONE', #6283, #2873 ) ;
#707 = CARTESIAN_POINT ( 'NONE',  ( -1.500000000000000000, 0.8004988010645969210, -0.3800714403224592086 ) ) ;
#708 = LINE ( 'NONE', #4430, #1776 ) ;
#709 = VERTEX_POINT ( 'NONE', #3833 ) ;
#710 = CARTESIAN_POINT ( 'NONE',  ( -1.599999999999999645, 1.201000000000000068, 0.4750000000000000888 ) ) ;
#711 = EDGE_CURVE ( 'NONE', #7919, #5336, #6343, .T. ) ;
#712 = VECTOR ( 'NONE', #7968, 1000.000000000000000 ) ;
#713 =( LENGTH_UNIT ( ) NAMED_UNIT ( * ) SI_UNIT ( .MILLI., .METRE. ) );
#714 = CARTESIAN_POINT ( 'NONE',  ( 0.04212950612260672051, 1.200000000000000400, 0.02145394330855341508 ) ) ;
#715 = CARTESIAN_POINT ( 'NONE',  ( -1.500000000000000000, 1.050000000000000044, -0.9999999999999985567 ) ) ;
#716 = FILL_AREA_STYLE_COLOUR ( '', #1330 ) ;
#717 = EDGE_CURVE ( 'NONE', #6357, #2879, #2707, .T. ) ;
#718 = CARTESIAN_POINT ( 'NONE',  ( -0.08440905776974561014, 1.200000000000000178, -0.1073098979702681449 ) ) ;
#719 = CARTESIAN_POINT ( 'NONE',  ( 0.1164466342541592564, 1.201000000000000068, -0.1731642232240074575 ) ) ;
#720 = AXIS2_PLACEMENT_3D ( 'NONE', #1836, #1710, #3606 ) ;
#721 = CARTESIAN_POINT ( 'NONE',  ( 1.500000000000000222, 0.000000000000000000, -0.4999999999999996669 ) ) ;
#722 = CARTESIAN_POINT ( 'NONE',  ( 0.02834313892151760217, 1.199999999999999956, -0.1644996889281557517 ) ) ;
#723 = PRESENTATION_LAYER_ASSIGNMENT (  '', '', ( #5942 ) ) ;
#724 = CARTESIAN_POINT ( 'NONE',  ( -1.500999999999999890, 0.8010000000000000453, -0.3608932640206433673 ) ) ;
#725 = UNCERTAINTY_MEASURE_WITH_UNIT (LENGTH_MEASURE( 1.000000000000000082E-05 ), #3072, 'distance_accuracy_value', 'NONE');
#726 = FACE_OUTER_BOUND ( 'NONE', #5639, .T. ) ;
#727 = FILL_AREA_STYLE ('',( #7533 ) ) ;
#728 = ORIENTED_EDGE ( 'NONE', *, *, #5600, .F. ) ;
#729 = LINE ( 'NONE', #2434, #5329 ) ;
#730 = CARTESIAN_POINT ( 'NONE',  ( 1.501000000000000112, 0.8000000000000000444, 0.3891067359796628322 ) ) ;
#731 = VECTOR ( 'NONE', #2019, 1000.000000000000000 ) ;
#732 = DIRECTION ( 'NONE',  ( -3.035766082959409260E-14, 0.000000000000000000, 1.000000000000000000 ) ) ;
#733 = ORIENTED_EDGE ( 'NONE', *, *, #6305, .F. ) ;
#734 = VECTOR ( 'NONE', #7843, 1000.000000000000000 ) ;
#735 = DIRECTION ( 'NONE',  ( 1.000000000000000000, 0.000000000000000000, 0.000000000000000000 ) ) ;
#736 = ORIENTED_EDGE ( 'NONE', *, *, #5582, .F. ) ;
#737 = LINE ( 'NONE', #6310, #6376 ) ;
#738 = LINE ( 'NONE', #6311, #632 ) ;
#739 = ORIENTED_EDGE ( 'NONE', *, *, #8121, .T. ) ;
#740 = CARTESIAN_POINT ( 'NONE',  ( -0.008264994195109499203, 1.200000000000000178, -0.1435297768598247370 ) ) ;
#741 = LINE ( 'NONE', #7502, #5918 ) ;
#742 = EDGE_CURVE ( 'NONE', #750, #7996, #3861, .T. ) ;
#743 = ORIENTED_EDGE ( 'NONE', *, *, #2360, .F. ) ;
#744 = ORIENTED_EDGE ( 'NONE', *, *, #1243, .T. ) ;
#745 = EDGE_CURVE ( 'NONE', #1689, #1681, #801, .T. ) ;
#746 = FACE_OUTER_BOUND ( 'NONE', #1020, .T. ) ;
#747 = CIRCLE ( 'NONE', #6246, 0.1499999999999999667 ) ;
#748 = FACE_OUTER_BOUND ( 'NONE', #4392, .T. ) ;
#749 = DIRECTION ( 'NONE',  ( -0.7071067811865467956, 0.000000000000000000, 0.7071067811865483499 ) ) ;
#750 = VERTEX_POINT ( 'NONE', #5741 ) ;
#751 = CARTESIAN_POINT ( 'NONE',  ( 1.600000000000000089, 0.8000000000000000444, 0.4750000000000000888 ) ) ;
#752 = CARTESIAN_POINT ( 'NONE',  ( -1.500000000000000000, 1.200000000000000178, -0.9999999999999985567 ) ) ;
#753 = CARTESIAN_POINT ( 'NONE',  ( 0.04397405074612446840, 1.200000000000000622, 0.007920378208044911647 ) ) ;
#754 = CARTESIAN_POINT ( 'NONE',  ( -0.07261157484337676937, 1.199999999999999956, 0.05603181378398835316 ) ) ;
#755 =( NAMED_UNIT ( * ) PLANE_ANGLE_UNIT ( ) SI_UNIT ( $, .RADIAN. ) );
#756 = CARTESIAN_POINT ( 'NONE',  ( -0.009293968027199152326, 1.200000000000000178, -0.1731642232240074575 ) ) ;
#757 = FACE_OUTER_BOUND ( 'NONE', #6520, .T. ) ;
#758 = CARTESIAN_POINT ( 'NONE',  ( 0.05479314643531289775, 1.200999999999999845, -0.1403788274795657598 ) ) ;
#759 = AXIS2_PLACEMENT_3D ( 'NONE', #854, #3344, #7750 ) ;
#760 = ADVANCED_FACE ( 'NONE', ( #3289 ), #5865, .T. ) ;
#761 = DIRECTION ( 'NONE',  ( 1.000000000000000000, 0.000000000000000000, 0.000000000000000000 ) ) ;
#762 = FILL_AREA_STYLE ('',( #1411 ) ) ;
#763 = SURFACE_STYLE_FILL_AREA ( #100 ) ;
#764 = VERTEX_POINT ( 'NONE', #2861 ) ;
#765 = CARTESIAN_POINT ( 'NONE',  ( 1.350000000000000089, 1.050000000000000044, -1.149999999999998357 ) ) ;
#766 = CARTESIAN_POINT ( 'NONE',  ( -1.350000000000000089, 0.8000000000000000444, 1.150999999999997803 ) ) ;
#767 = FILL_AREA_STYLE ('',( #2508 ) ) ;
#768 = UNCERTAINTY_MEASURE_WITH_UNIT (LENGTH_MEASURE( 1.000000000000000082E-05 ), #932, 'distance_accuracy_value', 'NONE');
#769 = EDGE_LOOP ( 'NONE', ( #1562, #3497, #5629, #4297, #6893, #1343, #4470, #2063 ) ) ;
#770 = EDGE_CURVE ( 'NONE', #3796, #1460, #6540, .T. ) ;
#771 = VECTOR ( 'NONE', #6611, 1000.000000000000000 ) ;
#772 = CARTESIAN_POINT ( 'NONE',  ( 0.03937184601362182096, 1.200000000000000178, -0.05367406346683209484 ) ) ;
#773 = ORIENTED_EDGE ( 'NONE', *, *, #6176, .F. ) ;
#774 =( NAMED_UNIT ( * ) PLANE_ANGLE_UNIT ( ) SI_UNIT ( $, .RADIAN. ) );
#775 = CARTESIAN_POINT ( 'NONE',  ( 1.500000000000000222, 0.000000000000000000, -0.4999999999999996669 ) ) ;
#776 = FILL_AREA_STYLE_COLOUR ( '', #3612 ) ;
#777 = DIRECTION ( 'NONE',  ( -1.000000000000000000, 0.000000000000000000, 2.409338161078897701E-16 ) ) ;
#778 = ORIENTED_EDGE ( 'NONE', *, *, #7238, .F. ) ;
#779 = CARTESIAN_POINT ( 'NONE',  ( -0.3412409262593289472, 1.201000000000000068, -0.1435297768598247370 ) ) ;
#780 = DIRECTION ( 'NONE',  ( 1.000000000000000000, 0.000000000000000000, 1.668003342285392290E-16 ) ) ;
#781 = EDGE_LOOP ( 'NONE', ( #6088, #2381, #4413, #6970 ) ) ;
#782 = VERTEX_POINT ( 'NONE', #3581 ) ;
#783 = LINE ( 'NONE', #3105, #1746 ) ;
#784 = AXIS2_PLACEMENT_3D ( 'NONE', #685, #1780, #561 ) ;
#785 = PRESENTATION_STYLE_ASSIGNMENT (( #6364 ) ) ;
#786 = STYLED_ITEM ( 'NONE', ( #1197 ), #255 ) ;
#787 = ADVANCED_FACE ( 'NONE', ( #4799 ), #5398, .T. ) ;
#788 = CARTESIAN_POINT ( 'NONE',  ( -1.500000000000000000, 0.8000000000000000444, -0.3750000000000002220 ) ) ;
#789 = ORIENTED_EDGE ( 'NONE', *, *, #2208, .T. ) ;
#790 = CARTESIAN_POINT ( 'NONE',  ( 1.599999999999999867, 0.8000000000000000444, -1.249999999999998224 ) ) ;
#791 =( NAMED_UNIT ( * ) SI_UNIT ( $, .STERADIAN. ) SOLID_ANGLE_UNIT ( ) );
#792 = CARTESIAN_POINT ( 'NONE',  ( 0.01405158302405999822, 1.201000000000000068, 0.05370641542404015756 ) ) ;
#793 = FACE_OUTER_BOUND ( 'NONE', #4095, .T. ) ;
#794 = CARTESIAN_POINT ( 'NONE',  ( 1.500000000000000222, 0.8010000000000000453, -0.3633922526790127616 ) ) ;
#795 = DIRECTION ( 'NONE',  ( 0.000000000000000000, 0.000000000000000000, -1.000000000000000000 ) ) ;
#796 = PLANE ( 'NONE',  #1864 ) ;
#797 = CARTESIAN_POINT ( 'NONE',  ( 0.04400687647504605143, 1.201000000000000068, 0.006134467017618715733 ) ) ;
#798 = LINE ( 'NONE', #180, #822 ) ;
#799 = LINE ( 'NONE', #4484, #2649 ) ;
#800 = DIRECTION ( 'NONE',  ( 0.000000000000000000, 0.000000000000000000, -1.000000000000000000 ) ) ;
#801 = LINE ( 'NONE', #3251, #4252 ) ;
#802 = VERTEX_POINT ( 'NONE', #4115 ) ;
#803 = DIRECTION ( 'NONE',  ( 0.000000000000000000, 0.000000000000000000, -1.000000000000000000 ) ) ;
#804 = LINE ( 'NONE', #3334, #2574 ) ;
#805 = EDGE_CURVE ( 'NONE', #4844, #1278, #3412, .T. ) ;
#806 = VECTOR ( 'NONE', #2537, 1000.000000000000000 ) ;
#807 = ORIENTED_EDGE ( 'NONE', *, *, #1367, .T. ) ;
#808 = PLANE ( 'NONE',  #4629 ) ;
#809 = VERTEX_POINT ( 'NONE', #7900 ) ;
#810 = CARTESIAN_POINT ( 'NONE',  ( -1.500999999999999890, 0.8010000000000022657, -0.3891067359796661074 ) ) ;
#811 = LINE ( 'NONE', #896, #3558 ) ;
#812 = EDGE_CURVE ( 'NONE', #1699, #4788, #6659, .T. ) ;
#813 =( LENGTH_UNIT ( ) NAMED_UNIT ( * ) SI_UNIT ( .MILLI., .METRE. ) );
#814 =( NAMED_UNIT ( * ) SI_UNIT ( $, .STERADIAN. ) SOLID_ANGLE_UNIT ( ) );
#815 = ORIENTED_EDGE ( 'NONE', *, *, #6697, .F. ) ;
#816 = CARTESIAN_POINT ( 'NONE',  ( -1.500000000000000000, 0.8000660033871482835, 0.3756600330590308956 ) ) ;
#817 = LINE ( 'NONE', #1538, #5787 ) ;
#818 = ORIENTED_EDGE ( 'NONE', *, *, #5793, .F. ) ;
#819 = ORIENTED_EDGE ( 'NONE', *, *, #7186, .F. ) ;
#820 = FACE_OUTER_BOUND ( 'NONE', #3377, .T. ) ;
#821 = MECHANICAL_DESIGN_GEOMETRIC_PRESENTATION_REPRESENTATION (  '', ( #7235 ), #4994 ) ;
#822 = VECTOR ( 'NONE', #3286, 1000.000000000000000 ) ;
#823 = CARTESIAN_POINT ( 'NONE',  ( -1.449999999999999956, 0.2999999999999999889, 1.250000000000002220 ) ) ;
#824 = EDGE_LOOP ( 'NONE', ( #1906, #6122, #6630, #349 ) ) ;
#825 = FILL_AREA_STYLE_COLOUR ( '', #4832 ) ;
#826 = CIRCLE ( 'NONE', #1993, 0.1510000000000000786 ) ;
#827 = ADVANCED_FACE ( 'NONE', ( #3536 ), #6617, .T. ) ;
#828 = VECTOR ( 'NONE', #4025, 1000.000000000000000 ) ;
#829 = DIRECTION ( 'NONE',  ( 0.000000000000000000, -1.000000000000000000, 0.000000000000000000 ) ) ;
#830 = CARTESIAN_POINT ( 'NONE',  ( 1.350000000000000311, 1.050000000000000044, 0.9999999999999978906 ) ) ;
#831 = B_SPLINE_SURFACE_WITH_KNOTS ( 'NONE', 3, 1, ( 
 ( #1130, #6744 ),
 ( #6909, #6256 ),
 ( #3620, #6129 ),
 ( #1289, #4961 ),
 ( #3702, #6218 ),
 ( #2423, #4357 ),
 ( #2461, #6084 ),
 ( #4839, #511 ),
 ( #4, #3744 ),
 ( #6826, #7358 ),
 ( #4319, #8017 ) ),
 .UNSPECIFIED., .F., .F., .F.,
 ( 4, 1, 1, 1, 1, 1, 1, 1, 4 ),
 ( 2, 2 ),
 ( 0.000000000000000000, 0.1625255217041872979, 0.3143148980392372338, 0.4549784905465751872, 0.5845192373661998175, 0.7045671033090731283, 0.8134949897289289744, 0.9116812596826070481, 1.000000000000000000 ),
 ( 0.000000000000000000, 1.000000000000000000 ),
 .UNSPECIFIED. ) ;
#832 = CARTESIAN_POINT ( 'NONE',  ( -0.007801955970669150267, 1.200000000000000178, 0.08696036152826282228 ) ) ;
#833 = MECHANICAL_DESIGN_GEOMETRIC_PRESENTATION_REPRESENTATION (  '', ( #3687 ), #5765 ) ;
#834 =( LENGTH_UNIT ( ) NAMED_UNIT ( * ) SI_UNIT ( .MILLI., .METRE. ) );
#835 = CARTESIAN_POINT ( 'NONE',  ( 0.01500384770156578187, 1.200999999999999845, -0.03834007971590757541 ) ) ;
#836 =( GEOMETRIC_REPRESENTATION_CONTEXT ( 3 ) GLOBAL_UNCERTAINTY_ASSIGNED_CONTEXT ( ( #5392 ) ) GLOBAL_UNIT_ASSIGNED_CONTEXT ( ( #1248, #1806, #629 ) ) REPRESENTATION_CONTEXT ( 'NONE', 'WORKASPACE' ) );
#837 = ADVANCED_FACE ( 'NONE', ( #4155 ), #306, .T. ) ;
#838 = DIRECTION ( 'NONE',  ( 1.000000000000000000, 0.000000000000000000, -0.000000000000000000 ) ) ;
#839 = AXIS2_PLACEMENT_3D ( 'NONE', #4387, #5145, #6935 ) ;
#840 = CARTESIAN_POINT ( 'NONE',  ( -1.600000000000000089, 0.2999999999999999889, -1.100000000000000977 ) ) ;
#841 = CARTESIAN_POINT ( 'NONE',  ( 1.500000000000000222, 0.8001980101614480922, -0.3769800991770921317 ) ) ;
#842 = ORIENTED_EDGE ( 'NONE', *, *, #4015, .F. ) ;
#843 = CARTESIAN_POINT ( 'NONE',  ( -0.5124621719190511904, 1.200000000000000178, -0.1731642232240074575 ) ) ;
#844 = CARTESIAN_POINT ( 'NONE',  ( 1.500000000000000222, 0.8004856007391003558, 0.3856010714158795150 ) ) ;
#845 = AXIS2_PLACEMENT_3D ( 'NONE', #6717, #4773, #1743 ) ;
#846 = ORIENTED_EDGE ( 'NONE', *, *, #6013, .F. ) ;
#847 = VECTOR ( 'NONE', #5846, 1000.000000000000000 ) ;
#848 = SURFACE_SIDE_STYLE ('',( #5872 ) ) ;
#849 = ORIENTED_EDGE ( 'NONE', *, *, #5766, .T. ) ;
#850 = CARTESIAN_POINT ( 'NONE',  ( -0.03960674325207853841, 1.199999999999999956, -0.1310626068962569835 ) ) ;
#851 = CARTESIAN_POINT ( 'NONE',  ( 0.01500384770156578187, 1.200999999999999845, -0.03834007971590757541 ) ) ;
#852 = STYLED_ITEM ( 'NONE', ( #7353 ), #7765 ) ;
#853 = DIRECTION ( 'NONE',  ( 0.000000000000000000, 0.000000000000000000, 1.000000000000000000 ) ) ;
#854 = CARTESIAN_POINT ( 'NONE',  ( -0.5999999999999997558, 0.2999999999999999889, 0.8000000000000005995 ) ) ;
#855 = VERTEX_POINT ( 'NONE', #6828 ) ;
#856 = CARTESIAN_POINT ( 'NONE',  ( 0.03083601142429815561, 1.201000000000000068, -0.1067954110542232854 ) ) ;
#857 = DIRECTION ( 'NONE',  ( 0.000000000000000000, -1.000000000000000000, 0.000000000000000000 ) ) ;
#858 = VERTEX_POINT ( 'NONE', #3705 ) ;
#859 = ORIENTED_EDGE ( 'NONE', *, *, #233, .T. ) ;
#860 = SURFACE_STYLE_FILL_AREA ( #4688 ) ;
#861 = FILL_AREA_STYLE ('',( #7098 ) ) ;
#862 = EDGE_CURVE ( 'NONE', #6686, #7042, #8019, .T. ) ;
#863 = AXIS2_PLACEMENT_3D ( 'NONE', #2799, #5255, #3386 ) ;
#864 = PRODUCT_CONTEXT ( 'NONE', #2782, 'mechanical' ) ;
#865 = DIRECTION ( 'NONE',  ( 0.7071067811865466846, 0.000000000000000000, -0.7071067811865483499 ) ) ;
#866 = CARTESIAN_POINT ( 'NONE',  ( -0.08508746390201030185, 1.200999999999999845, 0.02976147448647631019 ) ) ;
#867 = PRESENTATION_LAYER_ASSIGNMENT (  '', '', ( #4771 ) ) ;
#868 = ORIENTED_EDGE ( 'NONE', *, *, #2051, .T. ) ;
#869 = FILL_AREA_STYLE ('',( #825 ) ) ;
#870 = DIRECTION ( 'NONE',  ( 0.000000000000000000, 0.000000000000000000, 1.000000000000000000 ) ) ;
#871 = AXIS2_PLACEMENT_3D ( 'NONE', #1396, #7554, #1920 ) ;
#872 = EDGE_CURVE ( 'NONE', #115, #6099, #3120, .T. ) ;
#873 = CARTESIAN_POINT ( 'NONE',  ( -0.03014160188936778131, 1.201000000000000068, -0.1708785684440472241 ) ) ;
#874 = CARTESIAN_POINT ( 'NONE',  ( 1.500000000000000444, 0.2999999999999999889, 1.000000000000001554 ) ) ;
#875 = DIRECTION ( 'NONE',  ( 0.000000000000000000, 0.000000000000000000, -1.000000000000000000 ) ) ;
#876 = CARTESIAN_POINT ( 'NONE',  ( 0.03147757299751132581, 1.200000000000000178, -0.05829244588740942201 ) ) ;
#877 = SURFACE_STYLE_FILL_AREA ( #174 ) ;
#878 = CARTESIAN_POINT ( 'NONE',  ( -1.099999999999998979, 1.201000000000000068, 0.8000000000000022649 ) ) ;
#879 = CARTESIAN_POINT ( 'NONE',  ( 0.01054311002127904760, 1.200000000000000400, -0.03984495190251929886 ) ) ;
#880 = DIRECTION ( 'NONE',  ( 0.000000000000000000, -1.000000000000000000, 0.000000000000000000 ) ) ;
#881 = PRESENTATION_LAYER_ASSIGNMENT (  '', '', ( #487 ) ) ;
#882 = DIRECTION ( 'NONE',  ( -1.000000000000000000, -0.000000000000000000, 2.409338161078898194E-16 ) ) ;
#883 =( NAMED_UNIT ( * ) SI_UNIT ( $, .STERADIAN. ) SOLID_ANGLE_UNIT ( ) );
#884 =( LENGTH_UNIT ( ) NAMED_UNIT ( * ) SI_UNIT ( .MILLI., .METRE. ) );
#885 = EDGE_CURVE ( 'NONE', #2897, #2482, #2993, .T. ) ;
#886 =( NAMED_UNIT ( * ) SI_UNIT ( $, .STERADIAN. ) SOLID_ANGLE_UNIT ( ) );
#887 = VERTEX_POINT ( 'NONE', #6171 ) ;
#888 = CARTESIAN_POINT ( 'NONE',  ( -1.600000000000000089, 0.000000000000000000, -1.100000000000000977 ) ) ;
#889 = CARTESIAN_POINT ( 'NONE',  ( 0.03866644756135717564, 1.201000000000000512, 0.03060355975375017232 ) ) ;
#890 = PRESENTATION_LAYER_ASSIGNMENT (  '', '', ( #1280 ) ) ;
#891 = EDGE_CURVE ( 'NONE', #3555, #4384, #4356, .T. ) ;
#892 = ORIENTED_EDGE ( 'NONE', *, *, #6334, .T. ) ;
#893 = ORIENTED_EDGE ( 'NONE', *, *, #5236, .T. ) ;
#894 = SURFACE_SIDE_STYLE ('',( #2752 ) ) ;
#895 = CLOSED_SHELL ( 'NONE', ( #1306, #4463, #1676, #6104, #3935, #5553, #2913, #1969, #5007, #2716 ) ) ;
#896 = CARTESIAN_POINT ( 'NONE',  ( 1.500000000000000222, 0.2999999999999999889, -0.4999999999999996669 ) ) ;
#897 = CARTESIAN_POINT ( 'NONE',  ( 0.07693403910191567996, 1.200000000000000178, 0.006391710475641142024 ) ) ;
#898 = ORIENTED_EDGE ( 'NONE', *, *, #1694, .T. ) ;
#899 = CARTESIAN_POINT ( 'NONE',  ( -0.008264994195109499203, 1.201000000000000068, -0.1435297768598247370 ) ) ;
#900 = DIRECTION ( 'NONE',  ( 0.000000000000000000, -1.000000000000000000, 0.000000000000000000 ) ) ;
#901 = EDGE_CURVE ( 'NONE', #4903, #270, #3471, .T. ) ;
#902 = ORIENTED_EDGE ( 'NONE', *, *, #7062, .F. ) ;
#903 = CIRCLE ( 'NONE', #6135, 0.1499999999999999667 ) ;
#904 = ORIENTED_EDGE ( 'NONE', *, *, #4375, .F. ) ;
#905 = DIRECTION ( 'NONE',  ( -1.000000000000000000, 0.000000000000000000, -0.000000000000000000 ) ) ;
#906 = COLOUR_RGB ( '',0.2509803921568627416, 0.2509803921568627416, 0.2509803921568627416 ) ;
#907 =( NAMED_UNIT ( * ) PLANE_ANGLE_UNIT ( ) SI_UNIT ( $, .RADIAN. ) );
#908 = ORIENTED_EDGE ( 'NONE', *, *, #2964, .F. ) ;
#909 = CARTESIAN_POINT ( 'NONE',  ( -1.499999999999999556, 0.2999999999999999889, 0.5000000000000006661 ) ) ;
#910 = CARTESIAN_POINT ( 'NONE',  ( -0.8999999999999995781, 0.2999999999999999889, 0.5000000000000006661 ) ) ;
#911 = EDGE_CURVE ( 'NONE', #4227, #3191, #597, .T. ) ;
#912 = LINE ( 'NONE', #3397, #2661 ) ;
#913 = DIRECTION ( 'NONE',  ( -1.000000000000000000, 0.000000000000000000, 0.000000000000000000 ) ) ;
#914 = CARTESIAN_POINT ( 'NONE',  ( -0.3609972238354506868, 1.201000000000000068, -0.03157742392846793478 ) ) ;
#915 = LINE ( 'NONE', #4190, #7620 ) ;
#916 = EDGE_CURVE ( 'NONE', #764, #6200, #7402, .T. ) ;
#917 = CARTESIAN_POINT ( 'NONE',  ( -0.4762422930294945012, 1.201000000000000068, 0.08366764526557586568 ) ) ;
#918 = CARTESIAN_POINT ( 'NONE',  ( 0.04390973248136773727, 1.199999999999999956, 0.01141966710585452273 ) ) ;
#919 = CARTESIAN_POINT ( 'NONE',  ( -1.599999999999999201, 1.201000000000000068, -0.4750000000000000888 ) ) ;
#920 = DIRECTION ( 'NONE',  ( 0.7071067811865475727, 0.000000000000000000, -0.7071067811865475727 ) ) ;
#921 = CARTESIAN_POINT ( 'NONE',  ( -1.349999999999998535, 0.2999999999999999889, -1.149999999999999023 ) ) ;
#922 = MECHANICAL_DESIGN_GEOMETRIC_PRESENTATION_REPRESENTATION (  '', ( #5882 ), #5951 ) ;
#923 = DIRECTION ( 'NONE',  ( 0.000000000000000000, -1.000000000000000000, 0.000000000000000000 ) ) ;
#924 = CARTESIAN_POINT ( 'NONE',  ( 0.2586508178489526633, 1.201000000000000068, 0.08366764526557586568 ) ) ;
#925 = VERTEX_POINT ( 'NONE', #3083 ) ;
#926 = CARTESIAN_POINT ( 'NONE',  ( -0.5124621719190511904, 1.200000000000000178, -0.1731642232240074575 ) ) ;
#927 = ORIENTED_EDGE ( 'NONE', *, *, #1917, .T. ) ;
#928 = EDGE_CURVE ( 'NONE', #858, #6678, #513, .T. ) ;
#929 = ORIENTED_EDGE ( 'NONE', *, *, #1480, .T. ) ;
#930 = DIRECTION ( 'NONE',  ( 0.000000000000000000, -1.000000000000000000, 0.000000000000000000 ) ) ;
#931 = LINE ( 'NONE', #316, #6572 ) ;
#932 =( LENGTH_UNIT ( ) NAMED_UNIT ( * ) SI_UNIT ( .MILLI., .METRE. ) );
#933 = DIRECTION ( 'NONE',  ( 0.000000000000000000, -0.000000000000000000, -1.000000000000000000 ) ) ;
#934 = DIRECTION ( 'NONE',  ( -1.000000000000000000, 0.000000000000000000, 0.000000000000000000 ) ) ;
#935 = CARTESIAN_POINT ( 'NONE',  ( 0.05856008770056402718, 1.200000000000000400, 0.05767116176649229875 ) ) ;
#936 = VECTOR ( 'NONE', #3118, 1000.000000000000000 ) ;
#937 = EDGE_LOOP ( 'NONE', ( #5967, #6556, #7138, #7956 ) ) ;
#938 = VERTEX_POINT ( 'NONE', #4280 ) ;
#939 = SURFACE_SIDE_STYLE ('',( #860 ) ) ;
#940 =( GEOMETRIC_REPRESENTATION_CONTEXT ( 3 ) GLOBAL_UNCERTAINTY_ASSIGNED_CONTEXT ( ( #644 ) ) GLOBAL_UNIT_ASSIGNED_CONTEXT ( ( #5607, #3652, #586 ) ) REPRESENTATION_CONTEXT ( 'NONE', 'WORKASPACE' ) );
#941 = CARTESIAN_POINT ( 'NONE',  ( -0.4762422930294945012, 1.201000000000000068, -0.1435297768598247370 ) ) ;
#942 = CARTESIAN_POINT ( 'NONE',  ( -0.05383003070691032982, 1.200000000000000622, -0.1600672867781177122 ) ) ;
#943 = ORIENTED_EDGE ( 'NONE', *, *, #2117, .T. ) ;
#944 = LINE ( 'NONE', #7301, #4652 ) ;
#945 = COLOUR_RGB ( '',1.000000000000000000, 0.8078431372549019773, 0.4980392156862745168 ) ;
#946 = DIRECTION ( 'NONE',  ( 0.000000000000000000, -1.000000000000000000, 0.000000000000000000 ) ) ;
#947 = CARTESIAN_POINT ( 'NONE',  ( 1.600000000000000533, 0.2999999999999999889, -1.100000000000001421 ) ) ;
#948 = CARTESIAN_POINT ( 'NONE',  ( -0.5124621719190511904, 1.201000000000000068, -0.1731642232240074575 ) ) ;
#949 = DIRECTION ( 'NONE',  ( 0.000000000000000000, 0.000000000000000000, 1.000000000000000000 ) ) ;
#950 = ADVANCED_FACE ( 'NONE', ( #6293 ), #2331, .T. ) ;
#951 = CARTESIAN_POINT ( 'NONE',  ( 0.3271804750661250760, 1.201000000000000068, -0.1336516280717638394 ) ) ;
#952 = CARTESIAN_POINT ( 'NONE',  ( 0.2518468824011987905, 1.199999999999999956, 0.006153015749258711892 ) ) ;
#953 = VECTOR ( 'NONE', #5195, 1000.000000000000000 ) ;
#954 = VECTOR ( 'NONE', #882, 1000.000000000000000 ) ;
#955 = VECTOR ( 'NONE', #6711, 1000.000000000000000 ) ;
#956 = EDGE_CURVE ( 'NONE', #3774, #6900, #5000, .T. ) ;
#957 = EDGE_CURVE ( 'NONE', #4815, #1707, #3284, .T. ) ;
#958 = COLOUR_RGB ( '',1.000000000000000000, 0.8078431372549019773, 0.4980392156862745168 ) ;
#959 = CARTESIAN_POINT ( 'NONE',  ( -1.500000000000000000, 0.8000660033871487276, -0.3743399669409692154 ) ) ;
#960 = CARTESIAN_POINT ( 'NONE',  ( 0.03645839952416794760, 1.201000000000000290, -0.1597824942411063820 ) ) ;
#961 = CARTESIAN_POINT ( 'NONE',  ( -0.06799817224935909843, 1.199999999999999956, 0.06165852634068046817 ) ) ;
#962 =( LENGTH_UNIT ( ) NAMED_UNIT ( * ) SI_UNIT ( .MILLI., .METRE. ) );
#963 = CARTESIAN_POINT ( 'NONE',  ( 1.500000000000000222, 1.200000000000000178, -1.149999999999998357 ) ) ;
#964 = CARTESIAN_POINT ( 'NONE',  ( -1.599999999999999867, 0.2999999999999999889, 1.250000000000002220 ) ) ;
#965 = ORIENTED_EDGE ( 'NONE', *, *, #6679, .F. ) ;
#966 = PRESENTATION_LAYER_ASSIGNMENT (  '', '', ( #8048 ) ) ;
#967 = MECHANICAL_DESIGN_GEOMETRIC_PRESENTATION_REPRESENTATION (  '', ( #5119 ), #2391 ) ;
#968 = EDGE_CURVE ( 'NONE', #3460, #5589, #132, .T. ) ;
#969 = VERTEX_POINT ( 'NONE', #721 ) ;
#970 = CARTESIAN_POINT ( 'NONE',  ( 0.001093908632315699790, 1.201000000000000068, 0.08676069169970106187 ) ) ;
#971 = CARTESIAN_POINT ( 'NONE',  ( 0.03076409428962216877, 1.200000000000000400, -0.1106529703994414832 ) ) ;
#972 = LINE ( 'NONE', #7947, #212 ) ;
#973 = SURFACE_SIDE_STYLE ('',( #1569 ) ) ;
#974 =( NAMED_UNIT ( * ) PLANE_ANGLE_UNIT ( ) SI_UNIT ( $, .RADIAN. ) );
#975 = CARTESIAN_POINT ( 'NONE',  ( 0.2342169884343961728, 1.201000000000000068, 0.02589156145062583916 ) ) ;
#976 = PRESENTATION_LAYER_ASSIGNMENT (  '', '', ( #5393 ) ) ;
#977 = ORIENTED_EDGE ( 'NONE', *, *, #535, .T. ) ;
#978 = COLOUR_RGB ( '',1.000000000000000000, 0.8078431372549019773, 0.4980392156862745168 ) ;
#979 = ORIENTED_EDGE ( 'NONE', *, *, #2087, .F. ) ;
#980 = CARTESIAN_POINT ( 'NONE',  ( 1.500000000000000444, 0.8000000000000000444, -0.3750000000000000000 ) ) ;
#981 = FILL_AREA_STYLE ('',( #4091 ) ) ;
#982 = VECTOR ( 'NONE', #6632, 1000.000000000000000 ) ;
#983 = AXIS2_PLACEMENT_3D ( 'NONE', #7655, #4528, #5740 ) ;
#984 = CARTESIAN_POINT ( 'NONE',  ( -0.07261157484337676937, 1.200999999999999845, 0.05603181378398835316 ) ) ;
#985 = CARTESIAN_POINT ( 'NONE',  ( 0.2505259276868462281, 1.201000000000000068, 0.01037709011405613981 ) ) ;
#986 = ORIENTED_EDGE ( 'NONE', *, *, #6953, .F. ) ;
#987 = UNCERTAINTY_MEASURE_WITH_UNIT (LENGTH_MEASURE( 1.000000000000000082E-05 ), #6393, 'distance_accuracy_value', 'NONE');
#988 = DIRECTION ( 'NONE',  ( -1.000000000000000000, 0.000000000000000000, 0.000000000000000000 ) ) ;
#989 = ADVANCED_FACE ( 'NONE', ( #1932 ), #796, .T. ) ;
#990 = B_SPLINE_CURVE_WITH_KNOTS ( 'NONE', 3,
 ( #3404, #6536, #4064, #7311, #2202, #1520, #2124, #379, #5900, #952, #2855 ),
 .UNSPECIFIED., .F., .F.,
 ( 4, 1, 1, 1, 1, 1, 1, 1, 4 ),
 ( 0.000000000000000000, 0.08920477023324596688, 0.1898334556643490045, 0.2992325919749814767, 0.4192609378429068001, 0.5492073901909388933, 0.6890743636843491560, 0.8395791979483189227, 1.000000000000000000 ),
 .UNSPECIFIED. ) ;
#991 = EDGE_CURVE ( 'NONE', #4877, #7418, #5659, .T. ) ;
#992 = CARTESIAN_POINT ( 'NONE',  ( -1.499999999999999778, 0.000000000000000000, -0.4999999999999993339 ) ) ;
#993 = CARTESIAN_POINT ( 'NONE',  ( 0.1164466342541592564, 1.201000000000000068, 0.08366764526557586568 ) ) ;
#994 = CARTESIAN_POINT ( 'NONE',  ( 0.02998021986333426411, 1.200000000000000400, -0.09749136798716036278 ) ) ;
#995 = CARTESIAN_POINT ( 'NONE',  ( -1.350000000000000089, 1.050000000000000044, -0.9999999999999985567 ) ) ;
#996 = LINE ( 'NONE', #2815, #1971 ) ;
#997 = DIRECTION ( 'NONE',  ( -0.000000000000000000, -0.000000000000000000, 1.000000000000000000 ) ) ;
#998 = UNCERTAINTY_MEASURE_WITH_UNIT (LENGTH_MEASURE( 1.000000000000000082E-05 ), #1257, 'distance_accuracy_value', 'NONE');
#999 = STYLED_ITEM ( 'NONE', ( #2692 ), #583 ) ;
#1000 = CARTESIAN_POINT ( 'NONE',  ( -0.007801955970669150267, 1.201000000000000068, 0.08696036152826282228 ) ) ;
#1001 = CARTESIAN_POINT ( 'NONE',  ( 1.600000000000000755, 0.8000000000000000444, -0.3750000000000000000 ) ) ;
#1002 = DIRECTION ( 'NONE',  ( 0.5403350958123748216, 0.000000000000000000, 0.8414499297245390252 ) ) ;
#1003 = AXIS2_PLACEMENT_3D ( 'NONE', #924, #4671, #1005 ) ;
#1004 = CARTESIAN_POINT ( 'NONE',  ( -0.05117231190713259631, 1.200999999999999845, 0.07567721465187275676 ) ) ;
#1005 = DIRECTION ( 'NONE',  ( 1.000000000000000000, 0.000000000000000000, -0.000000000000000000 ) ) ;
#1006 = CARTESIAN_POINT ( 'NONE',  ( 0.4160838141586731265, 1.201000000000000068, -0.1731642232240074575 ) ) ;
#1007 = CARTESIAN_POINT ( 'NONE',  ( -0.03086553751467309425, 1.200999999999999623, -0.1381885677039300653 ) ) ;
#1008 = EDGE_CURVE ( 'NONE', #7017, #6840, #5157, .T. ) ;
#1009 = ORIENTED_EDGE ( 'NONE', *, *, #7557, .F. ) ;
#1010 = ORIENTED_EDGE ( 'NONE', *, *, #3458, .T. ) ;
#1011 = CARTESIAN_POINT ( 'NONE',  ( -0.004797644277317030664, 1.201000000000000290, 0.08689292902703563137 ) ) ;
#1012 = CARTESIAN_POINT ( 'NONE',  ( 0.02935720749645281263, 1.201000000000000290, -0.1179409211090155507 ) ) ;
#1013 = STYLED_ITEM ( 'NONE', ( #2984 ), #5416 ) ;
#1014 = CYLINDRICAL_SURFACE ( 'NONE', #1683, 0.0009999999999999158867 ) ;
#1015 = DIRECTION ( 'NONE',  ( 0.000000000000000000, -1.000000000000000000, 0.000000000000000000 ) ) ;
#1016 = SURFACE_STYLE_USAGE ( .BOTH. , #319 ) ;
#1017 = DIRECTION ( 'NONE',  ( -1.000000000000000000, 0.000000000000000000, 0.000000000000000000 ) ) ;
#1018 = EDGE_CURVE ( 'NONE', #7056, #6868, #7650, .T. ) ;
#1019 = ORIENTED_EDGE ( 'NONE', *, *, #4910, .T. ) ;
#1020 = EDGE_LOOP ( 'NONE', ( #1009, #3919, #5460, #2146 ) ) ;
#1021 =( GEOMETRIC_REPRESENTATION_CONTEXT ( 3 ) GLOBAL_UNCERTAINTY_ASSIGNED_CONTEXT ( ( #987 ) ) GLOBAL_UNIT_ASSIGNED_CONTEXT ( ( #6393, #5753, #814 ) ) REPRESENTATION_CONTEXT ( 'NONE', 'WORKASPACE' ) );
#1022 = ORIENTED_EDGE ( 'NONE', *, *, #7894, .F. ) ;
#1023 = CARTESIAN_POINT ( 'NONE',  ( -1.500000000000000000, 0.8000660148462318544, 0.3743399678858528867 ) ) ;
#1024 = ORIENTED_EDGE ( 'NONE', *, *, #1182, .T. ) ;
#1025 = ADVANCED_FACE ( 'NONE', ( #3943 ), #6949, .T. ) ;
#1026 = DIRECTION ( 'NONE',  ( 0.5403350958123753767, 0.000000000000000000, 0.8414499297245385812 ) ) ;
#1027 = CARTESIAN_POINT ( 'NONE',  ( -0.1963614107011024124, 1.201000000000000068, 0.08366764526557586568 ) ) ;
#1028 = CARTESIAN_POINT ( 'NONE',  ( 0.2485381844605222268, 1.201000000000000512, 0.01647846319848651070 ) ) ;
#1029 = ORIENTED_EDGE ( 'NONE', *, *, #7197, .F. ) ;
#1030 = CARTESIAN_POINT ( 'NONE',  ( -1.350000000000000089, 1.050000000000000044, 0.9999999999999978906 ) ) ;
#1031 = FILL_AREA_STYLE ('',( #1513 ) ) ;
#1032 = VECTOR ( 'NONE', #522, 1000.000000000000000 ) ;
#1033 = CARTESIAN_POINT ( 'NONE',  ( -1.500000000000000000, 0.8010000000000000453, -0.3891067359796659408 ) ) ;
#1034 = LINE ( 'NONE', #6022, #3521 ) ;
#1035 = EDGE_CURVE ( 'NONE', #4384, #568, #6333, .T. ) ;
#1036 = CARTESIAN_POINT ( 'NONE',  ( -0.4762422930294945012, 1.200000000000000178, 0.08366764526557586568 ) ) ;
#1037 = LINE ( 'NONE', #7771, #7907 ) ;
#1038 = ADVANCED_FACE ( 'NONE', ( #757 ), #3244, .T. ) ;
#1039 = LINE ( 'NONE', #5944, #7225 ) ;
#1040 = LINE ( 'NONE', #6692, #89 ) ;
#1041 = DIRECTION ( 'NONE',  ( 0.000000000000000000, -1.000000000000000000, 0.000000000000000000 ) ) ;
#1042 =( GEOMETRIC_REPRESENTATION_CONTEXT ( 3 ) GLOBAL_UNCERTAINTY_ASSIGNED_CONTEXT ( ( #4533 ) ) GLOBAL_UNIT_ASSIGNED_CONTEXT ( ( #7083, #3414, #3950 ) ) REPRESENTATION_CONTEXT ( 'NONE', 'WORKASPACE' ) );
#1043 = LINE ( 'NONE', #6907, #4493 ) ;
#1044 = PLANE ( 'NONE',  #7916 ) ;
#1045 =( NAMED_UNIT ( * ) SI_UNIT ( $, .STERADIAN. ) SOLID_ANGLE_UNIT ( ) );
#1046 = CARTESIAN_POINT ( 'NONE',  ( -0.08288918689777971527, 1.200000000000000400, 0.03690018652823368744 ) ) ;
#1047 = DIRECTION ( 'NONE',  ( -0.000000000000000000, -1.000000000000000000, -0.000000000000000000 ) ) ;
#1048 = DIRECTION ( 'NONE',  ( 0.000000000000000000, -1.000000000000000000, 0.000000000000000000 ) ) ;
#1049 = DIRECTION ( 'NONE',  ( 0.000000000000000000, -1.000000000000000000, 0.000000000000000000 ) ) ;
#1050 = ORIENTED_EDGE ( 'NONE', *, *, #4159, .T. ) ;
#1051 = VERTEX_POINT ( 'NONE', #5819 ) ;
#1052 = CARTESIAN_POINT ( 'NONE',  ( 0.06348708085121013145, 1.201000000000000290, 0.05131037806356572584 ) ) ;
#1053 = CARTESIAN_POINT ( 'NONE',  ( 0.02469310995164461509, 1.201000000000000290, -0.1275702085692185239 ) ) ;
#1054 = EDGE_CURVE ( 'NONE', #1943, #3167, #219, .T. ) ;
#1055 = CARTESIAN_POINT ( 'NONE',  ( -0.3412409262593289472, 1.200000000000000178, -0.1731642232240074575 ) ) ;
#1056 = DIRECTION ( 'NONE',  ( 0.000000000000000000, -2.422152536091439941E-13, 1.000000000000000000 ) ) ;
#1057 = ADVANCED_FACE ( 'NONE', ( #257 ), #7772, .T. ) ;
#1058 = CARTESIAN_POINT ( 'NONE',  ( 0.06376317405116789516, 1.200000000000000178, -0.1078758335779174682 ) ) ;
#1059 = LINE ( 'NONE', #4811, #5251 ) ;
#1060 = ORIENTED_EDGE ( 'NONE', *, *, #5724, .T. ) ;
#1061 = ORIENTED_EDGE ( 'NONE', *, *, #398, .F. ) ;
#1062 = ORIENTED_EDGE ( 'NONE', *, *, #328, .F. ) ;
#1063 = CARTESIAN_POINT ( 'NONE',  ( 0.1526665131437159872, 1.201000000000000068, -0.1336516280717638394 ) ) ;
#1064 = ORIENTED_EDGE ( 'NONE', *, *, #1113, .T. ) ;
#1065 = EDGE_CURVE ( 'NONE', #702, #1391, #3108, .T. ) ;
#1066 =( GEOMETRIC_REPRESENTATION_CONTEXT ( 3 ) GLOBAL_UNCERTAINTY_ASSIGNED_CONTEXT ( ( #526 ) ) GLOBAL_UNIT_ASSIGNED_CONTEXT ( ( #4187, #7471, #8000 ) ) REPRESENTATION_CONTEXT ( 'NONE', 'WORKASPACE' ) );
#1067 = CARTESIAN_POINT ( 'NONE',  ( 0.04396869926150060587, 1.201000000000000068, -0.06596810365565428103 ) ) ;
#1068 = CARTESIAN_POINT ( 'NONE',  ( 0.2399234941049204484, 1.200000000000000178, 0.04477243441258608320 ) ) ;
#1069 = ORIENTED_EDGE ( 'NONE', *, *, #891, .T. ) ;
#1070 = LINE ( 'NONE', #3518, #5688 ) ;
#1071 = DIRECTION ( 'NONE',  ( -1.000000000000000000, 0.000000000000000000, 0.000000000000000000 ) ) ;
#1072 = EDGE_LOOP ( 'NONE', ( #1271, #7542, #5129, #4675 ) ) ;
#1073 = STYLED_ITEM ( 'NONE', ( #7649 ), #3335 ) ;
#1074 = SURFACE_STYLE_USAGE ( .BOTH. , #1756 ) ;
#1075 =( LENGTH_UNIT ( ) NAMED_UNIT ( * ) SI_UNIT ( .MILLI., .METRE. ) );
#1076 = FILL_AREA_STYLE ('',( #6688 ) ) ;
#1077 = CARTESIAN_POINT ( 'NONE',  ( 0.3634003539556817652, 1.201000000000000068, -0.1731642232240074575 ) ) ;
#1078 = ORIENTED_EDGE ( 'NONE', *, *, #2948, .F. ) ;
#1079 = LINE ( 'NONE', #6072, #4854 ) ;
#1080 = CARTESIAN_POINT ( 'NONE',  ( 1.500000000000000444, 0.2999999999999999889, 0.5000000000000003331 ) ) ;
#1081 = EDGE_CURVE ( 'NONE', #6592, #1750, #4508, .T. ) ;
#1082 = AXIS2_PLACEMENT_3D ( 'NONE', #7608, #5049, #5010 ) ;
#1083 = DIRECTION ( 'NONE',  ( 0.000000000000000000, 0.000000000000000000, 1.000000000000000000 ) ) ;
#1084 = EDGE_LOOP ( 'NONE', ( #3753, #4050, #6482, #7954, #2683 ) ) ;
#1085 = ORIENTED_EDGE ( 'NONE', *, *, #2997, .F. ) ;
#1086 = CARTESIAN_POINT ( 'NONE',  ( 0.4523036930482297602, 1.201000000000000068, 0.08366764526557586568 ) ) ;
#1087 = FACE_OUTER_BOUND ( 'NONE', #6846, .T. ) ;
#1088 = CARTESIAN_POINT ( 'NONE',  ( 0.1164466342541592564, 1.201000000000000068, 0.08366764526557586568 ) ) ;
#1089 = DIRECTION ( 'NONE',  ( 0.000000000000000000, -1.000000000000000000, 0.000000000000000000 ) ) ;
#1090 = CARTESIAN_POINT ( 'NONE',  ( -1.500000000000000000, 0.8010000000000000453, -0.3891067359796661629 ) ) ;
#1091 = CARTESIAN_POINT ( 'NONE',  ( 1.500000000000000222, 0.2999999999999999889, -0.4999999999999996669 ) ) ;
#1092 = EDGE_CURVE ( 'NONE', #3878, #3417, #162, .T. ) ;
#1093 = AXIS2_PLACEMENT_3D ( 'NONE', #975, #3467, #2640 ) ;
#1094 = EDGE_CURVE ( 'NONE', #5754, #3225, #6020, .T. ) ;
#1095 = ORIENTED_EDGE ( 'NONE', *, *, #302, .F. ) ;
#1096 = CARTESIAN_POINT ( 'NONE',  ( 0.04687040090244701945, 1.200000000000000622, 0.06913981037546580721 ) ) ;
#1097 = CARTESIAN_POINT ( 'NONE',  ( -7.392383117477958714E-05, 1.200000000000000400, -0.1429178784801765356 ) ) ;
#1098 = PLANE ( 'NONE',  #6414 ) ;
#1099 =( NAMED_UNIT ( * ) PLANE_ANGLE_UNIT ( ) SI_UNIT ( $, .RADIAN. ) );
#1100 = ORIENTED_EDGE ( 'NONE', *, *, #6550, .T. ) ;
#1101 = ORIENTED_EDGE ( 'NONE', *, *, #885, .F. ) ;
#1102 = EDGE_LOOP ( 'NONE', ( #3290, #1659, #1950, #4194 ) ) ;
#1103 = CARTESIAN_POINT ( 'NONE',  ( -0.02205324354511123061, 1.200000000000000178, -0.06779730281802456848 ) ) ;
#1104 = ORIENTED_EDGE ( 'NONE', *, *, #4973, .F. ) ;
#1105 = COLOUR_RGB ( '',1.000000000000000000, 0.8078431372549019773, 0.4980392156862745168 ) ;
#1106 = DIRECTION ( 'NONE',  ( 0.000000000000000000, 0.000000000000000000, -1.000000000000000000 ) ) ;
#1107 = CARTESIAN_POINT ( 'NONE',  ( 0.2399234941049204484, 1.200000000000000178, 0.04477243441258608320 ) ) ;
#1108 = EDGE_LOOP ( 'NONE', ( #7678, #4866, #818, #439 ) ) ;
#1109 = CARTESIAN_POINT ( 'NONE',  ( 0.04327232407515891471, 1.200000000000000400, -0.003770654169009861681 ) ) ;
#1110 = CARTESIAN_POINT ( 'NONE',  ( -0.3609972238354506868, 1.201000000000000068, -0.03157742392846793478 ) ) ;
#1111 =( GEOMETRIC_REPRESENTATION_CONTEXT ( 3 ) GLOBAL_UNCERTAINTY_ASSIGNED_CONTEXT ( ( #3989 ) ) GLOBAL_UNIT_ASSIGNED_CONTEXT ( ( #118, #7021, #5602 ) ) REPRESENTATION_CONTEXT ( 'NONE', 'WORKASPACE' ) );
#1112 = ORIENTED_EDGE ( 'NONE', *, *, #3815, .F. ) ;
#1113 = EDGE_CURVE ( 'NONE', #3167, #8012, #7025, .T. ) ;
#1114 = CIRCLE ( 'NONE', #845, 0.0009999999999999158867 ) ;
#1115 = CYLINDRICAL_SURFACE ( 'NONE', #720, 0.1499999999999999667 ) ;
#1116 = CARTESIAN_POINT ( 'NONE',  ( -0.5999999999999996447, 0.2999999999999999889, -1.149999999999999023 ) ) ;
#1117 = AXIS2_PLACEMENT_3D ( 'NONE', #6267, #4411, #5093 ) ;
#1118 = SURFACE_STYLE_FILL_AREA ( #4951 ) ;
#1119 = EDGE_LOOP ( 'NONE', ( #2335, #6145, #3651, #1617 ) ) ;
#1120 = SURFACE_SIDE_STYLE ('',( #3111 ) ) ;
#1121 = VECTOR ( 'NONE', #3603, 999.9999999999998863 ) ;
#1122 = EDGE_CURVE ( 'NONE', #4903, #7418, #1957, .T. ) ;
#1123 = LINE ( 'NONE', #5481, #4501 ) ;
#1124 = ORIENTED_EDGE ( 'NONE', *, *, #7078, .T. ) ;
#1125 = ORIENTED_EDGE ( 'NONE', *, *, #6976, .F. ) ;
#1126 = FACE_OUTER_BOUND ( 'NONE', #6474, .T. ) ;
#1127 = CARTESIAN_POINT ( 'NONE',  ( 0.5753689633661550618, 1.201000000000000068, 0.08366764526557586568 ) ) ;
#1128 = VECTOR ( 'NONE', #5963, 1000.000000000000000 ) ;
#1129 = DIRECTION ( 'NONE',  ( 0.000000000000000000, 0.000000000000000000, 1.000000000000000000 ) ) ;
#1130 = CARTESIAN_POINT ( 'NONE',  ( 0.2283475384939116226, 1.201000000000000068, 0.007060543466499426615 ) ) ;
#1131 = CARTESIAN_POINT ( 'NONE',  ( -0.08738567358062651613, 1.200000000000000178, 0.01713441752177097613 ) ) ;
#1132 = CARTESIAN_POINT ( 'NONE',  ( -0.04082227551478143091, 1.201000000000000068, 0.04359121852126097291 ) ) ;
#1133 = CARTESIAN_POINT ( 'NONE',  ( -1.500000000000000000, 0.8004788673774634322, -0.3797525647471358679 ) ) ;
#1134 = CARTESIAN_POINT ( 'NONE',  ( -0.009293968027199152326, 1.201000000000000068, -0.1731642232240074575 ) ) ;
#1135 = ORIENTED_EDGE ( 'NONE', *, *, #8091, .T. ) ;
#1136 = MECHANICAL_DESIGN_GEOMETRIC_PRESENTATION_REPRESENTATION (  '', ( #1514 ), #2156 ) ;
#1137 = EDGE_CURVE ( 'NONE', #65, #7333, #1435, .T. ) ;
#1138 = CARTESIAN_POINT ( 'NONE',  ( 0.02661907637341903374, 1.201000000000000068, -0.1245393073107115556 ) ) ;
#1139 = CARTESIAN_POINT ( 'NONE',  ( 1.600000000000000533, 0.000000000000000000, -1.100000000000001199 ) ) ;
#1140 = EDGE_CURVE ( 'NONE', #7371, #7548, #6448, .T. ) ;
#1141 =( LENGTH_UNIT ( ) NAMED_UNIT ( * ) SI_UNIT ( .MILLI., .METRE. ) );
#1142 = STYLED_ITEM ( 'NONE', ( #617 ), #3935 ) ;
#1143 = DIRECTION ( 'NONE',  ( 0.1138384583614893975, 0.000000000000000000, -0.9934992729730000027 ) ) ;
#1144 = EDGE_LOOP ( 'NONE', ( #5064, #6560, #2686, #4306 ) ) ;
#1145 = ORIENTED_EDGE ( 'NONE', *, *, #1649, .T. ) ;
#1146 = ORIENTED_EDGE ( 'NONE', *, *, #5452, .F. ) ;
#1147 = CARTESIAN_POINT ( 'NONE',  ( -1.500000000000000000, 0.8003509938833466286, 0.3714745371609959324 ) ) ;
#1148 = ORIENTED_EDGE ( 'NONE', *, *, #1429, .T. ) ;
#1149 =( GEOMETRIC_REPRESENTATION_CONTEXT ( 3 ) GLOBAL_UNCERTAINTY_ASSIGNED_CONTEXT ( ( #4483 ) ) GLOBAL_UNIT_ASSIGNED_CONTEXT ( ( #2163, #1555, #5946 ) ) REPRESENTATION_CONTEXT ( 'NONE', 'WORKASPACE' ) );
#1150 = CARTESIAN_POINT ( 'NONE',  ( -0.3148991961578331833, 1.201000000000000068, -0.1731642232240074575 ) ) ;
#1151 = CARTESIAN_POINT ( 'NONE',  ( 0.01794423707170190660, 1.201000000000000068, 0.08381566159121944803 ) ) ;
#1152 = CARTESIAN_POINT ( 'NONE',  ( 0.2402820363007421300, 1.200000000000000178, 0.04355433586610416713 ) ) ;
#1153 = ORIENTED_EDGE ( 'NONE', *, *, #4751, .T. ) ;
#1154 = SURFACE_SIDE_STYLE ('',( #493 ) ) ;
#1155 = EDGE_LOOP ( 'NONE', ( #1721, #5368, #348, #2933 ) ) ;
#1156 = PRESENTATION_LAYER_ASSIGNMENT (  '', '', ( #4028 ) ) ;
#1157 = VERTEX_POINT ( 'NONE', #2529 ) ;
#1158 = PRESENTATION_STYLE_ASSIGNMENT (( #1074 ) ) ;
#1159 = CARTESIAN_POINT ( 'NONE',  ( 0.1526665131437159872, 1.200000000000000178, 0.08366764526557586568 ) ) ;
#1160 = DIRECTION ( 'NONE',  ( -1.000000000000000000, -0.000000000000000000, 1.355252715606881036E-16 ) ) ;
#1161 = PLANE ( 'NONE',  #5504 ) ;
#1162 = VERTEX_POINT ( 'NONE', #5032 ) ;
#1163 = EDGE_CURVE ( 'NONE', #6696, #143, #4006, .T. ) ;
#1164 = CARTESIAN_POINT ( 'NONE',  ( 0.02891328490959288802, 1.201000000000000734, -0.09322695496599808784 ) ) ;
#1165 = CARTESIAN_POINT ( 'NONE',  ( -0.03014160188936778131, 1.201000000000000068, -0.1708785684440472241 ) ) ;
#1166 = VECTOR ( 'NONE', #997, 1000.000000000000000 ) ;
#1167 = ORIENTED_EDGE ( 'NONE', *, *, #7910, .F. ) ;
#1168 = ORIENTED_EDGE ( 'NONE', *, *, #1480, .F. ) ;
#1169 =( NAMED_UNIT ( * ) SI_UNIT ( $, .STERADIAN. ) SOLID_ANGLE_UNIT ( ) );
#1170 = LINE ( 'NONE', #7397, #4874 ) ;
#1171 = EDGE_CURVE ( 'NONE', #370, #536, #708, .T. ) ;
#1172 = LINE ( 'NONE', #6786, #3445 ) ;
#1173 = DIRECTION ( 'NONE',  ( 0.000000000000000000, 0.000000000000000000, 1.000000000000000000 ) ) ;
#1174 = PLANE ( 'NONE',  #6563 ) ;
#1175 = DIRECTION ( 'NONE',  ( 0.000000000000000000, 0.000000000000000000, -1.000000000000000000 ) ) ;
#1176 = PLANE ( 'NONE',  #5709 ) ;
#1177 = ORIENTED_EDGE ( 'NONE', *, *, #4491, .T. ) ;
#1178 = LINE ( 'NONE', #3711, #1597 ) ;
#1179 = CARTESIAN_POINT ( 'NONE',  ( 1.600000000000000755, 0.8000000000000000444, 0.3750000000000000000 ) ) ;
#1180 = CARTESIAN_POINT ( 'NONE',  ( -1.599999999999998979, 0.8000000000000000444, -1.249999999999997780 ) ) ;
#1181 = FACE_OUTER_BOUND ( 'NONE', #2874, .T. ) ;
#1182 = EDGE_CURVE ( 'NONE', #3595, #1457, #6982, .T. ) ;
#1183 = VERTEX_POINT ( 'NONE', #3853 ) ;
#1184 = ORIENTED_EDGE ( 'NONE', *, *, #4923, .T. ) ;
#1185 = VERTEX_POINT ( 'NONE', #3232 ) ;
#1186 = LINE ( 'NONE', #5507, #6354 ) ;
#1187 = EDGE_LOOP ( 'NONE', ( #3054, #2443, #1670, #4447, #449, #6716, #1984, #695, #5207, #6892, #1531, #505, #2288, #3309, #660, #5413, #5631 ) ) ;
#1188 = CARTESIAN_POINT ( 'NONE',  ( -0.006618636063766012226, 1.201000000000000068, 0.05732591516408013649 ) ) ;
#1189 = CARTESIAN_POINT ( 'NONE',  ( 0.07367247065651054416, 1.201000000000000068, 0.03022302203228560691 ) ) ;
#1190 = CARTESIAN_POINT ( 'NONE',  ( 0.07385448199770729139, 1.200000000000000400, -0.01643137398134957017 ) ) ;
#1191 = VERTEX_POINT ( 'NONE', #5725 ) ;
#1192 = CARTESIAN_POINT ( 'NONE',  ( -0.02205324354511123061, 1.201000000000000068, -0.06779730281802456848 ) ) ;
#1193 = B_SPLINE_CURVE_WITH_KNOTS ( 'NONE', 3,
 ( #7847, #6815, #8047, #1711, #453, #4266, #7344 ),
 .UNSPECIFIED., .F., .F.,
 ( 4, 1, 1, 1, 4 ),
 ( 0.000000000000000000, 0.2094025526291401207, 0.4444010364151514403, 0.7082720668673796460, 1.000000000000000000 ),
 .UNSPECIFIED. ) ;
#1194 = EDGE_LOOP ( 'NONE', ( #4863, #2945 ) ) ;
#1195 = ORIENTED_EDGE ( 'NONE', *, *, #1497, .F. ) ;
#1196 = PLANE ( 'NONE',  #7006 ) ;
#1197 = PRESENTATION_STYLE_ASSIGNMENT (( #8092 ) ) ;
#1198 = VECTOR ( 'NONE', #2007, 1000.000000000000000 ) ;
#1199 = DIRECTION ( 'NONE',  ( 1.000000000000000000, 0.000000000000000000, 0.000000000000000000 ) ) ;
#1200 = ORIENTED_EDGE ( 'NONE', *, *, #3176, .F. ) ;
#1201 = CARTESIAN_POINT ( 'NONE',  ( -1.500000000000000000, 0.7999999999999999334, 0.3608932640203325048 ) ) ;
#1202 = CARTESIAN_POINT ( 'NONE',  ( 0.3634003539556817652, 1.201000000000000068, -0.1731642232240074575 ) ) ;
#1203 = COLOUR_RGB ( '',0.2509803921568627416, 0.2509803921568627416, 0.2509803921568627416 ) ;
#1204 = CARTESIAN_POINT ( 'NONE',  ( -0.1963614107011024124, 1.201000000000000068, 0.08366764526557586568 ) ) ;
#1205 = VERTEX_POINT ( 'NONE', #121 ) ;
#1206 = EDGE_CURVE ( 'NONE', #3737, #437, #1870, .T. ) ;
#1207 = DIRECTION ( 'NONE',  ( 0.000000000000000000, -1.000000000000000000, 0.000000000000000000 ) ) ;
#1208 = PRESENTATION_LAYER_ASSIGNMENT (  '', '', ( #3687 ) ) ;
#1209 = CARTESIAN_POINT ( 'NONE',  ( -0.03798375865413246288, 1.200000000000000622, 0.04654964834412208402 ) ) ;
#1210 = CARTESIAN_POINT ( 'NONE',  ( -0.008214946599979854741, 1.200999999999999845, 0.05730142588971614409 ) ) ;
#1211 = CARTESIAN_POINT ( 'NONE',  ( 0.03937184601362182096, 1.201000000000000068, -0.05367406346683209484 ) ) ;
#1212 = PRESENTATION_LAYER_ASSIGNMENT (  '', '', ( #2621 ) ) ;
#1213 = ADVANCED_FACE ( 'NONE', ( #6355 ), #3219, .F. ) ;
#1214 = EDGE_CURVE ( 'NONE', #7762, #1938, #1829, .T. ) ;
#1215 =( NAMED_UNIT ( * ) SI_UNIT ( $, .STERADIAN. ) SOLID_ANGLE_UNIT ( ) );
#1216 = PRESENTATION_LAYER_ASSIGNMENT (  '', '', ( #26 ) ) ;
#1217 = DIRECTION ( 'NONE',  ( -0.000000000000000000, 1.000000000000000000, -0.000000000000000000 ) ) ;
#1218 = LINE ( 'NONE', #7488, #3735 ) ;
#1219 = CARTESIAN_POINT ( 'NONE',  ( -0.006856865338525182894, 1.199999999999999956, -0.1435064214064319665 ) ) ;
#1220 = LINE ( 'NONE', #5587, #1032 ) ;
#1221 = DIRECTION ( 'NONE',  ( 0.000000000000000000, -1.000000000000000000, 0.000000000000000000 ) ) ;
#1222 =( GEOMETRIC_REPRESENTATION_CONTEXT ( 3 ) GLOBAL_UNCERTAINTY_ASSIGNED_CONTEXT ( ( #7483 ) ) GLOBAL_UNIT_ASSIGNED_CONTEXT ( ( #1688, #4071, #3452 ) ) REPRESENTATION_CONTEXT ( 'NONE', 'WORKASPACE' ) );
#1223 = VERTEX_POINT ( 'NONE', #1340 ) ;
#1224 = ADVANCED_FACE ( 'NONE', ( #693 ), #3900, .T. ) ;
#1225 = VECTOR ( 'NONE', #55, 1000.000000000000000 ) ;
#1226 = DIRECTION ( 'NONE',  ( 0.000000000000000000, 0.000000000000000000, -1.000000000000000000 ) ) ;
#1227 = PRESENTATION_LAYER_ASSIGNMENT (  '', '', ( #6208 ) ) ;
#1228 = VERTEX_POINT ( 'NONE', #3797 ) ;
#1229 = EDGE_CURVE ( 'NONE', #1228, #4903, #737, .T. ) ;
#1230 = CARTESIAN_POINT ( 'NONE',  ( -0.01587640557001166255, 1.200000000000000622, 0.05673167592557083749 ) ) ;
#1231 = CARTESIAN_POINT ( 'NONE',  ( 0.07618194611357016754, 1.200000000000000400, -0.005469053621631025063 ) ) ;
#1232 = EDGE_LOOP ( 'NONE', ( #2316, #2530, #846, #4529, #4897, #3966 ) ) ;
#1233 = CARTESIAN_POINT ( 'NONE',  ( 1.600000000000000533, 0.2999999999999999889, -1.250000000000001332 ) ) ;
#1234 = DIRECTION ( 'NONE',  ( -1.000000000000000000, 0.000000000000000000, 0.000000000000000000 ) ) ;
#1235 = ORIENTED_EDGE ( 'NONE', *, *, #642, .T. ) ;
#1236 = VERTEX_POINT ( 'NONE', #6193 ) ;
#1237 = CARTESIAN_POINT ( 'NONE',  ( -1.499999999999999778, 0.8002400829319074038, -0.3702345636535157580 ) ) ;
#1238 = CARTESIAN_POINT ( 'NONE',  ( -0.3609972238354506868, 1.201000000000000068, -0.06121187029265061363 ) ) ;
#1239 = AXIS2_PLACEMENT_3D ( 'NONE', #704, #6317, #7549 ) ;
#1240 = EDGE_CURVE ( 'NONE', #5589, #70, #572, .T. ) ;
#1241 = ORIENTED_EDGE ( 'NONE', *, *, #2164, .F. ) ;
#1242 = FILL_AREA_STYLE ('',( #7474 ) ) ;
#1243 = EDGE_CURVE ( 'NONE', #2481, #5710, #8083, .T. ) ;
#1244 = CARTESIAN_POINT ( 'NONE',  ( -0.01646834053269946932, 1.201000000000000290, -0.1730401983095783969 ) ) ;
#1245 = EDGE_CURVE ( 'NONE', #7588, #1332, #4337, .T. ) ;
#1246 = VECTOR ( 'NONE', #7920, 1000.000000000000114 ) ;
#1247 = VECTOR ( 'NONE', #3640, 1000.000000000000000 ) ;
#1248 =( LENGTH_UNIT ( ) NAMED_UNIT ( * ) SI_UNIT ( .MILLI., .METRE. ) );
#1249 = ORIENTED_EDGE ( 'NONE', *, *, #3430, .F. ) ;
#1250 = SURFACE_STYLE_FILL_AREA ( #3032 ) ;
#1251 = MECHANICAL_DESIGN_GEOMETRIC_PRESENTATION_REPRESENTATION (  '', ( #4386 ), #2925 ) ;
#1252 = LINE ( 'NONE', #594, #7543 ) ;
#1253 = DIRECTION ( 'NONE',  ( 1.000000000000000000, -0.000000000000000000, -0.000000000000000000 ) ) ;
#1254 = SURFACE_STYLE_FILL_AREA ( #2425 ) ;
#1255 = LINE ( 'NONE', #5660, #7636 ) ;
#1256 = STYLED_ITEM ( 'NONE', ( #3126 ), #3026 ) ;
#1257 =( LENGTH_UNIT ( ) NAMED_UNIT ( * ) SI_UNIT ( .MILLI., .METRE. ) );
#1258 = MECHANICAL_DESIGN_GEOMETRIC_PRESENTATION_REPRESENTATION (  '', ( #4771 ), #4398 ) ;
#1259 = SURFACE_STYLE_FILL_AREA ( #727 ) ;
#1260 = PLANE ( 'NONE',  #6005 ) ;
#1261 = CARTESIAN_POINT ( 'NONE',  ( 0.2302014190377578984, 1.200999999999999845, 0.01305057443770205571 ) ) ;
#1262 = ADVANCED_FACE ( 'NONE', ( #5752 ), #3961, .T. ) ;
#1263 = DIRECTION ( 'NONE',  ( 1.000000000000000000, 0.000000000000000000, 0.000000000000000000 ) ) ;
#1264 = VECTOR ( 'NONE', #3464, 1000.000000000000000 ) ;
#1265 = VERTEX_POINT ( 'NONE', #6481 ) ;
#1266 = CARTESIAN_POINT ( 'NONE',  ( 0.07682230931435413135, 1.200000000000000178, 0.0003746452085303843683 ) ) ;
#1267 = ORIENTED_EDGE ( 'NONE', *, *, #3447, .F. ) ;
#1268 = EDGE_CURVE ( 'NONE', #7309, #2446, #747, .T. ) ;
#1269 = CARTESIAN_POINT ( 'NONE',  ( -0.03159995961056308311, 1.201000000000000068, 0.05132647828592287742 ) ) ;
#1270 = CARTESIAN_POINT ( 'NONE',  ( 0.03057094880999404116, 1.200000000000000178, -0.05647597110780924051 ) ) ;
#1271 = ORIENTED_EDGE ( 'NONE', *, *, #7493, .T. ) ;
#1272 =( NAMED_UNIT ( * ) SI_UNIT ( $, .STERADIAN. ) SOLID_ANGLE_UNIT ( ) );
#1273 = ORIENTED_EDGE ( 'NONE', *, *, #4587, .F. ) ;
#1274 = EDGE_LOOP ( 'NONE', ( #105, #7516, #2842, #5165 ) ) ;
#1275 = DIRECTION ( 'NONE',  ( -0.000000000000000000, -0.000000000000000000, -1.000000000000000000 ) ) ;
#1276 = CARTESIAN_POINT ( 'NONE',  ( -0.03086553751467309425, 1.199999999999999734, -0.1381885677039300653 ) ) ;
#1277 =( NAMED_UNIT ( * ) PLANE_ANGLE_UNIT ( ) SI_UNIT ( $, .RADIAN. ) );
#1278 = VERTEX_POINT ( 'NONE', #2635 ) ;
#1279 = CARTESIAN_POINT ( 'NONE',  ( 0.02719033160128839915, 1.200999999999999845, -0.08934399460011126226 ) ) ;
#1280 = STYLED_ITEM ( 'NONE', ( #4080 ), #5564 ) ;
#1281 = CARTESIAN_POINT ( 'NONE',  ( -1.500000000000000000, 0.8010000000000000453, -1.150999999999998469 ) ) ;
#1282 = ADVANCED_FACE ( 'NONE', ( #5175 ), #4422, .T. ) ;
#1283 = CARTESIAN_POINT ( 'NONE',  ( 0.009310324038901992769, 1.200000000000000400, 0.05539069827821972714 ) ) ;
#1284 = EDGE_CURVE ( 'NONE', #3139, #702, #1536, .T. ) ;
#1285 = PLANE ( 'NONE',  #3408 ) ;
#1286 = AXIS2_PLACEMENT_3D ( 'NONE', #7055, #4005, #777 ) ;
#1287 = AXIS2_PLACEMENT_3D ( 'NONE', #2534, #4997, #4399 ) ;
#1288 = CARTESIAN_POINT ( 'NONE',  ( 0.6136467899198910780, 1.201000000000000068, 0.08366764526557586568 ) ) ;
#1289 = CARTESIAN_POINT ( 'NONE',  ( 0.2320135102615615841, 1.201000000000000290, 0.01875242511492107925 ) ) ;
#1290 = DIRECTION ( 'NONE',  ( 1.000000000000000000, 0.000000000000000000, -2.891205793294683257E-16 ) ) ;
#1291 = DIRECTION ( 'NONE',  ( -0.000000000000000000, 1.000000000000000000, -0.000000000000000000 ) ) ;
#1292 = DIRECTION ( 'NONE',  ( -0.000000000000000000, 1.000000000000000000, 0.000000000000000000 ) ) ;
#1293 = PRESENTATION_STYLE_ASSIGNMENT (( #5044 ) ) ;
#1294 = VECTOR ( 'NONE', #60, 1000.000000000000000 ) ;
#1295 =( GEOMETRIC_REPRESENTATION_CONTEXT ( 3 ) GLOBAL_UNCERTAINTY_ASSIGNED_CONTEXT ( ( #595 ) ) GLOBAL_UNIT_ASSIGNED_CONTEXT ( ( #2039, #4014, #3928 ) ) REPRESENTATION_CONTEXT ( 'NONE', 'WORKASPACE' ) );
#1296 = DIRECTION ( 'NONE',  ( -0.000000000000000000, -1.000000000000000000, -0.000000000000000000 ) ) ;
#1297 = UNCERTAINTY_MEASURE_WITH_UNIT (LENGTH_MEASURE( 1.000000000000000082E-05 ), #6505, 'distance_accuracy_value', 'NONE');
#1298 = SURFACE_SIDE_STYLE ('',( #5623 ) ) ;
#1299 = ORIENTED_EDGE ( 'NONE', *, *, #4310, .T. ) ;
#1300 = CARTESIAN_POINT ( 'NONE',  ( 1.600000000000000089, 0.8000000000000000444, 0.2749999999999999112 ) ) ;
#1301 = CARTESIAN_POINT ( 'NONE',  ( 1.349999999999999201, 0.000000000000000000, 1.149999999999999911 ) ) ;
#1302 = CARTESIAN_POINT ( 'NONE',  ( 1.500000000000000000, 0.8004855439755816926, 0.3643984008331206947 ) ) ;
#1303 = ORIENTED_EDGE ( 'NONE', *, *, #2201, .F. ) ;
#1304 = CARTESIAN_POINT ( 'NONE',  ( 0.07196594706409133180, 1.200000000000000178, -0.02148903365461687920 ) ) ;
#1305 = ORIENTED_EDGE ( 'NONE', *, *, #6027, .F. ) ;
#1306 = ADVANCED_FACE ( 'NONE', ( #2030 ), #5212, .T. ) ;
#1307 = VECTOR ( 'NONE', #7002, 1000.000000000000000 ) ;
#1308 = CARTESIAN_POINT ( 'NONE',  ( -0.008214946599979854741, 1.200999999999999845, 0.05730142588971614409 ) ) ;
#1309 = CARTESIAN_POINT ( 'NONE',  ( 0.07196594706409133180, 1.200000000000000178, -0.02148903365461687920 ) ) ;
#1310 = VERTEX_POINT ( 'NONE', #6710 ) ;
#1311 = LINE ( 'NONE', #779, #5046 ) ;
#1312 = ORIENTED_EDGE ( 'NONE', *, *, #2111, .F. ) ;
#1313 = ORIENTED_EDGE ( 'NONE', *, *, #7406, .T. ) ;
#1314 = EDGE_CURVE ( 'NONE', #5414, #1648, #3628, .T. ) ;
#1315 = CARTESIAN_POINT ( 'NONE',  ( -0.02116231393831108365, 1.201000000000000068, -0.06769994855225296149 ) ) ;
#1316 = CARTESIAN_POINT ( 'NONE',  ( -0.04794586348521340941, 1.201000000000000068, -0.1173956532512630963 ) ) ;
#1317 = VECTOR ( 'NONE', #411, 1000.000000000000000 ) ;
#1318 = DIRECTION ( 'NONE',  ( -0.000000000000000000, -1.000000000000000000, -0.000000000000000000 ) ) ;
#1319 = EDGE_LOOP ( 'NONE', ( #4604, #441, #239, #2150 ) ) ;
#1320 = DIRECTION ( 'NONE',  ( 0.000000000000000000, -1.000000000000000000, 0.000000000000000000 ) ) ;
#1321 = DIRECTION ( 'NONE',  ( 0.000000000000000000, 0.000000000000000000, 1.000000000000000000 ) ) ;
#1322 = CARTESIAN_POINT ( 'NONE',  ( 1.449999999999999956, 0.2999999999999999889, -1.249999999999998224 ) ) ;
#1323 = CARTESIAN_POINT ( 'NONE',  ( -0.05720786773054815227, 1.200000000000000178, 0.07159607653475276445 ) ) ;
#1324 = CARTESIAN_POINT ( 'NONE',  ( 1.500000000000000222, 0.8001327125472076363, -0.3736800037124873297 ) ) ;
#1325 = CARTESIAN_POINT ( 'NONE',  ( -1.500999999999999890, 0.8000000000000000444, 1.250000000000002220 ) ) ;
#1326 = FILL_AREA_STYLE_COLOUR ( '', #7117 ) ;
#1327 = STYLED_ITEM ( 'NONE', ( #4912 ), #8002 ) ;
#1328 = CARTESIAN_POINT ( 'NONE',  ( 0.03645839952416794760, 1.200000000000000844, -0.1597824942411063820 ) ) ;
#1329 = CARTESIAN_POINT ( 'NONE',  ( 1.500000000000000222, 0.8003859271142341747, 0.3711215614987796174 ) ) ;
#1330 = COLOUR_RGB ( '',0.2509803921568627416, 0.2509803921568627416, 0.2509803921568627416 ) ;
#1331 = EDGE_CURVE ( 'NONE', #6196, #969, #1654, .T. ) ;
#1332 = VERTEX_POINT ( 'NONE', #5365 ) ;
#1333 = CARTESIAN_POINT ( 'NONE',  ( -1.099999999999998979, 1.201000000000000068, 0.8000000000000022649 ) ) ;
#1334 = DIRECTION ( 'NONE',  ( -1.000000000000000000, 0.000000000000000000, 0.000000000000000000 ) ) ;
#1335 = DIRECTION ( 'NONE',  ( -0.000000000000000000, 1.000000000000000000, -0.000000000000000000 ) ) ;
#1336 = EDGE_CURVE ( 'NONE', #1958, #6174, #972, .T. ) ;
#1337 = ORIENTED_EDGE ( 'NONE', *, *, #1358, .F. ) ;
#1338 = EDGE_CURVE ( 'NONE', #3457, #702, #4125, .T. ) ;
#1339 = ORIENTED_EDGE ( 'NONE', *, *, #7186, .T. ) ;
#1340 = CARTESIAN_POINT ( 'NONE',  ( -1.500000000000000000, 1.050000000000000044, 0.9999999999999972244 ) ) ;
#1341 = CARTESIAN_POINT ( 'NONE',  ( 0.03418346026370477908, 1.200999999999999845, -0.05556388343519529094 ) ) ;
#1342 = MECHANICAL_DESIGN_GEOMETRIC_PRESENTATION_REPRESENTATION (  '', ( #5375 ), #1596 ) ;
#1343 = ORIENTED_EDGE ( 'NONE', *, *, #2313, .F. ) ;
#1344 = CARTESIAN_POINT ( 'NONE',  ( 0.01404580305917231021, 1.201000000000000290, -0.1376967576529826986 ) ) ;
#1345 = CARTESIAN_POINT ( 'NONE',  ( 0.4523036930482297602, 1.200000000000000178, 0.08366764526557586568 ) ) ;
#1346 = PRESENTATION_LAYER_ASSIGNMENT (  '', '', ( #6861 ) ) ;
#1347 = ORIENTED_EDGE ( 'NONE', *, *, #770, .T. ) ;
#1348 = ORIENTED_EDGE ( 'NONE', *, *, #1268, .F. ) ;
#1349 = VECTOR ( 'NONE', #7626, 1000.000000000000000 ) ;
#1350 = CARTESIAN_POINT ( 'NONE',  ( 1.349999999999999201, 0.2999999999999999889, 1.149999999999999911 ) ) ;
#1351 =( NAMED_UNIT ( * ) PLANE_ANGLE_UNIT ( ) SI_UNIT ( $, .RADIAN. ) );
#1352 = PRESENTATION_LAYER_ASSIGNMENT (  '', '', ( #2119 ) ) ;
#1353 = DIRECTION ( 'NONE',  ( 0.000000000000000000, -1.000000000000000000, 0.000000000000000000 ) ) ;
#1354 = CARTESIAN_POINT ( 'NONE',  ( -0.5999999999999996447, 0.2999999999999999889, -1.149999999999999023 ) ) ;
#1355 = UNCERTAINTY_MEASURE_WITH_UNIT (LENGTH_MEASURE( 1.000000000000000082E-05 ), #4841, 'distance_accuracy_value', 'NONE');
#1356 = ORIENTED_EDGE ( 'NONE', *, *, #6874, .F. ) ;
#1357 = DIRECTION ( 'NONE',  ( -0.000000000000000000, -1.000000000000000000, -0.000000000000000000 ) ) ;
#1358 = EDGE_CURVE ( 'NONE', #3841, #1958, #3589, .T. ) ;
#1359 =( GEOMETRIC_REPRESENTATION_CONTEXT ( 3 ) GLOBAL_UNCERTAINTY_ASSIGNED_CONTEXT ( ( #6368 ) ) GLOBAL_UNIT_ASSIGNED_CONTEXT ( ( #3600, #2971, #530 ) ) REPRESENTATION_CONTEXT ( 'NONE', 'WORKASPACE' ) );
#1360 = VECTOR ( 'NONE', #6615, 1000.000000000000000 ) ;
#1361 = CARTESIAN_POINT ( 'NONE',  ( 0.004239216014881127224, 1.200000000000001288, 0.05646481910100813184 ) ) ;
#1362 = CARTESIAN_POINT ( 'NONE',  ( 0.2283475384939116226, 1.201000000000000068, 0.007060543466499426615 ) ) ;
#1363 = CARTESIAN_POINT ( 'NONE',  ( 0.05007973181321752343, 1.201000000000000068, -0.07165713007004126389 ) ) ;
#1364 = CARTESIAN_POINT ( 'NONE',  ( -0.1140435041339282612, 1.200000000000000178, -0.1435297768598247370 ) ) ;
#1365 = FACE_OUTER_BOUND ( 'NONE', #6344, .T. ) ;
#1366 = CARTESIAN_POINT ( 'NONE',  ( 1.450000000000000844, 0.000000000000000000, 1.250000000000001776 ) ) ;
#1367 = EDGE_CURVE ( 'NONE', #115, #5999, #2340, .T. ) ;
#1368 = CARTESIAN_POINT ( 'NONE',  ( 0.04979114439602683184, 1.201000000000000068, -0.1476376776585256456 ) ) ;
#1369 = CIRCLE ( 'NONE', #5400, 0.1499999999999999667 ) ;
#1370 = COLOUR_RGB ( '',1.000000000000000000, 0.8078431372549019773, 0.4980392156862745168 ) ;
#1371 = SURFACE_STYLE_FILL_AREA ( #2582 ) ;
#1372 = UNCERTAINTY_MEASURE_WITH_UNIT (LENGTH_MEASURE( 1.000000000000000082E-05 ), #3075, 'distance_accuracy_value', 'NONE');
#1373 = AXIS2_PLACEMENT_3D ( 'NONE', #3369, #1487, #7120 ) ;
#1374 = SURFACE_SIDE_STYLE ('',( #4564 ) ) ;
#1375 =( NAMED_UNIT ( * ) SI_UNIT ( $, .STERADIAN. ) SOLID_ANGLE_UNIT ( ) );
#1376 = EDGE_LOOP ( 'NONE', ( #6397, #6521, #1656, #7617 ) ) ;
#1377 = DIRECTION ( 'NONE',  ( 1.000000000000000000, 0.000000000000000000, 0.000000000000000000 ) ) ;
#1378 = CARTESIAN_POINT ( 'NONE',  ( 1.500000000000000444, 0.8000000000000000444, 0.3750000000000001110 ) ) ;
#1379 = VERTEX_POINT ( 'NONE', #4850 ) ;
#1380 = AXIS2_PLACEMENT_3D ( 'NONE', #1030, #5890, #446 ) ;
#1381 = ADVANCED_FACE ( 'NONE', ( #4082 ), #5962, .T. ) ;
#1382 = SURFACE_STYLE_USAGE ( .BOTH. , #64 ) ;
#1383 = EDGE_LOOP ( 'NONE', ( #1125, #5873, #4677, #6633 ) ) ;
#1384 = CARTESIAN_POINT ( 'NONE',  ( 1.600000000000000089, 1.201000000000000068, -0.4750000000000000888 ) ) ;
#1385 = EDGE_CURVE ( 'NONE', #5472, #155, #6587, .T. ) ;
#1386 = SURFACE_STYLE_FILL_AREA ( #6435 ) ;
#1387 = ORIENTED_EDGE ( 'NONE', *, *, #281, .T. ) ;
#1388 = CARTESIAN_POINT ( 'NONE',  ( -1.500000000000000000, 0.8003859271142338416, 0.3788784385012196054 ) ) ;
#1389 = DIRECTION ( 'NONE',  ( -0.000000000000000000, 1.000000000000000000, -0.000000000000000000 ) ) ;
#1390 = VERTEX_POINT ( 'NONE', #477 ) ;
#1391 = VERTEX_POINT ( 'NONE', #2218 ) ;
#1392 = LINE ( 'NONE', #5686, #3976 ) ;
#1393 = CARTESIAN_POINT ( 'NONE',  ( -0.03086553751467309425, 1.200999999999999623, -0.1381885677039300653 ) ) ;
#1394 = CARTESIAN_POINT ( 'NONE',  ( -1.599999999999998979, 0.000000000000000000, -1.249999999999997780 ) ) ;
#1395 = CARTESIAN_POINT ( 'NONE',  ( 0.4523036930482297602, 1.201000000000000068, 0.08366764526557586568 ) ) ;
#1396 = CARTESIAN_POINT ( 'NONE',  ( -1.600000000000000089, 0.8000000000000000444, -0.3750000000000000000 ) ) ;
#1397 = ORIENTED_EDGE ( 'NONE', *, *, #5520, .F. ) ;
#1398 = LINE ( 'NONE', #2609, #6348 ) ;
#1399 = DIRECTION ( 'NONE',  ( -0.000000000000000000, -0.000000000000000000, -1.000000000000000000 ) ) ;
#1400 = CARTESIAN_POINT ( 'NONE',  ( 0.6000000000000003109, 0.2999999999999999889, 0.5000000000000005551 ) ) ;
#1401 = SURFACE_STYLE_FILL_AREA ( #7031 ) ;
#1402 = VECTOR ( 'NONE', #1843, 1000.000000000000000 ) ;
#1403 = EDGE_CURVE ( 'NONE', #6442, #3614, #2869, .T. ) ;
#1404 = CARTESIAN_POINT ( 'NONE',  ( -0.1140435041339282612, 1.201000000000000068, -0.1731642232240074575 ) ) ;
#1405 = CARTESIAN_POINT ( 'NONE',  ( -1.500000000000000000, 1.050000000000000044, 1.149999999999997913 ) ) ;
#1406 = CARTESIAN_POINT ( 'NONE',  ( -0.08770177403243258063, 1.200000000000000178, 0.01452060374914958263 ) ) ;
#1407 = CARTESIAN_POINT ( 'NONE',  ( 0.04218957565118567482, 1.199999999999999956, -0.008403551902545595975 ) ) ;
#1408 = VECTOR ( 'NONE', #3940, 1000.000000000000000 ) ;
#1409 = EDGE_CURVE ( 'NONE', #3133, #2687, #3503, .T. ) ;
#1410 = CARTESIAN_POINT ( 'NONE',  ( 1.450000000000000844, 0.2999999999999999889, 1.250000000000001776 ) ) ;
#1411 = FILL_AREA_STYLE_COLOUR ( '', #3028 ) ;
#1412 = B_SPLINE_SURFACE_WITH_KNOTS ( 'NONE', 3, 1, ( 
 ( #7982, #5327 ),
 ( #1778, #5407 ),
 ( #4808, #971 ),
 ( #2914, #3000 ),
 ( #1012, #6667 ),
 ( #1734, #3501 ),
 ( #1138, #3463 ),
 ( #1053, #7946 ),
 ( #7326, #6709 ),
 ( #476, #5496 ),
 ( #2338, #7242 ),
 ( #1610, #5960 ),
 ( #6001, #4763 ),
 ( #351, #7287 ),
 ( #7911, #4848 ),
 ( #2831, #1097 ),
 ( #7865, #6623 ),
 ( #1652, #390 ),
 ( #2868, #4165 ) ),
 .UNSPECIFIED., .F., .F., .F.,
 ( 4, 1, 1, 1, 1, 1, 1, 1, 1, 1, 1, 1, 1, 1, 1, 1, 4 ),
 ( 2, 2 ),
 ( 0.000000000000000000, 0.06509335070708864579, 0.1273042315324059148, 0.1881220215801465145, 0.2471305161007633922, 0.3060769160082425500, 0.3656782273658535365, 0.4261033481625818853, 0.4878414950797360650, 0.5503167167998648246, 0.6118052235137849681, 0.6727373158544541765, 0.7348834089993248053, 0.7976802029336796940, 0.8624746871088676548, 0.9297754033859679801, 1.000000000000000000 ),
 ( 0.000000000000000000, 1.000000000000000000 ),
 .UNSPECIFIED. ) ;
#1413 = CARTESIAN_POINT ( 'NONE',  ( 0.000000000000000000, 1.200000000000000178, 0.000000000000000000 ) ) ;
#1414 = ORIENTED_EDGE ( 'NONE', *, *, #805, .T. ) ;
#1415 = CARTESIAN_POINT ( 'NONE',  ( 0.3093792277709736527, 1.200000000000000178, -0.1731642232240074575 ) ) ;
#1416 = MECHANICAL_DESIGN_GEOMETRIC_PRESENTATION_REPRESENTATION (  '', ( #503 ), #2178 ) ;
#1417 = CARTESIAN_POINT ( 'NONE',  ( 1.500000000000000222, 0.8010000000000000453, -0.3608932640203371123 ) ) ;
#1418 = UNCERTAINTY_MEASURE_WITH_UNIT (LENGTH_MEASURE( 1.000000000000000082E-05 ), #4036, 'distance_accuracy_value', 'NONE');
#1419 = ORIENTED_EDGE ( 'NONE', *, *, #1994, .T. ) ;
#1420 = DIRECTION ( 'NONE',  ( 0.000000000000000000, 1.000000000000000000, 0.000000000000000000 ) ) ;
#1421 = ORIENTED_EDGE ( 'NONE', *, *, #4286, .F. ) ;
#1422 = SURFACE_STYLE_USAGE ( .BOTH. , #894 ) ;
#1423 = DIRECTION ( 'NONE',  ( -1.000000000000000000, 0.000000000000000000, 2.409338161078898687E-16 ) ) ;
#1424 = SURFACE_STYLE_USAGE ( .BOTH. , #4045 ) ;
#1425 = CARTESIAN_POINT ( 'NONE',  ( 1.450000000000000844, 0.2999999999999999889, 1.250000000000001776 ) ) ;
#1426 = ORIENTED_EDGE ( 'NONE', *, *, #1035, .T. ) ;
#1427 =( LENGTH_UNIT ( ) NAMED_UNIT ( * ) SI_UNIT ( .MILLI., .METRE. ) );
#1428 = CARTESIAN_POINT ( 'NONE',  ( -0.3148991961578331833, 1.200000000000000178, -0.1731642232240074575 ) ) ;
#1429 = EDGE_CURVE ( 'NONE', #4255, #2356, #6625, .T. ) ;
#1430 = ORIENTED_EDGE ( 'NONE', *, *, #4818, .F. ) ;
#1431 = ORIENTED_EDGE ( 'NONE', *, *, #2167, .F. ) ;
#1432 = VECTOR ( 'NONE', #7866, 1000.000000000000000 ) ;
#1433 = DIRECTION ( 'NONE',  ( -0.000000000000000000, 1.000000000000000000, -0.000000000000000000 ) ) ;
#1434 = CARTESIAN_POINT ( 'NONE',  ( -1.500000000000000000, 0.8010000000000000453, -0.3866077473210948745 ) ) ;
#1435 = LINE ( 'NONE', #1999, #3876 ) ;
#1436 = ORIENTED_EDGE ( 'NONE', *, *, #6575, .F. ) ;
#1437 = DIRECTION ( 'NONE',  ( 0.000000000000000000, 1.000000000000000000, 0.000000000000000000 ) ) ;
#1438 = B_SPLINE_CURVE_WITH_KNOTS ( 'NONE', 3,
 ( #3923, #816, #7092, #6931, #1388, #199, #71, #1461, #7715, #5795 ),
 .UNSPECIFIED., .F., .F.,
 ( 4, 3, 3, 4 ),
 ( -1.989975068979005113E-06, 0.000000000000000000, 5.722852849414749088E-06, 1.215876385605292825E-05 ),
 .UNSPECIFIED. ) ;
#1439 = DIRECTION ( 'NONE',  ( 0.000000000000000000, -1.000000000000000000, 0.000000000000000000 ) ) ;
#1440 = DIRECTION ( 'NONE',  ( 1.734723475976807094E-16, 0.000000000000000000, 1.000000000000000000 ) ) ;
#1441 = CARTESIAN_POINT ( 'NONE',  ( 0.05506386484715815322, 1.201000000000000290, -0.07804146731245151236 ) ) ;
#1442 = PLANE ( 'NONE',  #7573 ) ;
#1443 = FILL_AREA_STYLE_COLOUR ( '', #6177 ) ;
#1444 = CARTESIAN_POINT ( 'NONE',  ( 0.3093792277709736527, 1.201000000000000068, -0.1731642232240074575 ) ) ;
#1445 = CARTESIAN_POINT ( 'NONE',  ( 0.01923624489428338302, 1.199999999999999956, -0.03644407198033633444 ) ) ;
#1446 = EDGE_CURVE ( 'NONE', #1701, #7989, #7244, .T. ) ;
#1447 =( NAMED_UNIT ( * ) SI_UNIT ( $, .STERADIAN. ) SOLID_ANGLE_UNIT ( ) );
#1448 =( NAMED_UNIT ( * ) PLANE_ANGLE_UNIT ( ) SI_UNIT ( $, .RADIAN. ) );
#1449 = DIRECTION ( 'NONE',  ( 1.000000000000000000, 0.000000000000000000, 0.000000000000000000 ) ) ;
#1450 = ORIENTED_EDGE ( 'NONE', *, *, #3301, .T. ) ;
#1451 = CARTESIAN_POINT ( 'NONE',  ( -0.8999999999999995781, 0.2999999999999999889, 0.5000000000000006661 ) ) ;
#1452 = CARTESIAN_POINT ( 'NONE',  ( -0.006618636063766012226, 1.201000000000000068, 0.05732591516408013649 ) ) ;
#1453 = ADVANCED_FACE ( 'NONE', ( #7913 ), #1014, .F. ) ;
#1454 = MECHANICAL_DESIGN_GEOMETRIC_PRESENTATION_REPRESENTATION (  '', ( #1073 ), #4336 ) ;
#1455 = ORIENTED_EDGE ( 'NONE', *, *, #7656, .F. ) ;
#1456 = PLANE ( 'NONE',  #3983 ) ;
#1457 = VERTEX_POINT ( 'NONE', #2258 ) ;
#1458 = LINE ( 'NONE', #1384, #4546 ) ;
#1459 = PRESENTATION_STYLE_ASSIGNMENT (( #6516 ) ) ;
#1460 = VERTEX_POINT ( 'NONE', #1055 ) ;
#1461 = CARTESIAN_POINT ( 'NONE',  ( -1.500000000000000000, 0.8008748897937413291, 0.3848180817728338310 ) ) ;
#1462 = CARTESIAN_POINT ( 'NONE',  ( -1.600000000000000089, 0.000000000000000000, -0.3750000000000000000 ) ) ;
#1463 = EDGE_CURVE ( 'NONE', #6678, #7203, #7074, .T. ) ;
#1464 = EDGE_LOOP ( 'NONE', ( #2324, #1241, #5419, #4087 ) ) ;
#1465 = ORIENTED_EDGE ( 'NONE', *, *, #6808, .T. ) ;
#1466 = CARTESIAN_POINT ( 'NONE',  ( 1.500999999999957035, 0.8000000000000000444, -0.3891067359793604075 ) ) ;
#1467 = PLANE ( 'NONE',  #7316 ) ;
#1468 = AXIS2_PLACEMENT_3D ( 'NONE', #3782, #5490, #7486 ) ;
#1469 =( GEOMETRIC_REPRESENTATION_CONTEXT ( 3 ) GLOBAL_UNCERTAINTY_ASSIGNED_CONTEXT ( ( #7038 ) ) GLOBAL_UNIT_ASSIGNED_CONTEXT ( ( #7449, #4324, #1215 ) ) REPRESENTATION_CONTEXT ( 'NONE', 'WORKASPACE' ) );
#1470 = CARTESIAN_POINT ( 'NONE',  ( 0.07687137008957654893, 1.201000000000000068, 0.009156795859033162871 ) ) ;
#1471 = EDGE_LOOP ( 'NONE', ( #1795, #4301, #3677, #3418 ) ) ;
#1472 = SURFACE_STYLE_USAGE ( .BOTH. , #7104 ) ;
#1473 = PRESENTATION_STYLE_ASSIGNMENT (( #2234 ) ) ;
#1474 = VECTOR ( 'NONE', #6817, 1000.000000000000000 ) ;
#1475 = CARTESIAN_POINT ( 'NONE',  ( -0.03014160188936778131, 1.200000000000000178, -0.1708785684440472241 ) ) ;
#1476 = CARTESIAN_POINT ( 'NONE',  ( 0.06376317405116789516, 1.201000000000000068, -0.1078758335779174682 ) ) ;
#1477 = ADVANCED_FACE ( 'NONE', ( #1692 ), #1098, .T. ) ;
#1478 = CARTESIAN_POINT ( 'NONE',  ( 1.500000000000000222, 1.050000000000000044, -0.9999999999999985567 ) ) ;
#1479 = CARTESIAN_POINT ( 'NONE',  ( 0.4523036930482297602, 1.201000000000000068, -0.1079787309611264234 ) ) ;
#1480 = EDGE_CURVE ( 'NONE', #3834, #5336, #3750, .T. ) ;
#1481 = SURFACE_STYLE_FILL_AREA ( #2538 ) ;
#1482 = CARTESIAN_POINT ( 'NONE',  ( -0.005942897313539772207, 1.200999999999999845, -0.1730555562423336524 ) ) ;
#1483 = AXIS2_PLACEMENT_3D ( 'NONE', #7232, #2328, #5486 ) ;
#1484 = DIRECTION ( 'NONE',  ( 0.000000000000000000, 1.000000000000000000, 0.000000000000000000 ) ) ;
#1485 = LINE ( 'NONE', #4031, #7504 ) ;
#1486 = VECTOR ( 'NONE', #5885, 1000.000000000000000 ) ;
#1487 = DIRECTION ( 'NONE',  ( -0.000000000000000000, 1.000000000000000000, -0.000000000000000000 ) ) ;
#1488 = ORIENTED_EDGE ( 'NONE', *, *, #5827, .F. ) ;
#1489 = CARTESIAN_POINT ( 'NONE',  ( 0.03083601142429815561, 1.201000000000000068, -0.1067954110542232854 ) ) ;
#1490 = CARTESIAN_POINT ( 'NONE',  ( -0.004746220444384423136, 1.201000000000000068, 0.05729921906142235871 ) ) ;
#1491 = VECTOR ( 'NONE', #107, 1000.000000000000000 ) ;
#1492 = ORIENTED_EDGE ( 'NONE', *, *, #7938, .T. ) ;
#1493 = VECTOR ( 'NONE', #6981, 1000.000000000000000 ) ;
#1494 = DIRECTION ( 'NONE',  ( 1.000000000000000000, 0.000000000000000000, -0.000000000000000000 ) ) ;
#1495 = ORIENTED_EDGE ( 'NONE', *, *, #1385, .T. ) ;
#1496 = PRESENTATION_STYLE_ASSIGNMENT (( #7090 ) ) ;
#1497 = EDGE_CURVE ( 'NONE', #1457, #5512, #729, .T. ) ;
#1498 = SURFACE_STYLE_FILL_AREA ( #7792 ) ;
#1499 = VERTEX_POINT ( 'NONE', #8110 ) ;
#1500 = CARTESIAN_POINT ( 'NONE',  ( -1.599999999999999867, -0.001000000000000024307, 1.250000000000002220 ) ) ;
#1501 = FACE_OUTER_BOUND ( 'NONE', #5482, .T. ) ;
#1502 = COLOUR_RGB ( '',1.000000000000000000, 0.8078431372549019773, 0.4980392156862745168 ) ;
#1503 = ORIENTED_EDGE ( 'NONE', *, *, #2254, .F. ) ;
#1504 = VERTEX_POINT ( 'NONE', #3045 ) ;
#1505 = DIRECTION ( 'NONE',  ( 0.000000000000000000, 0.000000000000000000, -1.000000000000000000 ) ) ;
#1506 = CARTESIAN_POINT ( 'NONE',  ( -1.499999999999999556, 0.000000000000000000, 1.000000000000001998 ) ) ;
#1507 = COLOUR_RGB ( '',1.000000000000000000, 0.8078431372549019773, 0.4980392156862745168 ) ;
#1508 = EDGE_CURVE ( 'NONE', #3226, #1573, #4568, .T. ) ;
#1509 =( NAMED_UNIT ( * ) PLANE_ANGLE_UNIT ( ) SI_UNIT ( $, .RADIAN. ) );
#1510 = CARTESIAN_POINT ( 'NONE',  ( -0.04483353209685313895, 1.201000000000000512, 0.07923233301358875713 ) ) ;
#1511 = ORIENTED_EDGE ( 'NONE', *, *, #2244, .T. ) ;
#1512 = CARTESIAN_POINT ( 'NONE',  ( 0.6136467899198910780, 1.201000000000000068, 0.08366764526557586568 ) ) ;
#1513 = FILL_AREA_STYLE_COLOUR ( '', #5382 ) ;
#1514 = STYLED_ITEM ( 'NONE', ( #1459 ), #1262 ) ;
#1515 = DIRECTION ( 'NONE',  ( 0.000000000000000000, -1.000000000000000000, 0.000000000000000000 ) ) ;
#1516 = SURFACE_STYLE_FILL_AREA ( #4624 ) ;
#1517 = DIRECTION ( 'NONE',  ( -1.000000000000000000, 0.000000000000000000, -0.000000000000000000 ) ) ;
#1518 = DIRECTION ( 'NONE',  ( -0.000000000000000000, 1.000000000000000000, -0.000000000000000000 ) ) ;
#1519 = FILL_AREA_STYLE_COLOUR ( '', #407 ) ;
#1520 = CARTESIAN_POINT ( 'NONE',  ( 0.2451731522950253428, 1.200000000000000178, 0.02750875160700918046 ) ) ;
#1521 = ADVANCED_FACE ( 'NONE', ( #7414 ), #2470, .T. ) ;
#1522 = EDGE_CURVE ( 'NONE', #3675, #3963, #1808, .T. ) ;
#1523 = CARTESIAN_POINT ( 'NONE',  ( 0.02664452551141156811, 1.200000000000000400, 0.04611688825722609630 ) ) ;
#1524 = MECHANICAL_DESIGN_GEOMETRIC_PRESENTATION_REPRESENTATION (  '', ( #7703 ), #1149 ) ;
#1525 = CARTESIAN_POINT ( 'NONE',  ( -1.499999999999999556, 0.000000000000000000, 1.000000000000001998 ) ) ;
#1526 = SURFACE_STYLE_USAGE ( .BOTH. , #1374 ) ;
#1527 = DIRECTION ( 'NONE',  ( 1.000000000000000000, 0.000000000000000000, -0.000000000000000000 ) ) ;
#1528 = VERTEX_POINT ( 'NONE', #6878 ) ;
#1529 = LINE ( 'NONE', #3875, #4294 ) ;
#1530 = CIRCLE ( 'NONE', #1534, 0.1000000000000001027 ) ;
#1531 = ORIENTED_EDGE ( 'NONE', *, *, #3930, .F. ) ;
#1532 = VERTEX_POINT ( 'NONE', #6917 ) ;
#1533 = CARTESIAN_POINT ( 'NONE',  ( -0.05148189514287597468, 1.200000000000000178, -0.1040171817075811744 ) ) ;
#1534 = AXIS2_PLACEMENT_3D ( 'NONE', #6331, #2536, #5933 ) ;
#1535 = DIRECTION ( 'NONE',  ( -0.000000000000000000, 1.000000000000000000, 0.000000000000000000 ) ) ;
#1536 = LINE ( 'NONE', #7830, #7283 ) ;
#1537 = CARTESIAN_POINT ( 'NONE',  ( 0.0006463911402308138978, 1.199999999999999956, -0.1728418818233695142 ) ) ;
#1538 = CARTESIAN_POINT ( 'NONE',  ( -0.5999999999999997558, 0.2999999999999999889, 0.8000000000000005995 ) ) ;
#1539 = EDGE_LOOP ( 'NONE', ( #4007, #5748, #1723, #2307 ) ) ;
#1540 = AXIS2_PLACEMENT_3D ( 'NONE', #2219, #3465, #4723 ) ;
#1541 = EDGE_LOOP ( 'NONE', ( #1431, #472, #5248, #2103 ) ) ;
#1542 = VECTOR ( 'NONE', #5474, 1000.000000000000000 ) ;
#1543 = EDGE_CURVE ( 'NONE', #156, #7787, #3668, .T. ) ;
#1544 = SURFACE_SIDE_STYLE ('',( #3392 ) ) ;
#1545 = PRESENTATION_STYLE_ASSIGNMENT (( #7803 ) ) ;
#1546 = ORIENTED_EDGE ( 'NONE', *, *, #5404, .T. ) ;
#1547 = CARTESIAN_POINT ( 'NONE',  ( -0.007801955970669150267, 1.201000000000000068, 0.08696036152826282228 ) ) ;
#1548 = ADVANCED_FACE ( 'NONE', ( #6302 ), #3168, .F. ) ;
#1549 = VECTOR ( 'NONE', #6345, 1000.000000000000000 ) ;
#1550 = FACE_OUTER_BOUND ( 'NONE', #1801, .T. ) ;
#1551 = DIRECTION ( 'NONE',  ( -1.000000000000000000, 0.000000000000000000, 0.000000000000000000 ) ) ;
#1552 = CARTESIAN_POINT ( 'NONE',  ( 0.03075831607595253328, 1.200000000000000178, -0.1020335768165041290 ) ) ;
#1553 = PLANE ( 'NONE',  #1866 ) ;
#1554 = PLANE ( 'NONE',  #2748 ) ;
#1555 =( NAMED_UNIT ( * ) PLANE_ANGLE_UNIT ( ) SI_UNIT ( $, .RADIAN. ) );
#1556 = CARTESIAN_POINT ( 'NONE',  ( -0.01580582142239754170, 1.200999999999999845, 0.08680960121771048865 ) ) ;
#1557 = CARTESIAN_POINT ( 'NONE',  ( -1.350000000000000089, 1.050000000000000044, 0.9999999999999978906 ) ) ;
#1558 =( LENGTH_UNIT ( ) NAMED_UNIT ( * ) SI_UNIT ( .MILLI., .METRE. ) );
#1559 = CARTESIAN_POINT ( 'NONE',  ( -0.01580582142239754170, 1.199999999999999956, 0.08680960121771048865 ) ) ;
#1560 = CARTESIAN_POINT ( 'NONE',  ( -0.5999999999999997558, 0.2999999999999999889, 0.8000000000000005995 ) ) ;
#1561 = CARTESIAN_POINT ( 'NONE',  ( 1.500000000000000444, 0.8000000000593897598, -0.3701934773344863761 ) ) ;
#1562 = ORIENTED_EDGE ( 'NONE', *, *, #2315, .F. ) ;
#1563 = CIRCLE ( 'NONE', #3808, 0.1499999999999999667 ) ;
#1564 = ORIENTED_EDGE ( 'NONE', *, *, #2398, .F. ) ;
#1565 = CARTESIAN_POINT ( 'NONE',  ( -1.499999999999999556, 0.000000000000000000, 0.5000000000000006661 ) ) ;
#1566 = ADVANCED_FACE ( 'NONE', ( #6181 ), #1260, .T. ) ;
#1567 = EDGE_CURVE ( 'NONE', #3764, #7324, #1899, .T. ) ;
#1568 = DIRECTION ( 'NONE',  ( -0.7071067811865467956, 0.000000000000000000, 0.7071067811865483499 ) ) ;
#1569 = SURFACE_STYLE_FILL_AREA ( #6758 ) ;
#1570 = CARTESIAN_POINT ( 'NONE',  ( 0.01032452032007016157, 1.200000000000000400, -0.1711448538520397300 ) ) ;
#1571 = CARTESIAN_POINT ( 'NONE',  ( -1.349999999999998312, 0.2999999999999999889, 1.150000000000000355 ) ) ;
#1572 = MECHANICAL_DESIGN_GEOMETRIC_PRESENTATION_REPRESENTATION (  '', ( #1327 ), #1066 ) ;
#1573 = VERTEX_POINT ( 'NONE', #1300 ) ;
#1574 = EDGE_LOOP ( 'NONE', ( #6621, #7933, #3655, #3846, #2369, #429, #1167 ) ) ;
#1575 = CARTESIAN_POINT ( 'NONE',  ( 0.6000000000000004219, 0.2999999999999999889, 1.150000000000000133 ) ) ;
#1576 = SURFACE_SIDE_STYLE ('',( #5886 ) ) ;
#1577 = VECTOR ( 'NONE', #2417, 1000.000000000000000 ) ;
#1578 = SHAPE_DEFINITION_REPRESENTATION ( #6469, #2581 ) ;
#1579 = MECHANICAL_DESIGN_GEOMETRIC_PRESENTATION_REPRESENTATION (  '', ( #150 ), #4364 ) ;
#1580 = DIRECTION ( 'NONE',  ( -0.7071067811865467956, -0.000000000000000000, -0.7071067811865483499 ) ) ;
#1581 = FACE_OUTER_BOUND ( 'NONE', #19, .T. ) ;
#1582 = CARTESIAN_POINT ( 'NONE',  ( 0.2410450370220751926, 1.200999999999999845, 0.04096214426229461553 ) ) ;
#1583 = ORIENTED_EDGE ( 'NONE', *, *, #2876, .F. ) ;
#1584 = DIRECTION ( 'NONE',  ( -0.000000000000000000, -1.000000000000000000, -0.000000000000000000 ) ) ;
#1585 = SURFACE_STYLE_FILL_AREA ( #2155 ) ;
#1586 =( GEOMETRIC_REPRESENTATION_CONTEXT ( 3 ) GLOBAL_UNCERTAINTY_ASSIGNED_CONTEXT ( ( #5988 ) ) GLOBAL_UNIT_ASSIGNED_CONTEXT ( ( #2584, #4368, #1818 ) ) REPRESENTATION_CONTEXT ( 'NONE', 'WORKASPACE' ) );
#1587 = CARTESIAN_POINT ( 'NONE',  ( -0.05383003070691032982, 1.201000000000000512, -0.1600672867781177122 ) ) ;
#1588 = DIRECTION ( 'NONE',  ( 0.000000000000000000, -1.000000000000000000, -0.000000000000000000 ) ) ;
#1589 = STYLED_ITEM ( 'NONE', ( #3087 ), #6489 ) ;
#1590 = VECTOR ( 'NONE', #7446, 1000.000000000000000 ) ;
#1591 = CARTESIAN_POINT ( 'NONE',  ( 0.02719033160128839915, 1.200999999999999845, -0.08934399460011126226 ) ) ;
#1592 = CARTESIAN_POINT ( 'NONE',  ( 1.599999999999999867, 0.8000000000000000444, -1.249999999999998224 ) ) ;
#1593 = ADVANCED_FACE ( 'NONE', ( #5668 ), #7460, .F. ) ;
#1594 = DIRECTION ( 'NONE',  ( -0.000000000000000000, 3.388131789009772259E-15, 1.000000000000000000 ) ) ;
#1595 = LINE ( 'NONE', #4790, #1166 ) ;
#1596 =( GEOMETRIC_REPRESENTATION_CONTEXT ( 3 ) GLOBAL_UNCERTAINTY_ASSIGNED_CONTEXT ( ( #1355 ) ) GLOBAL_UNIT_ASSIGNED_CONTEXT ( ( #4841, #637, #1728 ) ) REPRESENTATION_CONTEXT ( 'NONE', 'WORKASPACE' ) );
#1597 = VECTOR ( 'NONE', #8073, 1000.000000000000000 ) ;
#1598 = COLOUR_RGB ( '',1.000000000000000000, 0.8078431372549019773, 0.4980392156862745168 ) ;
#1599 = FACE_OUTER_BOUND ( 'NONE', #5924, .T. ) ;
#1600 = ADVANCED_FACE ( 'NONE', ( #2547 ), #6959, .T. ) ;
#1601 = CARTESIAN_POINT ( 'NONE',  ( -0.01731996391749868192, 1.201000000000000290, -0.06743716197679318347 ) ) ;
#1602 = CARTESIAN_POINT ( 'NONE',  ( 0.06168496539642959881, 1.201000000000000068, -0.1246277965743420590 ) ) ;
#1603 = DIRECTION ( 'NONE',  ( -0.7071067811865475727, 0.000000000000000000, -0.7071067811865475727 ) ) ;
#1604 = CARTESIAN_POINT ( 'NONE',  ( -1.500340844438840415, 0.8000000000000000444, -0.3844815369695564478 ) ) ;
#1605 = CARTESIAN_POINT ( 'NONE',  ( 1.500000000000000444, 0.8000000000000000444, -0.3750000000000000000 ) ) ;
#1606 = VERTEX_POINT ( 'NONE', #7702 ) ;
#1607 = COLOUR_RGB ( '',0.2509803921568627416, 0.2509803921568627416, 0.2509803921568627416 ) ;
#1608 = ORIENTED_EDGE ( 'NONE', *, *, #4455, .F. ) ;
#1609 = LINE ( 'NONE', #4367, #4482 ) ;
#1610 = CARTESIAN_POINT ( 'NONE',  ( 0.01404580305917231021, 1.201000000000000290, -0.1376967576529826986 ) ) ;
#1611 = CARTESIAN_POINT ( 'NONE',  ( -0.5999999999999995337, 0.2999999999999999889, 1.150000000000000355 ) ) ;
#1612 = PLANE ( 'NONE',  #640 ) ;
#1613 = CARTESIAN_POINT ( 'NONE',  ( 0.05875403035988786826, 1.200000000000000622, -0.1326503212566545464 ) ) ;
#1614 = CARTESIAN_POINT ( 'NONE',  ( -0.02544885719100715982, 1.201000000000000068, -0.03816285645384186881 ) ) ;
#1615 =( GEOMETRIC_REPRESENTATION_CONTEXT ( 3 ) GLOBAL_UNCERTAINTY_ASSIGNED_CONTEXT ( ( #6651 ) ) GLOBAL_UNIT_ASSIGNED_CONTEXT ( ( #7433, #6814, #4949 ) ) REPRESENTATION_CONTEXT ( 'NONE', 'WORKASPACE' ) );
#1616 = EDGE_CURVE ( 'NONE', #5799, #4384, #7043, .T. ) ;
#1617 = ORIENTED_EDGE ( 'NONE', *, *, #4264, .T. ) ;
#1618 = VECTOR ( 'NONE', #1026, 1000.000000000000114 ) ;
#1619 = ORIENTED_EDGE ( 'NONE', *, *, #4654, .F. ) ;
#1620 = ORIENTED_EDGE ( 'NONE', *, *, #2051, .F. ) ;
#1621 = DIRECTION ( 'NONE',  ( 0.000000000000000000, 0.000000000000000000, -1.000000000000000000 ) ) ;
#1622 = ORIENTED_EDGE ( 'NONE', *, *, #956, .F. ) ;
#1623 = VECTOR ( 'NONE', #1621, 1000.000000000000000 ) ;
#1624 = VECTOR ( 'NONE', #4326, 1000.000000000000000 ) ;
#1625 = PLANE ( 'NONE',  #4757 ) ;
#1626 = CARTESIAN_POINT ( 'NONE',  ( -0.07657313506263550840, 1.201000000000000290, 0.05000467469885305771 ) ) ;
#1627 =( LENGTH_UNIT ( ) NAMED_UNIT ( * ) SI_UNIT ( .MILLI., .METRE. ) );
#1628 = VERTEX_POINT ( 'NONE', #4487 ) ;
#1629 = UNCERTAINTY_MEASURE_WITH_UNIT (LENGTH_MEASURE( 1.000000000000000082E-05 ), #1141, 'distance_accuracy_value', 'NONE');
#1630 = CARTESIAN_POINT ( 'NONE',  ( 1.500000000000000444, 0.2999999999999999889, 1.000000000000001554 ) ) ;
#1631 = DIRECTION ( 'NONE',  ( -0.7071067811865474617, 0.000000000000000000, -0.7071067811865474617 ) ) ;
#1632 = PRESENTATION_LAYER_ASSIGNMENT (  '', '', ( #5412 ) ) ;
#1633 = CARTESIAN_POINT ( 'NONE',  ( -0.01646834053269946932, 1.200000000000000400, -0.1730401983095783969 ) ) ;
#1634 = CARTESIAN_POINT ( 'NONE',  ( 0.4160838141586731265, 1.200000000000000178, 0.08366764526557586568 ) ) ;
#1635 = LINE ( 'NONE', #4145, #3936 ) ;
#1636 = CARTESIAN_POINT ( 'NONE',  ( -0.4762422930294945012, 1.201000000000000068, -0.06121187029265061363 ) ) ;
#1637 = DIRECTION ( 'NONE',  ( 0.000000000000000000, -1.000000000000000000, 0.000000000000000000 ) ) ;
#1638 = VECTOR ( 'NONE', #6367, 1000.000000000000000 ) ;
#1639 = UNCERTAINTY_MEASURE_WITH_UNIT (LENGTH_MEASURE( 1.000000000000000082E-05 ), #1672, 'distance_accuracy_value', 'NONE');
#1640 = COLOUR_RGB ( '',0.2509803921568627416, 0.2509803921568627416, 0.2509803921568627416 ) ;
#1641 = EDGE_CURVE ( 'NONE', #2184, #1707, #3874, .T. ) ;
#1642 = CARTESIAN_POINT ( 'NONE',  ( 1.349999999999998979, 0.2999999999999999889, -1.149999999999999467 ) ) ;
#1643 = CARTESIAN_POINT ( 'NONE',  ( -0.5999999999999996447, 0.000000000000000000, -1.149999999999999023 ) ) ;
#1644 =( LENGTH_UNIT ( ) NAMED_UNIT ( * ) SI_UNIT ( .MILLI., .METRE. ) );
#1645 = DIRECTION ( 'NONE',  ( -1.668003342285392290E-16, 0.000000000000000000, 1.000000000000000000 ) ) ;
#1646 = SURFACE_SIDE_STYLE ('',( #7198 ) ) ;
#1647 = CARTESIAN_POINT ( 'NONE',  ( 0.6136467899198910780, 1.201000000000000068, -0.1731642232240074575 ) ) ;
#1648 = VERTEX_POINT ( 'NONE', #843 ) ;
#1649 = EDGE_CURVE ( 'NONE', #7440, #3675, #2624, .T. ) ;
#1650 = ORIENTED_EDGE ( 'NONE', *, *, #5751, .T. ) ;
#1651 = CARTESIAN_POINT ( 'NONE',  ( 0.07693403910191567996, 1.200000000000000844, 0.006391710475641142024 ) ) ;
#1652 = CARTESIAN_POINT ( 'NONE',  ( -0.006856865338525182894, 1.200999999999999845, -0.1435064214064319665 ) ) ;
#1653 = CIRCLE ( 'NONE', #3889, 0.1000000000000001027 ) ;
#1654 = LINE ( 'NONE', #4722, #4135 ) ;
#1655 = CARTESIAN_POINT ( 'NONE',  ( -0.008264994195109499203, 1.201000000000000068, -0.1435297768598247370 ) ) ;
#1656 = ORIENTED_EDGE ( 'NONE', *, *, #4271, .T. ) ;
#1657 = ORIENTED_EDGE ( 'NONE', *, *, #3604, .T. ) ;
#1658 =( GEOMETRIC_REPRESENTATION_CONTEXT ( 3 ) GLOBAL_UNCERTAINTY_ASSIGNED_CONTEXT ( ( #5379 ) ) GLOBAL_UNIT_ASSIGNED_CONTEXT ( ( #5176, #5919, #318 ) ) REPRESENTATION_CONTEXT ( 'NONE', 'WORKASPACE' ) );
#1659 = ORIENTED_EDGE ( 'NONE', *, *, #1018, .F. ) ;
#1660 = CARTESIAN_POINT ( 'NONE',  ( -0.05477461140556289659, 1.200000000000000178, 0.01122788748646262255 ) ) ;
#1661 = CLOSED_SHELL ( 'NONE', ( #4860, #2264, #2430, #787, #3657, #5610, #1477, #7157, #4963, #989, #4511, #4240, #4523, #5480, #6663, #2236, #6396 ) ) ;
#1662 = ORIENTED_EDGE ( 'NONE', *, *, #639, .T. ) ;
#1663 = EDGE_CURVE ( 'NONE', #1648, #1460, #3333, .T. ) ;
#1664 = DIRECTION ( 'NONE',  ( -1.000000000000000000, 0.000000000000000000, 0.000000000000000000 ) ) ;
#1665 = CARTESIAN_POINT ( 'NONE',  ( 0.2389217725573917761, 1.200000000000000178, 0.04130007005468876863 ) ) ;
#1666 = DIRECTION ( 'NONE',  ( 0.7071067811865552333, 0.000000000000000000, -0.7071067811865398012 ) ) ;
#1667 = ORIENTED_EDGE ( 'NONE', *, *, #4875, .F. ) ;
#1668 = FILL_AREA_STYLE_COLOUR ( '', #6614 ) ;
#1669 = VECTOR ( 'NONE', #1334, 1000.000000000000000 ) ;
#1670 = ORIENTED_EDGE ( 'NONE', *, *, #1954, .F. ) ;
#1671 = VECTOR ( 'NONE', #2817, 1000.000000000000000 ) ;
#1672 =( LENGTH_UNIT ( ) NAMED_UNIT ( * ) SI_UNIT ( .MILLI., .METRE. ) );
#1673 = LINE ( 'NONE', #1116, #3646 ) ;
#1674 = SURFACE_STYLE_USAGE ( .BOTH. , #6248 ) ;
#1675 = DIRECTION ( 'NONE',  ( 0.7071067811865474617, -0.000000000000000000, -0.7071067811865474617 ) ) ;
#1676 = ADVANCED_FACE ( 'NONE', ( #226 ), #3291, .T. ) ;
#1677 = ORIENTED_EDGE ( 'NONE', *, *, #2926, .T. ) ;
#1678 = DIRECTION ( 'NONE',  ( 0.000000000000000000, -1.000000000000000000, 0.000000000000000000 ) ) ;
#1679 = LINE ( 'NONE', #4104, #5978 ) ;
#1680 = CARTESIAN_POINT ( 'NONE',  ( -1.350000000000000089, 1.200000000000000178, -0.9999999999999985567 ) ) ;
#1681 = VERTEX_POINT ( 'NONE', #6508 ) ;
#1682 = ORIENTED_EDGE ( 'NONE', *, *, #1719, .F. ) ;
#1683 = AXIS2_PLACEMENT_3D ( 'NONE', #5408, #6003, #8027 ) ;
#1684 =( NAMED_UNIT ( * ) SI_UNIT ( $, .STERADIAN. ) SOLID_ANGLE_UNIT ( ) );
#1685 = CARTESIAN_POINT ( 'NONE',  ( -0.5999999999999997558, 0.000000000000000000, -0.4999999999999995559 ) ) ;
#1686 = FILL_AREA_STYLE_COLOUR ( '', #1507 ) ;
#1687 = PLANE ( 'NONE',  #3942 ) ;
#1688 =( LENGTH_UNIT ( ) NAMED_UNIT ( * ) SI_UNIT ( .MILLI., .METRE. ) );
#1689 = VERTEX_POINT ( 'NONE', #4638 ) ;
#1690 = CARTESIAN_POINT ( 'NONE',  ( 0.01794423707170190660, 1.200000000000000844, 0.08381566159121944803 ) ) ;
#1691 = SURFACE_STYLE_FILL_AREA ( #431 ) ;
#1692 = FACE_OUTER_BOUND ( 'NONE', #1319, .T. ) ;
#1693 = CARTESIAN_POINT ( 'NONE',  ( -0.1140435041339282612, 1.200000000000000178, -0.1731642232240074575 ) ) ;
#1694 = EDGE_CURVE ( 'NONE', #5784, #1504, #1977, .T. ) ;
#1695 = CARTESIAN_POINT ( 'NONE',  ( 0.06343624307046918931, 1.199999999999999956, -0.1163204886749956563 ) ) ;
#1696 = PRESENTATION_STYLE_ASSIGNMENT (( #6047 ) ) ;
#1697 = VERTEX_POINT ( 'NONE', #5785 ) ;
#1698 = ORIENTED_EDGE ( 'NONE', *, *, #2523, .T. ) ;
#1699 = VERTEX_POINT ( 'NONE', #765 ) ;
#1700 = CARTESIAN_POINT ( 'NONE',  ( -1.499999999999999778, 0.2999999999999999889, -0.4999999999999993339 ) ) ;
#1701 = VERTEX_POINT ( 'NONE', #888 ) ;
#1702 = MECHANICAL_DESIGN_GEOMETRIC_PRESENTATION_REPRESENTATION (  '', ( #5892 ), #3275 ) ;
#1703 = EDGE_CURVE ( 'NONE', #6683, #4451, #5609, .T. ) ;
#1704 = LINE ( 'NONE', #4177, #1247 ) ;
#1705 = CARTESIAN_POINT ( 'NONE',  ( 0.04023357815550875766, 1.201000000000000068, 0.07389568396974065256 ) ) ;
#1706 = DIRECTION ( 'NONE',  ( 0.000000000000000000, -1.000000000000000000, 0.000000000000000000 ) ) ;
#1707 = VERTEX_POINT ( 'NONE', #1415 ) ;
#1708 = CARTESIAN_POINT ( 'NONE',  ( 0.04400687647504605143, 1.200000000000000178, 0.006134467017618715733 ) ) ;
#1709 = ORIENTED_EDGE ( 'NONE', *, *, #2097, .T. ) ;
#1710 = DIRECTION ( 'NONE',  ( 0.000000000000000000, -1.000000000000000000, 0.000000000000000000 ) ) ;
#1711 = CARTESIAN_POINT ( 'NONE',  ( -0.01393100994911279991, 1.200000000000000400, -0.04078598994165809344 ) ) ;
#1712 = DIRECTION ( 'NONE',  ( -0.1138384583614893975, 0.000000000000000000, 0.9934992729730000027 ) ) ;
#1713 = LINE ( 'NONE', #3650, #5907 ) ;
#1714 = VECTOR ( 'NONE', #8062, 1000.000000000000000 ) ;
#1715 = ORIENTED_EDGE ( 'NONE', *, *, #2167, .T. ) ;
#1716 = CARTESIAN_POINT ( 'NONE',  ( 0.6000000000000001998, 0.000000000000000000, -0.4999999999999996669 ) ) ;
#1717 = FILL_AREA_STYLE ('',( #6286 ) ) ;
#1718 = AXIS2_PLACEMENT_3D ( 'NONE', #5364, #8026, #3542 ) ;
#1719 = EDGE_CURVE ( 'NONE', #3953, #3841, #7784, .T. ) ;
#1720 = CARTESIAN_POINT ( 'NONE',  ( -1.599999999999998979, -0.001000000000000024307, -1.099999999999997868 ) ) ;
#1721 = ORIENTED_EDGE ( 'NONE', *, *, #4535, .T. ) ;
#1722 = ADVANCED_FACE ( 'NONE', ( #185 ), #2673, .T. ) ;
#1723 = ORIENTED_EDGE ( 'NONE', *, *, #6039, .T. ) ;
#1724 = CARTESIAN_POINT ( 'NONE',  ( -1.599999999999998979, 0.000000000000000000, -1.249999999999997780 ) ) ;
#1725 = CARTESIAN_POINT ( 'NONE',  ( -1.500000000000000000, 0.8010000000000000453, -0.3608932640206433673 ) ) ;
#1726 = CARTESIAN_POINT ( 'NONE',  ( 1.599999999999999867, 0.8000000000000000444, -1.249999999999998224 ) ) ;
#1727 = CARTESIAN_POINT ( 'NONE',  ( -0.03101879420312738875, 1.201000000000000068, 0.08428989163595676515 ) ) ;
#1728 =( NAMED_UNIT ( * ) SI_UNIT ( $, .STERADIAN. ) SOLID_ANGLE_UNIT ( ) );
#1729 =( GEOMETRIC_REPRESENTATION_CONTEXT ( 3 ) GLOBAL_UNCERTAINTY_ASSIGNED_CONTEXT ( ( #3249 ) ) GLOBAL_UNIT_ASSIGNED_CONTEXT ( ( #5950, #4195, #3488 ) ) REPRESENTATION_CONTEXT ( 'NONE', 'WORKASPACE' ) );
#1730 = VECTOR ( 'NONE', #7986, 1000.000000000000000 ) ;
#1731 = ORIENTED_EDGE ( 'NONE', *, *, #4902, .F. ) ;
#1732 = VECTOR ( 'NONE', #2199, 1000.000000000000000 ) ;
#1733 =( NAMED_UNIT ( * ) PLANE_ANGLE_UNIT ( ) SI_UNIT ( $, .RADIAN. ) );
#1734 = CARTESIAN_POINT ( 'NONE',  ( 0.02817217679925545712, 1.200999999999999845, -0.1213282344983276084 ) ) ;
#1735 = CARTESIAN_POINT ( 'NONE',  ( 1.500000000000000444, 0.2999999999999999889, 0.5000000000000003331 ) ) ;
#1736 = DIRECTION ( 'NONE',  ( -0.000000000000000000, -1.000000000000000000, -0.000000000000000000 ) ) ;
#1737 = LINE ( 'NONE', #4169, #1730 ) ;
#1738 = CIRCLE ( 'NONE', #6597, 0.0009999999999999158867 ) ;
#1739 = EDGE_LOOP ( 'NONE', ( #484, #394, #6078, #2594, #4598, #7175, #7751, #7534 ) ) ;
#1740 = ORIENTED_EDGE ( 'NONE', *, *, #2564, .T. ) ;
#1741 = UNCERTAINTY_MEASURE_WITH_UNIT (LENGTH_MEASURE( 1.000000000000000082E-05 ), #7087, 'distance_accuracy_value', 'NONE');
#1742 = VERTEX_POINT ( 'NONE', #2332 ) ;
#1743 = DIRECTION ( 'NONE',  ( 0.000000000000000000, 0.000000000000000000, -1.000000000000000000 ) ) ;
#1744 = EDGE_CURVE ( 'NONE', #2988, #5213, #4842, .T. ) ;
#1745 = EDGE_LOOP ( 'NONE', ( #3477, #3584, #665, #307 ) ) ;
#1746 = VECTOR ( 'NONE', #7510, 1000.000000000000000 ) ;
#1747 = CARTESIAN_POINT ( 'NONE',  ( 0.03682852770470441267, 1.200999999999999845, -0.06091995265421428635 ) ) ;
#1748 = DIRECTION ( 'NONE',  ( 0.000000000000000000, -0.000000000000000000, 1.000000000000000000 ) ) ;
#1749 = DIRECTION ( 'NONE',  ( -0.7071067811865474617, 0.000000000000000000, -0.7071067811865476838 ) ) ;
#1750 = VERTEX_POINT ( 'NONE', #2953 ) ;
#1751 = CARTESIAN_POINT ( 'NONE',  ( 0.04389281811935420718, 1.199999999999999956, 0.001109831966801543262 ) ) ;
#1752 = MECHANICAL_DESIGN_GEOMETRIC_PRESENTATION_REPRESENTATION (  '', ( #5942 ), #2406 ) ;
#1753 = ORIENTED_EDGE ( 'NONE', *, *, #4365, .T. ) ;
#1754 = COLOUR_RGB ( '',1.000000000000000000, 1.000000000000000000, 1.000000000000000000 ) ;
#1755 = EDGE_CURVE ( 'NONE', #6868, #6983, #5399, .T. ) ;
#1756 = SURFACE_SIDE_STYLE ('',( #6021 ) ) ;
#1757 = LINE ( 'NONE', #1159, #3587 ) ;
#1758 =( NAMED_UNIT ( * ) SI_UNIT ( $, .STERADIAN. ) SOLID_ANGLE_UNIT ( ) );
#1759 =( GEOMETRIC_REPRESENTATION_CONTEXT ( 3 ) GLOBAL_UNCERTAINTY_ASSIGNED_CONTEXT ( ( #5622 ) ) GLOBAL_UNIT_ASSIGNED_CONTEXT ( ( #7609, #7452, #560 ) ) REPRESENTATION_CONTEXT ( 'NONE', 'WORKASPACE' ) );
#1760 =( NAMED_UNIT ( * ) PLANE_ANGLE_UNIT ( ) SI_UNIT ( $, .RADIAN. ) );
#1761 =( GEOMETRIC_REPRESENTATION_CONTEXT ( 3 ) GLOBAL_UNCERTAINTY_ASSIGNED_CONTEXT ( ( #2462 ) ) GLOBAL_UNIT_ASSIGNED_CONTEXT ( ( #962, #5954, #4755 ) ) REPRESENTATION_CONTEXT ( 'NONE', 'WORKASPACE' ) );
#1762 = EDGE_LOOP ( 'NONE', ( #1273, #7121, #7363, #7390 ) ) ;
#1763 = DIRECTION ( 'NONE',  ( 0.7071067811865490160, 0.000000000000000000, -0.7071067811865460184 ) ) ;
#1764 = CARTESIAN_POINT ( 'NONE',  ( -0.07192560892124862104, 1.201000000000000290, -0.1410313993275841005 ) ) ;
#1765 = ORIENTED_EDGE ( 'NONE', *, *, #4203, .T. ) ;
#1766 = VERTEX_POINT ( 'NONE', #4198 ) ;
#1767 = SURFACE_STYLE_USAGE ( .BOTH. , #7479 ) ;
#1768 = DIRECTION ( 'NONE',  ( 0.000000000000000000, -0.000000000000000000, 1.000000000000000000 ) ) ;
#1769 = CARTESIAN_POINT ( 'NONE',  ( -0.01587640557001166255, 1.200000000000000400, 0.05673167592557083749 ) ) ;
#1770 = LINE ( 'NONE', #7401, #936 ) ;
#1771 = EDGE_CURVE ( 'NONE', #5889, #1689, #5356, .T. ) ;
#1772 = CARTESIAN_POINT ( 'NONE',  ( -0.04798602987534322795, 1.201000000000000290, 0.03219249250799013917 ) ) ;
#1773 = CARTESIAN_POINT ( 'NONE',  ( -1.500999999999999890, 0.8000000000000000444, -0.3891067359796659408 ) ) ;
#1774 = FACE_OUTER_BOUND ( 'NONE', #5791, .T. ) ;
#1775 = ORIENTED_EDGE ( 'NONE', *, *, #4057, .T. ) ;
#1776 = VECTOR ( 'NONE', #3190, 1000.000000000000000 ) ;
#1777 = FILL_AREA_STYLE ('',( #4444 ) ) ;
#1778 = CARTESIAN_POINT ( 'NONE',  ( 0.03081167989572683452, 1.201000000000000068, -0.1081005286155194839 ) ) ;
#1779 = CARTESIAN_POINT ( 'NONE',  ( 1.450000000000000844, 0.2999999999999999889, 1.250000000000001776 ) ) ;
#1780 = DIRECTION ( 'NONE',  ( -0.000000000000000000, 1.000000000000000000, -0.000000000000000000 ) ) ;
#1781 = DIRECTION ( 'NONE',  ( 0.000000000000000000, -0.000000000000000000, 1.000000000000000000 ) ) ;
#1782 = VECTOR ( 'NONE', #4302, 1000.000000000000000 ) ;
#1783 = EDGE_LOOP ( 'NONE', ( #1312, #5060, #2559, #2042 ) ) ;
#1784 = ORIENTED_EDGE ( 'NONE', *, *, #5420, .T. ) ;
#1785 = ORIENTED_EDGE ( 'NONE', *, *, #6825, .F. ) ;
#1786 = CARTESIAN_POINT ( 'NONE',  ( -1.500000000000000000, 0.8000000000000000444, 0.3750000000000001110 ) ) ;
#1787 = ORIENTED_EDGE ( 'NONE', *, *, #1641, .T. ) ;
#1788 = CARTESIAN_POINT ( 'NONE',  ( 0.06376317405116789516, 1.201000000000000068, -0.1078758335779174682 ) ) ;
#1789 = CARTESIAN_POINT ( 'NONE',  ( 0.001093908632315699790, 1.201000000000000068, 0.08676069169970106187 ) ) ;
#1790 = DIRECTION ( 'NONE',  ( 0.3035516742042336791, 0.000000000000000000, 0.9528149773632899056 ) ) ;
#1791 = VERTEX_POINT ( 'NONE', #5282 ) ;
#1792 = CARTESIAN_POINT ( 'NONE',  ( 0.03877072387546543625, 1.200000000000000400, -0.01700054161393270077 ) ) ;
#1793 = DIRECTION ( 'NONE',  ( 0.000000000000000000, 0.000000000000000000, -1.000000000000000000 ) ) ;
#1794 = EDGE_CURVE ( 'NONE', #4728, #4332, #4116, .T. ) ;
#1795 = ORIENTED_EDGE ( 'NONE', *, *, #236, .F. ) ;
#1796 = AXIS2_PLACEMENT_3D ( 'NONE', #2756, #933, #5253 ) ;
#1797 = ORIENTED_EDGE ( 'NONE', *, *, #7408, .T. ) ;
#1798 = CARTESIAN_POINT ( 'NONE',  ( 0.5753689633661550618, 1.200000000000000178, 0.08366764526557586568 ) ) ;
#1799 = CARTESIAN_POINT ( 'NONE',  ( 1.450000000000000844, 0.2999999999999999889, 1.250000000000001776 ) ) ;
#1800 = VECTOR ( 'NONE', #4932, 1000.000000000000000 ) ;
#1801 = EDGE_LOOP ( 'NONE', ( #7718, #464, #2263, #5833 ) ) ;
#1802 = FACE_OUTER_BOUND ( 'NONE', #6154, .T. ) ;
#1803 = ADVANCED_FACE ( 'NONE', ( #7977 ), #5985, .F. ) ;
#1804 = CARTESIAN_POINT ( 'NONE',  ( -0.05383003070691032982, 1.201000000000000512, -0.1600672867781177122 ) ) ;
#1805 = ADVANCED_FACE ( 'NONE', ( #308 ), #3582, .F. ) ;
#1806 =( NAMED_UNIT ( * ) PLANE_ANGLE_UNIT ( ) SI_UNIT ( $, .RADIAN. ) );
#1807 = VERTEX_POINT ( 'NONE', #2171 ) ;
#1808 = B_SPLINE_CURVE_WITH_KNOTS ( 'NONE', 3,
 ( #4930, #7453, #3089, #7535, #2387, #8075, #647, #4893, #6264, #1820, #4370, #1939, #4327, #6835, #4969, #5625, #1860, #1219, #3715 ),
 .UNSPECIFIED., .F., .F.,
 ( 4, 1, 1, 1, 1, 1, 1, 1, 1, 1, 1, 1, 1, 1, 1, 1, 4 ),
 ( 0.000000000000000000, 0.06509335070708864579, 0.1273042315324059148, 0.1881220215801465145, 0.2471305161007633922, 0.3060769160082425500, 0.3656782273658535365, 0.4261033481625818853, 0.4878414950797360650, 0.5503167167998648246, 0.6118052235137849681, 0.6727373158544541765, 0.7348834089993248053, 0.7976802029336796940, 0.8624746871088676548, 0.9297754033859679801, 1.000000000000000000 ),
 .UNSPECIFIED. ) ;
#1809 = CARTESIAN_POINT ( 'NONE',  ( -1.449999999999999067, -0.001000000000000024307, -1.249999999999997780 ) ) ;
#1810 = CARTESIAN_POINT ( 'NONE',  ( -0.01133067553811372731, 1.200000000000000178, 0.05725362695643922140 ) ) ;
#1811 = UNCERTAINTY_MEASURE_WITH_UNIT (LENGTH_MEASURE( 1.000000000000000082E-05 ), #6506, 'distance_accuracy_value', 'NONE');
#1812 = LINE ( 'NONE', #7733, #6962 ) ;
#1813 = CARTESIAN_POINT ( 'NONE',  ( -1.350000000000000089, 1.050000000000000044, -1.149999999999998357 ) ) ;
#1814 = EDGE_CURVE ( 'NONE', #3841, #5563, #7199, .T. ) ;
#1815 = CARTESIAN_POINT ( 'NONE',  ( 0.03057094880999404116, 1.201000000000000068, -0.05647597110780924051 ) ) ;
#1816 = ORIENTED_EDGE ( 'NONE', *, *, #3079, .F. ) ;
#1817 = AXIS2_PLACEMENT_3D ( 'NONE', #2299, #4809, #7327 ) ;
#1818 =( NAMED_UNIT ( * ) SI_UNIT ( $, .STERADIAN. ) SOLID_ANGLE_UNIT ( ) );
#1819 = CARTESIAN_POINT ( 'NONE',  ( -0.004149098866750781760, 1.201000000000000068, -0.04166136748294676367 ) ) ;
#1820 = CARTESIAN_POINT ( 'NONE',  ( 0.01989503679927764196, 1.200000000000000400, -0.1331254650207334411 ) ) ;
#1821 = DIRECTION ( 'NONE',  ( -0.000000000000000000, 1.000000000000000000, -0.000000000000000000 ) ) ;
#1822 = DIRECTION ( 'NONE',  ( 1.000000000000000000, 0.000000000000000000, 0.000000000000000000 ) ) ;
#1823 = ORIENTED_EDGE ( 'NONE', *, *, #6575, .T. ) ;
#1824 = ORIENTED_EDGE ( 'NONE', *, *, #3495, .T. ) ;
#1825 = EDGE_CURVE ( 'NONE', #571, #2879, #6580, .T. ) ;
#1826 = CARTESIAN_POINT ( 'NONE',  ( 0.07521157894315520787, 1.199999999999999734, -0.01107755526853800195 ) ) ;
#1827 = ORIENTED_EDGE ( 'NONE', *, *, #7406, .F. ) ;
#1828 = ADVANCED_FACE ( 'NONE', ( #5955 ), #2908, .T. ) ;
#1829 = LINE ( 'NONE', #614, #473 ) ;
#1830 = CARTESIAN_POINT ( 'NONE',  ( 0.1164466342541592564, 1.200000000000000178, -0.1731642232240074575 ) ) ;
#1831 = DIRECTION ( 'NONE',  ( 0.9528149773632900166, 0.000000000000000000, -0.3035516742042336791 ) ) ;
#1832 = ORIENTED_EDGE ( 'NONE', *, *, #2136, .T. ) ;
#1833 = DIRECTION ( 'NONE',  ( -0.000000000000000000, 1.000000000000000000, -0.000000000000000000 ) ) ;
#1834 = VERTEX_POINT ( 'NONE', #4964 ) ;
#1835 = ORIENTED_EDGE ( 'NONE', *, *, #2857, .T. ) ;
#1836 = CARTESIAN_POINT ( 'NONE',  ( 1.600000000000000755, 0.2999999999999999889, 1.250000000000001776 ) ) ;
#1837 = DIRECTION ( 'NONE',  ( -0.000000000000000000, 1.000000000000000000, -0.000000000000000000 ) ) ;
#1838 = VECTOR ( 'NONE', #6023, 1000.000000000000000 ) ;
#1839 =( NAMED_UNIT ( * ) PLANE_ANGLE_UNIT ( ) SI_UNIT ( $, .RADIAN. ) );
#1840 = DIRECTION ( 'NONE',  ( -1.000000000000000000, 0.000000000000000000, 0.000000000000000000 ) ) ;
#1841 = ORIENTED_EDGE ( 'NONE', *, *, #2412, .T. ) ;
#1842 = CARTESIAN_POINT ( 'NONE',  ( -0.01731996391749868192, 1.201000000000000290, -0.06743716197679318347 ) ) ;
#1843 = DIRECTION ( 'NONE',  ( 0.000000000000000000, 0.000000000000000000, 1.000000000000000000 ) ) ;
#1844 = DIRECTION ( 'NONE',  ( 0.000000000000000000, -1.000000000000000000, 0.000000000000000000 ) ) ;
#1845 = ORIENTED_EDGE ( 'NONE', *, *, #5543, .F. ) ;
#1846 = EDGE_CURVE ( 'NONE', #202, #571, #698, .T. ) ;
#1847 = CARTESIAN_POINT ( 'NONE',  ( 1.500000000000000222, 0.2999999999999999889, -1.000000000000001110 ) ) ;
#1848 = PRESENTATION_LAYER_ASSIGNMENT (  '', '', ( #5360 ) ) ;
#1849 = CARTESIAN_POINT ( 'NONE',  ( -0.02802613820359006053, 1.200000000000000178, 0.05318821105567674706 ) ) ;
#1850 = CARTESIAN_POINT ( 'NONE',  ( 0.3634003539556817652, 1.200000000000000178, 0.08366764526557586568 ) ) ;
#1851 = DIRECTION ( 'NONE',  ( -0.7071067811865474617, 0.000000000000000000, 0.7071067811865474617 ) ) ;
#1852 = CARTESIAN_POINT ( 'NONE',  ( 0.04888137404108545275, 1.201000000000000290, -0.04895563895204705501 ) ) ;
#1853 = LINE ( 'NONE', #4404, #4926 ) ;
#1854 = COLOUR_RGB ( '',1.000000000000000000, 0.8078431372549019773, 0.4980392156862745168 ) ;
#1855 = EDGE_CURVE ( 'NONE', #3834, #2107, #1255, .T. ) ;
#1856 = CARTESIAN_POINT ( 'NONE',  ( 0.3271804750661250760, 1.201000000000000068, 0.08366764526557586568 ) ) ;
#1857 = MECHANICAL_DESIGN_GEOMETRIC_PRESENTATION_REPRESENTATION (  '', ( #3295 ), #6863 ) ;
#1858 = VECTOR ( 'NONE', #4966, 1000.000000000000000 ) ;
#1859 = DIRECTION ( 'NONE',  ( 1.000000000000000000, 0.000000000000000000, 0.000000000000000000 ) ) ;
#1860 = CARTESIAN_POINT ( 'NONE',  ( -0.004099236659543279392, 1.200000000000000178, -0.1434606829303079201 ) ) ;
#1861 = LINE ( 'NONE', #6960, #2579 ) ;
#1862 = VECTOR ( 'NONE', #4500, 1000.000000000000000 ) ;
#1863 = DIRECTION ( 'NONE',  ( 3.469446951953614189E-16, 0.000000000000000000, -1.000000000000000000 ) ) ;
#1864 = AXIS2_PLACEMENT_3D ( 'NONE', #5734, #7076, #2615 ) ;
#1865 = ORIENTED_EDGE ( 'NONE', *, *, #1403, .T. ) ;
#1866 = AXIS2_PLACEMENT_3D ( 'NONE', #914, #5308, #6568 ) ;
#1867 = CARTESIAN_POINT ( 'NONE',  ( -0.3412409262593289472, 1.201000000000000068, -0.1435297768598247370 ) ) ;
#1868 = AXIS2_PLACEMENT_3D ( 'NONE', #2886, #1071, #6685 ) ;
#1869 = ORIENTED_EDGE ( 'NONE', *, *, #3278, .T. ) ;
#1870 = LINE ( 'NONE', #5633, #2942 ) ;
#1871 = DIRECTION ( 'NONE',  ( -0.000000000000000000, -0.000000000000000000, 1.000000000000000000 ) ) ;
#1872 = VERTEX_POINT ( 'NONE', #1933 ) ;
#1873 = FILL_AREA_STYLE_COLOUR ( '', #1598 ) ;
#1874 = AXIS2_PLACEMENT_3D ( 'NONE', #1680, #504, #4917 ) ;
#1875 = ADVANCED_FACE ( 'NONE', ( #2994 ), #7566, .T. ) ;
#1876 = EDGE_CURVE ( 'NONE', #1205, #3555, #5004, .T. ) ;
#1877 = ORIENTED_EDGE ( 'NONE', *, *, #8109, .F. ) ;
#1878 = ORIENTED_EDGE ( 'NONE', *, *, #2164, .T. ) ;
#1879 = PLANE ( 'NONE',  #839 ) ;
#1880 = CARTESIAN_POINT ( 'NONE',  ( -0.01634227901653866402, 1.201000000000000290, -0.1432148302051976518 ) ) ;
#1881 = PRESENTATION_LAYER_ASSIGNMENT (  '', '', ( #3055 ) ) ;
#1882 = SURFACE_STYLE_USAGE ( .BOTH. , #2690 ) ;
#1883 = DIRECTION ( 'NONE',  ( 1.000000000000000000, 0.000000000000000000, -1.668003342285392290E-16 ) ) ;
#1884 = ORIENTED_EDGE ( 'NONE', *, *, #5832, .F. ) ;
#1885 = CARTESIAN_POINT ( 'NONE',  ( -0.01429175535601883915, 1.201000000000000290, -0.06755277781244188595 ) ) ;
#1886 = CARTESIAN_POINT ( 'NONE',  ( 1.600000000000000311, 0.2999999999999998779, 1.100000000000001865 ) ) ;
#1887 =( GEOMETRIC_REPRESENTATION_CONTEXT ( 3 ) GLOBAL_UNCERTAINTY_ASSIGNED_CONTEXT ( ( #3527 ) ) GLOBAL_UNIT_ASSIGNED_CONTEXT ( ( #4376, #6270, #651 ) ) REPRESENTATION_CONTEXT ( 'NONE', 'WORKASPACE' ) );
#1888 = VECTOR ( 'NONE', #1580, 1000.000000000000000 ) ;
#1889 = CARTESIAN_POINT ( 'NONE',  ( -0.004746220444384423136, 1.201000000000000068, 0.05729921906142235871 ) ) ;
#1890 = LINE ( 'NONE', #1127, #3818 ) ;
#1891 = DIRECTION ( 'NONE',  ( 0.000000000000000000, 0.000000000000000000, -1.000000000000000000 ) ) ;
#1892 = CARTESIAN_POINT ( 'NONE',  ( -0.04344419018358133128, 1.201000000000000290, 0.04022234142678653146 ) ) ;
#1893 = CYLINDRICAL_SURFACE ( 'NONE', #5247, 0.1000000000000001027 ) ;
#1894 =( NAMED_UNIT ( * ) SI_UNIT ( $, .STERADIAN. ) SOLID_ANGLE_UNIT ( ) );
#1895 = EDGE_CURVE ( 'NONE', #2988, #1532, #6911, .T. ) ;
#1896 = VECTOR ( 'NONE', #2206, 1000.000000000000000 ) ;
#1897 = CARTESIAN_POINT ( 'NONE',  ( 1.500000000000000222, 0.8005663796883346617, 0.3692222225699262617 ) ) ;
#1898 = ORIENTED_EDGE ( 'NONE', *, *, #6694, .F. ) ;
#1899 = LINE ( 'NONE', #5706, #1549 ) ;
#1900 = CARTESIAN_POINT ( 'NONE',  ( 0.2336622094860409116, 1.200999999999999845, 0.02405101724558774551 ) ) ;
#1901 = CARTESIAN_POINT ( 'NONE',  ( 1.500000000000000222, 0.8000000000000430100, 0.3608932640206402032 ) ) ;
#1902 = EDGE_CURVE ( 'NONE', #5635, #7835, #8067, .T. ) ;
#1903 = VECTOR ( 'NONE', #2605, 1000.000000000000000 ) ;
#1904 = ORIENTED_EDGE ( 'NONE', *, *, #5236, .F. ) ;
#1905 = CARTESIAN_POINT ( 'NONE',  ( 0.05715082723916915797, 1.200000000000000400, -0.04275155783679049359 ) ) ;
#1906 = ORIENTED_EDGE ( 'NONE', *, *, #6825, .T. ) ;
#1907 = B_SPLINE_CURVE_WITH_KNOTS ( 'NONE', 3,
 ( #4414, #7496, #6351, #772, #6307, #4494, #7009, #1905, #609, #3720, #142, #5630, #1304, #4938, #1826, #6842, #1266, #3754, #18 ),
 .UNSPECIFIED., .F., .F.,
 ( 4, 1, 1, 1, 1, 1, 1, 1, 1, 1, 1, 1, 1, 1, 1, 1, 4 ),
 ( 0.000000000000000000, 0.06582824467818962355, 0.1289383166014421711, 0.1908583237191151527, 0.2511862310452449010, 0.3109740177800718319, 0.3700498785126953849, 0.4296723095349300747, 0.4895072568266741198, 0.5499752717322410334, 0.6100748076115777296, 0.6709148653422591924, 0.7329088543890388552, 0.7967107088217866284, 0.8618253836021726455, 0.9298919770519397110, 0.9999999999999998890 ),
 .UNSPECIFIED. ) ;
#1908 = CARTESIAN_POINT ( 'NONE',  ( -0.04798602987534322795, 1.201000000000000290, 0.03219249250799013917 ) ) ;
#1909 = CARTESIAN_POINT ( 'NONE',  ( 0.06718475536438762996, 1.199999999999999956, -0.03086768890278906996 ) ) ;
#1910 = VERTEX_POINT ( 'NONE', #1773 ) ;
#1911 = PLANE ( 'NONE',  #479 ) ;
#1912 = ORIENTED_EDGE ( 'NONE', *, *, #6530, .T. ) ;
#1913 = EDGE_LOOP ( 'NONE', ( #540, #465, #1898, #5652 ) ) ;
#1914 = VECTOR ( 'NONE', #5853, 1000.000000000000000 ) ;
#1915 = DIRECTION ( 'NONE',  ( -1.000000000000000000, 0.000000000000000000, 0.000000000000000000 ) ) ;
#1916 = CARTESIAN_POINT ( 'NONE',  ( -0.03597709088798213550, 1.201000000000000290, -0.1345455438105361279 ) ) ;
#1917 = EDGE_CURVE ( 'NONE', #1236, #3263, #3696, .T. ) ;
#1918 = DIRECTION ( 'NONE',  ( -3.469446951953614189E-16, 0.000000000000000000, 1.000000000000000000 ) ) ;
#1919 =( NAMED_UNIT ( * ) SI_UNIT ( $, .STERADIAN. ) SOLID_ANGLE_UNIT ( ) );
#1920 = DIRECTION ( 'NONE',  ( 1.517883041479704630E-14, 0.000000000000000000, 1.000000000000000000 ) ) ;
#1921 = VERTEX_POINT ( 'NONE', #2378 ) ;
#1922 = AXIS2_PLACEMENT_3D ( 'NONE', #350, #2829, #7241 ) ;
#1923 = CARTESIAN_POINT ( 'NONE',  ( 0.2207845808280525512, 1.200000000000000178, 0.08366764526557586568 ) ) ;
#1924 = CARTESIAN_POINT ( 'NONE',  ( -0.001089389640990530254, 1.200000000000000622, 0.05724708152875118694 ) ) ;
#1925 = EDGE_CURVE ( 'NONE', #6840, #887, #6324, .T. ) ;
#1926 = LINE ( 'NONE', #4554, #1198 ) ;
#1927 = COLOUR_RGB ( '',1.000000000000000000, 0.8078431372549019773, 0.4980392156862745168 ) ;
#1928 = CLOSED_SHELL ( 'NONE', ( #628, #7630, #4390, #1038, #2701, #6522, #3710, #517, #7267, #6834 ) ) ;
#1929 =( NAMED_UNIT ( * ) SI_UNIT ( $, .STERADIAN. ) SOLID_ANGLE_UNIT ( ) );
#1930 = ADVANCED_FACE ( 'NONE', ( #4886 ), #1893, .F. ) ;
#1931 = CARTESIAN_POINT ( 'NONE',  ( -0.03014160188936778131, 1.200000000000000178, -0.1708785684440472241 ) ) ;
#1932 = FACE_OUTER_BOUND ( 'NONE', #1274, .T. ) ;
#1933 = CARTESIAN_POINT ( 'NONE',  ( 1.500000000000000444, 0.2999999999999999889, 1.000000000000001554 ) ) ;
#1934 = CARTESIAN_POINT ( 'NONE',  ( 0.02834313892151760217, 1.200999999999999401, -0.1644996889281557517 ) ) ;
#1935 = VECTOR ( 'NONE', #2863, 1000.000000000000000 ) ;
#1936 = DIRECTION ( 'NONE',  ( 1.000000000000000000, 0.000000000000000000, 0.000000000000000000 ) ) ;
#1937 = UNCERTAINTY_MEASURE_WITH_UNIT (LENGTH_MEASURE( 1.000000000000000082E-05 ), #5658, 'distance_accuracy_value', 'NONE');
#1938 = VERTEX_POINT ( 'NONE', #4322 ) ;
#1939 = CARTESIAN_POINT ( 'NONE',  ( 0.01404580305917231021, 1.200000000000000400, -0.1376967576529826986 ) ) ;
#1940 = PLANE ( 'NONE',  #5191 ) ;
#1941 = DIRECTION ( 'NONE',  ( 0.000000000000000000, 0.000000000000000000, 1.000000000000000000 ) ) ;
#1942 = ORIENTED_EDGE ( 'NONE', *, *, #5219, .F. ) ;
#1943 = VERTEX_POINT ( 'NONE', #2426 ) ;
#1944 = EDGE_CURVE ( 'NONE', #8082, #1750, #3746, .T. ) ;
#1945 = CARTESIAN_POINT ( 'NONE',  ( -0.02802613820359006053, 1.201000000000000068, 0.05318821105567674706 ) ) ;
#1946 = CARTESIAN_POINT ( 'NONE',  ( 0.06718475536438762996, 1.200999999999999845, -0.03086768890278906996 ) ) ;
#1947 = ORIENTED_EDGE ( 'NONE', *, *, #4705, .T. ) ;
#1948 = CARTESIAN_POINT ( 'NONE',  ( 0.02661907637341903374, 1.201000000000000068, -0.1245393073107115556 ) ) ;
#1949 = CARTESIAN_POINT ( 'NONE',  ( -1.349999999999998535, 0.000000000000000000, -1.149999999999999023 ) ) ;
#1950 = ORIENTED_EDGE ( 'NONE', *, *, #3056, .T. ) ;
#1951 = EDGE_LOOP ( 'NONE', ( #4829, #5493, #6040, #2672 ) ) ;
#1952 = DIRECTION ( 'NONE',  ( -0.000000000000000000, -1.000000000000000000, -0.000000000000000000 ) ) ;
#1953 = CARTESIAN_POINT ( 'NONE',  ( -0.04946052010476825050, 1.200000000000000400, -0.1132348698196174452 ) ) ;
#1954 = EDGE_CURVE ( 'NONE', #2567, #802, #3957, .T. ) ;
#1955 = PRESENTATION_LAYER_ASSIGNMENT (  '', '', ( #147 ) ) ;
#1956 = SURFACE_SIDE_STYLE ('',( #5465 ) ) ;
#1957 = LINE ( 'NONE', #7594, #5421 ) ;
#1958 = VERTEX_POINT ( 'NONE', #910 ) ;
#1959 = CARTESIAN_POINT ( 'NONE',  ( 0.6136467899198910780, 1.201000000000000068, 0.08366764526557586568 ) ) ;
#1960 = CARTESIAN_POINT ( 'NONE',  ( 0.04400687647504605143, 1.200000000000000622, 0.006134467017618715733 ) ) ;
#1961 = CARTESIAN_POINT ( 'NONE',  ( -0.03807755230116102035, 1.200000000000000178, 0.08201118222462283613 ) ) ;
#1962 = CARTESIAN_POINT ( 'NONE',  ( 0.05890740846727900853, 1.199999999999999956, -0.08495471445623789530 ) ) ;
#1963 = FACE_OUTER_BOUND ( 'NONE', #6933, .T. ) ;
#1964 = SURFACE_SIDE_STYLE ('',( #877 ) ) ;
#1965 = MECHANICAL_DESIGN_GEOMETRIC_PRESENTATION_REPRESENTATION (  '', ( #2414 ), #4466 ) ;
#1966 = MECHANICAL_DESIGN_GEOMETRIC_PRESENTATION_REPRESENTATION (  '', ( #852 ), #4588 ) ;
#1967 = CARTESIAN_POINT ( 'NONE',  ( 0.01958159992391287144, 1.200000000000001066, -0.1683599970428358017 ) ) ;
#1968 = EDGE_CURVE ( 'NONE', #6783, #3226, #6198, .T. ) ;
#1969 = ADVANCED_FACE ( 'NONE', ( #6602 ), #250, .T. ) ;
#1970 = ADVANCED_FACE ( 'NONE', ( #7844 ), #5849, .T. ) ;
#1971 = VECTOR ( 'NONE', #4103, 1000.000000000000000 ) ;
#1972 = CYLINDRICAL_SURFACE ( 'NONE', #2760, 0.1499999999999999667 ) ;
#1973 = CARTESIAN_POINT ( 'NONE',  ( 1.500000000000000222, 0.8007116190140168843, -0.3826798580038012765 ) ) ;
#1974 = PRESENTATION_LAYER_ASSIGNMENT (  '', '', ( #2887 ) ) ;
#1975 = SURFACE_STYLE_USAGE ( .BOTH. , #2622 ) ;
#1976 = ORIENTED_EDGE ( 'NONE', *, *, #5284, .T. ) ;
#1977 = LINE ( 'NONE', #7659, #383 ) ;
#1978 = CARTESIAN_POINT ( 'NONE',  ( 0.01852901245663176114, 1.201000000000000290, 0.05164791034248505247 ) ) ;
#1979 = DIRECTION ( 'NONE',  ( -1.000000000000000000, 0.000000000000000000, -0.000000000000000000 ) ) ;
#1980 = UNCERTAINTY_MEASURE_WITH_UNIT (LENGTH_MEASURE( 1.000000000000000082E-05 ), #813, 'distance_accuracy_value', 'NONE');
#1981 = ORIENTED_EDGE ( 'NONE', *, *, #2939, .T. ) ;
#1982 = AXIS2_PLACEMENT_3D ( 'NONE', #2057, #4527, #262 ) ;
#1983 = LINE ( 'NONE', #5017, #2919 ) ;
#1984 = ORIENTED_EDGE ( 'NONE', *, *, #3502, .F. ) ;
#1985 = CARTESIAN_POINT ( 'NONE',  ( -0.04208598807773997891, 1.200000000000000178, -0.1281104162194585117 ) ) ;
#1986 = CARTESIAN_POINT ( 'NONE',  ( -1.499999999999999778, 0.2999999999999999889, -0.4999999999999993339 ) ) ;
#1987 = CARTESIAN_POINT ( 'NONE',  ( -0.02015924097788958369, 1.201000000000000512, 0.05585549645092948573 ) ) ;
#1988 = AXIS2_PLACEMENT_3D ( 'NONE', #3822, #7734, #2011 ) ;
#1989 = ORIENTED_EDGE ( 'NONE', *, *, #3531, .F. ) ;
#1990 = CIRCLE ( 'NONE', #5914, 0.0009999999999999158867 ) ;
#1991 = ORIENTED_EDGE ( 'NONE', *, *, #4203, .F. ) ;
#1992 = ORIENTED_EDGE ( 'NONE', *, *, #6013, .T. ) ;
#1993 = AXIS2_PLACEMENT_3D ( 'NONE', #5054, #1221, #5015 ) ;
#1994 = EDGE_CURVE ( 'NONE', #1697, #1628, #6562, .T. ) ;
#1995 = DIRECTION ( 'NONE',  ( 0.000000000000000000, -1.000000000000000000, -0.000000000000000000 ) ) ;
#1996 = CARTESIAN_POINT ( 'NONE',  ( 1.600000000000000755, 0.2999999999999999889, 1.250000000000001776 ) ) ;
#1997 = CARTESIAN_POINT ( 'NONE',  ( 0.6000000000000001998, 0.2999999999999999889, -0.4999999999999996669 ) ) ;
#1998 = PLANE ( 'NONE',  #7932 ) ;
#1999 = CARTESIAN_POINT ( 'NONE',  ( 1.599999999999999867, -0.001000000000000024307, -1.099999999999998312 ) ) ;
#2000 = ORIENTED_EDGE ( 'NONE', *, *, #6926, .T. ) ;
#2001 = CARTESIAN_POINT ( 'NONE',  ( -0.06249705106279294237, 1.201000000000000068, 0.06702366125426251209 ) ) ;
#2002 = ADVANCED_FACE ( 'NONE', ( #4621 ), #5342, .T. ) ;
#2003 = COLOUR_RGB ( '',0.2509803921568627416, 0.2509803921568627416, 0.2509803921568627416 ) ;
#2004 = VECTOR ( 'NONE', #3330, 1000.000000000000000 ) ;
#2005 =( NAMED_UNIT ( * ) SI_UNIT ( $, .STERADIAN. ) SOLID_ANGLE_UNIT ( ) );
#2006 = CARTESIAN_POINT ( 'NONE',  ( 0.02664452551141156811, 1.201000000000000290, 0.04611688825722609630 ) ) ;
#2007 = DIRECTION ( 'NONE',  ( -1.000000000000000000, 0.000000000000000000, 0.000000000000000000 ) ) ;
#2008 = CARTESIAN_POINT ( 'NONE',  ( 0.06343388563188318008, 1.200000000000000178, -0.09994501115145226766 ) ) ;
#2009 = LINE ( 'NONE', #5302, #1408 ) ;
#2010 = COLOUR_RGB ( '',1.000000000000000000, 1.000000000000000000, 1.000000000000000000 ) ;
#2011 = DIRECTION ( 'NONE',  ( -0.000000000000000000, 0.000000000000000000, -1.000000000000000000 ) ) ;
#2012 = FACE_OUTER_BOUND ( 'NONE', #5091, .T. ) ;
#2013 = VECTOR ( 'NONE', #98, 1000.000000000000000 ) ;
#2014 = AXIS2_PLACEMENT_3D ( 'NONE', #6924, #5674, #5712 ) ;
#2015 = DIRECTION ( 'NONE',  ( 0.000000000000000000, 0.000000000000000000, -1.000000000000000000 ) ) ;
#2016 = EDGE_CURVE ( 'NONE', #2070, #3795, #7892, .T. ) ;
#2017 = UNCERTAINTY_MEASURE_WITH_UNIT (LENGTH_MEASURE( 1.000000000000000082E-05 ), #7600, 'distance_accuracy_value', 'NONE');
#2018 = CARTESIAN_POINT ( 'NONE',  ( -0.3148991961578331833, 1.201000000000000068, -0.1435297768598247370 ) ) ;
#2019 = DIRECTION ( 'NONE',  ( 0.7071067811865467956, 0.000000000000000000, -0.7071067811865483499 ) ) ;
#2020 = VERTEX_POINT ( 'NONE', #4140 ) ;
#2021 = DIRECTION ( 'NONE',  ( -1.000000000000000000, 0.000000000000000000, 0.000000000000000000 ) ) ;
#2022 = CARTESIAN_POINT ( 'NONE',  ( 0.6000000000000004219, 0.2999999999999999889, 1.150000000000000133 ) ) ;
#2023 = PRESENTATION_STYLE_ASSIGNMENT (( #2626 ) ) ;
#2024 = ORIENTED_EDGE ( 'NONE', *, *, #7, .F. ) ;
#2025 = AXIS2_PLACEMENT_3D ( 'NONE', #4620, #5265, #7805 ) ;
#2026 = CARTESIAN_POINT ( 'NONE',  ( -1.500999999999999890, 0.8000000000000000444, 0.9999999999999981126 ) ) ;
#2027 = VERTEX_POINT ( 'NONE', #1110 ) ;
#2028 = CARTESIAN_POINT ( 'NONE',  ( -0.01634227901653866402, 1.200000000000000400, -0.1432148302051976518 ) ) ;
#2029 = CARTESIAN_POINT ( 'NONE',  ( 0.01054311002127904760, 1.201000000000000290, -0.03984495190251929886 ) ) ;
#2030 = FACE_OUTER_BOUND ( 'NONE', #1471, .T. ) ;
#2031 = LINE ( 'NONE', #1425, #7442 ) ;
#2032 = ORIENTED_EDGE ( 'NONE', *, *, #7766, .T. ) ;
#2033 = CARTESIAN_POINT ( 'NONE',  ( 0.01711324206459058014, 1.200999999999999845, -0.1356068894117085921 ) ) ;
#2034 = CARTESIAN_POINT ( 'NONE',  ( 0.07674820536997686848, 1.200000000000000178, 0.01459107594744134435 ) ) ;
#2035 = ORIENTED_EDGE ( 'NONE', *, *, #6093, .F. ) ;
#2036 = ORIENTED_EDGE ( 'NONE', *, *, #7304, .T. ) ;
#2037 = COLOUR_RGB ( '',1.000000000000000000, 0.8078431372549019773, 0.4980392156862745168 ) ;
#2038 = CARTESIAN_POINT ( 'NONE',  ( -0.02205324354511123061, 1.201000000000000068, -0.06779730281802456848 ) ) ;
#2039 =( LENGTH_UNIT ( ) NAMED_UNIT ( * ) SI_UNIT ( .MILLI., .METRE. ) );
#2040 = VECTOR ( 'NONE', #5355, 1000.000000000000000 ) ;
#2041 = CARTESIAN_POINT ( 'NONE',  ( 0.2402820363007421300, 1.201000000000000068, 0.04355433586610416713 ) ) ;
#2042 = ORIENTED_EDGE ( 'NONE', *, *, #267, .T. ) ;
#2043 = LINE ( 'NONE', #3974, #2617 ) ;
#2044 = EDGE_CURVE ( 'NONE', #1938, #3052, #494, .T. ) ;
#2045 = CARTESIAN_POINT ( 'NONE',  ( 0.2586508178489526633, 1.200000000000000178, 0.08366764526557586568 ) ) ;
#2046 = CARTESIAN_POINT ( 'NONE',  ( -0.06282688970408746576, 1.200000000000000178, 0.06687231938989916802 ) ) ;
#2047 = FILL_AREA_STYLE ('',( #716 ) ) ;
#2048 = AXIS2_PLACEMENT_3D ( 'NONE', #810, #4644, #193 ) ;
#2049 = ADVANCED_FACE ( 'NONE', ( #2276 ), #4183, .T. ) ;
#2050 = DIRECTION ( 'NONE',  ( 0.000000000000000000, 0.000000000000000000, -1.000000000000000000 ) ) ;
#2051 = EDGE_CURVE ( 'NONE', #7701, #5144, #4261, .T. ) ;
#2052 =( LENGTH_UNIT ( ) NAMED_UNIT ( * ) SI_UNIT ( .MILLI., .METRE. ) );
#2053 = CARTESIAN_POINT ( 'NONE',  ( 0.03364593370816822138, 1.201000000000000068, -0.02470484252496516625 ) ) ;
#2054 =( BOUNDED_SURFACE ( )  B_SPLINE_SURFACE ( 3, 2, ( 
 ( #6921, #1901, #6231 ),
 ( #5670, #1302, #607 ),
 ( #7004, #5588, #2549 ),
 ( #3794, #7577, #1378 ) ),
 .UNSPECIFIED., .F., .F., .F. ) 
 B_SPLINE_SURFACE_WITH_KNOTS ( ( 4, 4 ),
 ( 3, 3 ),
 ( 6.234218453013459653E-06, 2.061275186545268110E-05 ),
 ( 0.000000000000000000, 1.000000000000000000 ),
 .UNSPECIFIED. ) 
 GEOMETRIC_REPRESENTATION_ITEM ( )  RATIONAL_B_SPLINE_SURFACE ( (
 ( 1.000000000000000000, 0.7071067812017270970, 1.000000000000000000),
 ( 1.000000000000000000, 0.9301597639359200365, 1.000000000000000000),
 ( 1.000000000000000000, 0.9946809230430943005, 1.000000000000000000),
 ( 1.000000000000000000, 1.000000000000000000, 1.000000000000000000) ) ) 
 REPRESENTATION_ITEM ( '' )  SURFACE ( )  );
#2055 = CARTESIAN_POINT ( 'NONE',  ( 0.6000000000000003109, 0.2999999999999999889, 0.5000000000000005551 ) ) ;
#2056 = EDGE_CURVE ( 'NONE', #7919, #5550, #6152, .T. ) ;
#2057 = CARTESIAN_POINT ( 'NONE',  ( 1.600000000000000533, 0.000000000000000000, -1.250000000000001332 ) ) ;
#2058 =( NAMED_UNIT ( * ) PLANE_ANGLE_UNIT ( ) SI_UNIT ( $, .RADIAN. ) );
#2059 = DIRECTION ( 'NONE',  ( 0.000000000000000000, -1.000000000000000000, 0.000000000000000000 ) ) ;
#2060 = ORIENTED_EDGE ( 'NONE', *, *, #8060, .F. ) ;
#2061 = CARTESIAN_POINT ( 'NONE',  ( 1.500000000000000222, 0.8004856007391004669, -0.3643989285841202630 ) ) ;
#2062 = VERTEX_POINT ( 'NONE', #7260 ) ;
#2063 = ORIENTED_EDGE ( 'NONE', *, *, #7408, .F. ) ;
#2064 = DIRECTION ( 'NONE',  ( 0.000000000000000000, 0.000000000000000000, -1.000000000000000000 ) ) ;
#2065 = CARTESIAN_POINT ( 'NONE',  ( -1.449999999999999067, 0.8000000000000000444, -1.249999999999997780 ) ) ;
#2066 = CARTESIAN_POINT ( 'NONE',  ( -0.02341410417408456082, 1.200000000000000622, -0.03870424316334224180 ) ) ;
#2067 = EDGE_LOOP ( 'NONE', ( #2323, #3593, #7638, #2911 ) ) ;
#2068 = LINE ( 'NONE', #3924, #3567 ) ;
#2069 = EDGE_CURVE ( 'NONE', #5403, #1872, #447, .T. ) ;
#2070 = VERTEX_POINT ( 'NONE', #5427 ) ;
#2071 = ORIENTED_EDGE ( 'NONE', *, *, #6127, .F. ) ;
#2072 = ADVANCED_FACE ( 'NONE', ( #3519 ), #4822, .T. ) ;
#2073 = EDGE_CURVE ( 'NONE', #3698, #244, #4981, .T. ) ;
#2074 =( NAMED_UNIT ( * ) SI_UNIT ( $, .STERADIAN. ) SOLID_ANGLE_UNIT ( ) );
#2075 = VECTOR ( 'NONE', #6137, 1000.000000000000000 ) ;
#2076 = LINE ( 'NONE', #2764, #4434 ) ;
#2077 =( NAMED_UNIT ( * ) PLANE_ANGLE_UNIT ( ) SI_UNIT ( $, .RADIAN. ) );
#2078 =( LENGTH_UNIT ( ) NAMED_UNIT ( * ) SI_UNIT ( .MILLI., .METRE. ) );
#2079 = ORIENTED_EDGE ( 'NONE', *, *, #3665, .T. ) ;
#2080 = CARTESIAN_POINT ( 'NONE',  ( -1.499999999999999778, 0.2999999999999999889, -1.000000000000000666 ) ) ;
#2081 = CARTESIAN_POINT ( 'NONE',  ( 0.07618194611357016754, 1.201000000000000290, -0.005469053621631025063 ) ) ;
#2082 = CARTESIAN_POINT ( 'NONE',  ( -0.04835998948107996659, 1.199999999999999956, -0.1635698657294747949 ) ) ;
#2083 = LINE ( 'NONE', #1400, #5101 ) ;
#2084 = SURFACE_SIDE_STYLE ('',( #1481 ) ) ;
#2085 = CARTESIAN_POINT ( 'NONE',  ( 0.04068862752827270141, 1.200000000000000400, -0.01281567348377538398 ) ) ;
#2086 =( NAMED_UNIT ( * ) PLANE_ANGLE_UNIT ( ) SI_UNIT ( $, .RADIAN. ) );
#2087 = EDGE_CURVE ( 'NONE', #5403, #6638, #153, .T. ) ;
#2088 = CARTESIAN_POINT ( 'NONE',  ( -0.05148189514287597468, 1.200000000000000178, -0.1040171817075811744 ) ) ;
#2089 = AXIS2_PLACEMENT_3D ( 'NONE', #4267, #4345, #3734 ) ;
#2090 = SURFACE_STYLE_FILL_AREA ( #7740 ) ;
#2091 = PRESENTATION_STYLE_ASSIGNMENT (( #5241 ) ) ;
#2092 = EDGE_LOOP ( 'NONE', ( #1085, #3413, #1698, #1024 ) ) ;
#2093 = FILL_AREA_STYLE_COLOUR ( '', #4313 ) ;
#2094 = CARTESIAN_POINT ( 'NONE',  ( 0.04397405074612446840, 1.201000000000000068, 0.007920378208044911647 ) ) ;
#2095 = VECTOR ( 'NONE', #5433, 1000.000000000000000 ) ;
#2096 = ORIENTED_EDGE ( 'NONE', *, *, #1968, .T. ) ;
#2097 = EDGE_CURVE ( 'NONE', #1223, #6840, #3181, .T. ) ;
#2098 = FILL_AREA_STYLE_COLOUR ( '', #1754 ) ;
#2099 = EDGE_LOOP ( 'NONE', ( #7417, #7863, #2643, #4293 ) ) ;
#2100 = AXIS2_PLACEMENT_3D ( 'NONE', #1592, #2853, #4787 ) ;
#2101 = CARTESIAN_POINT ( 'NONE',  ( 0.000000000000000000, 1.200000000000000178, 0.000000000000000000 ) ) ;
#2102 = CARTESIAN_POINT ( 'NONE',  ( 0.07682230931435413135, 1.200000000000000178, 0.0003746452085303843683 ) ) ;
#2103 = ORIENTED_EDGE ( 'NONE', *, *, #7063, .T. ) ;
#2104 = PRESENTATION_STYLE_ASSIGNMENT (( #1016 ) ) ;
#2105 = CARTESIAN_POINT ( 'NONE',  ( -0.007801955970669150267, 1.200000000000000178, 0.08696036152826282228 ) ) ;
#2106 = AXIS2_PLACEMENT_3D ( 'NONE', #2717, #5876, #4679 ) ;
#2107 = VERTEX_POINT ( 'NONE', #6972 ) ;
#2108 = ORIENTED_EDGE ( 'NONE', *, *, #7696, .F. ) ;
#2109 = CARTESIAN_POINT ( 'NONE',  ( -1.599999999999999867, 0.8000000000000000444, 1.250000000000002220 ) ) ;
#2110 = CARTESIAN_POINT ( 'NONE',  ( -0.05119413496672482744, 1.201000000000000068, -0.1056162992748717888 ) ) ;
#2111 = EDGE_CURVE ( 'NONE', #3052, #6765, #7015, .T. ) ;
#2112 = VECTOR ( 'NONE', #1048, 1000.000000000000000 ) ;
#2113 = AXIS2_PLACEMENT_3D ( 'NONE', #6875, #761, #2015 ) ;
#2114 = ORIENTED_EDGE ( 'NONE', *, *, #5621, .F. ) ;
#2115 = DIRECTION ( 'NONE',  ( 0.000000000000000000, -2.422152536091439941E-13, 1.000000000000000000 ) ) ;
#2116 =( NAMED_UNIT ( * ) PLANE_ANGLE_UNIT ( ) SI_UNIT ( $, .RADIAN. ) );
#2117 = EDGE_CURVE ( 'NONE', #3372, #7862, #741, .T. ) ;
#2118 = AXIS2_PLACEMENT_3D ( 'NONE', #4009, #3965, #4610 ) ;
#2119 = STYLED_ITEM ( 'NONE', ( #3116 ), #5992 ) ;
#2120 = CARTESIAN_POINT ( 'NONE',  ( 1.500000000000000444, 0.2999999999999999889, 1.000000000000001554 ) ) ;
#2121 = CARTESIAN_POINT ( 'NONE',  ( -1.500999999999956813, 0.8000000000000000444, -0.3608932640206372611 ) ) ;
#2122 = CARTESIAN_POINT ( 'NONE',  ( 1.500000000000000222, 0.000000000000000000, -0.4999999999999996669 ) ) ;
#2123 = CARTESIAN_POINT ( 'NONE',  ( 1.500000000000000222, 0.8010000000000000453, 0.3891067359796626657 ) ) ;
#2124 = CARTESIAN_POINT ( 'NONE',  ( 0.2468149276040078610, 1.199999999999999956, 0.02220808482966069378 ) ) ;
#2125 = AXIS2_PLACEMENT_3D ( 'NONE', #3946, #6420, #3287 ) ;
#2126 = CARTESIAN_POINT ( 'NONE',  ( 0.04065885146851301590, 1.199999999999999956, 0.02615855993532342771 ) ) ;
#2127 = CARTESIAN_POINT ( 'NONE',  ( 0.6000000000000003109, 0.000000000000000000, 0.5000000000000005551 ) ) ;
#2128 = AXIS2_PLACEMENT_3D ( 'NONE', #5979, #7262, #4144 ) ;
#2129 = LINE ( 'NONE', #7817, #2004 ) ;
#2130 = PLANE ( 'NONE',  #5820 ) ;
#2131 = PLANE ( 'NONE',  #276 ) ;
#2132 = VECTOR ( 'NONE', #7388, 1000.000000000000000 ) ;
#2133 = VERTEX_POINT ( 'NONE', #5066 ) ;
#2134 = SURFACE_STYLE_USAGE ( .BOTH. , #7743 ) ;
#2135 = CARTESIAN_POINT ( 'NONE',  ( 0.02872661506851431623, 1.200000000000000178, -0.05694162888947846418 ) ) ;
#2136 = EDGE_CURVE ( 'NONE', #5717, #6389, #3838, .T. ) ;
#2137 = MECHANICAL_DESIGN_GEOMETRIC_PRESENTATION_REPRESENTATION (  '', ( #593 ), #7398 ) ;
#2138 = EDGE_LOOP ( 'NONE', ( #6690, #3183, #5959, #4210 ) ) ;
#2139 = DIRECTION ( 'NONE',  ( -3.469446951953614189E-16, 0.000000000000000000, 1.000000000000000000 ) ) ;
#2140 = ORIENTED_EDGE ( 'NONE', *, *, #7528, .T. ) ;
#2141 = CARTESIAN_POINT ( 'NONE',  ( -1.599999999999999867, 0.8000000000000000444, 0.3750000000000000000 ) ) ;
#2142 = SURFACE_SIDE_STYLE ('',( #2179 ) ) ;
#2143 = ADVANCED_FACE ( 'NONE', ( #3885 ), #3223, .T. ) ;
#2144 = CARTESIAN_POINT ( 'NONE',  ( -0.02544885719100715982, 1.201000000000000068, -0.03816285645384186881 ) ) ;
#2145 = FACE_OUTER_BOUND ( 'NONE', #620, .T. ) ;
#2146 = ORIENTED_EDGE ( 'NONE', *, *, #7539, .T. ) ;
#2147 = CARTESIAN_POINT ( 'NONE',  ( -1.499999999999999778, 0.2999999999999999889, -0.4999999999999993339 ) ) ;
#2148 = MECHANICAL_DESIGN_GEOMETRIC_PRESENTATION_REPRESENTATION (  '', ( #1142 ), #4633 ) ;
#2149 = ORIENTED_EDGE ( 'NONE', *, *, #680, .F. ) ;
#2150 = ORIENTED_EDGE ( 'NONE', *, *, #3176, .T. ) ;
#2151 = CARTESIAN_POINT ( 'NONE',  ( -1.450000000000000178, 0.000000000000000000, -1.250000000000000888 ) ) ;
#2152 = CARTESIAN_POINT ( 'NONE',  ( -0.05117231190713259631, 1.200999999999999845, 0.07567721465187275676 ) ) ;
#2153 = VERTEX_POINT ( 'NONE', #7753 ) ;
#2154 = CYLINDRICAL_SURFACE ( 'NONE', #4012, 0.1000000000000001027 ) ;
#2155 = FILL_AREA_STYLE ('',( #7105 ) ) ;
#2156 =( GEOMETRIC_REPRESENTATION_CONTEXT ( 3 ) GLOBAL_UNCERTAINTY_ASSIGNED_CONTEXT ( ( #1980 ) ) GLOBAL_UNIT_ASSIGNED_CONTEXT ( ( #813, #3422, #148 ) ) REPRESENTATION_CONTEXT ( 'NONE', 'WORKASPACE' ) );
#2157 = CARTESIAN_POINT ( 'NONE',  ( -0.04259047022997918680, 1.199999999999999956, -0.1665388061332676861 ) ) ;
#2158 = CARTESIAN_POINT ( 'NONE',  ( -1.500000000000000000, 1.200000000000000178, 1.149999999999997913 ) ) ;
#2159 = PLANE ( 'NONE',  #4971 ) ;
#2160 = CARTESIAN_POINT ( 'NONE',  ( 0.06343388563188318008, 1.200000000000000178, -0.09994501115145226766 ) ) ;
#2161 = VECTOR ( 'NONE', #7674, 1000.000000000000000 ) ;
#2162 = CARTESIAN_POINT ( 'NONE',  ( -0.08770177403243258063, 1.201000000000000068, 0.01452060374914958263 ) ) ;
#2163 =( LENGTH_UNIT ( ) NAMED_UNIT ( * ) SI_UNIT ( .MILLI., .METRE. ) );
#2164 = EDGE_CURVE ( 'NONE', #7667, #4541, #6554, .T. ) ;
#2165 = DIRECTION ( 'NONE',  ( -1.000000000000000000, 0.000000000000000000, 0.000000000000000000 ) ) ;
#2166 = VECTOR ( 'NONE', #2321, 1000.000000000000000 ) ;
#2167 = EDGE_CURVE ( 'NONE', #5828, #4273, #3425, .T. ) ;
#2168 = FILL_AREA_STYLE ('',( #2290 ) ) ;
#2169 = CARTESIAN_POINT ( 'NONE',  ( -0.4762422930294945012, 1.201000000000000068, -0.03157742392846793478 ) ) ;
#2170 = CARTESIAN_POINT ( 'NONE',  ( -0.05720786773054815227, 1.201000000000000068, 0.07159607653475276445 ) ) ;
#2171 = CARTESIAN_POINT ( 'NONE',  ( -1.599999999999999201, 0.000000000000000000, -0.4750000000000000888 ) ) ;
#2172 = CARTESIAN_POINT ( 'NONE',  ( -1.500000000000000000, 0.8010000000000000453, -0.3608932640206433673 ) ) ;
#2173 = PRESENTATION_LAYER_ASSIGNMENT (  '', '', ( #2447 ) ) ;
#2174 = ORIENTED_EDGE ( 'NONE', *, *, #2961, .T. ) ;
#2175 =( NAMED_UNIT ( * ) SI_UNIT ( $, .STERADIAN. ) SOLID_ANGLE_UNIT ( ) );
#2176 = ORIENTED_EDGE ( 'NONE', *, *, #3886, .F. ) ;
#2177 = FACE_OUTER_BOUND ( 'NONE', #691, .T. ) ;
#2178 =( GEOMETRIC_REPRESENTATION_CONTEXT ( 3 ) GLOBAL_UNCERTAINTY_ASSIGNED_CONTEXT ( ( #2274 ) ) GLOBAL_UNIT_ASSIGNED_CONTEXT ( ( #6831, #677, #3040 ) ) REPRESENTATION_CONTEXT ( 'NONE', 'WORKASPACE' ) );
#2179 = SURFACE_STYLE_FILL_AREA ( #7205 ) ;
#2180 = CARTESIAN_POINT ( 'NONE',  ( -0.008264994195109499203, 1.201000000000000068, -0.1435297768598247370 ) ) ;
#2181 = CARTESIAN_POINT ( 'NONE',  ( 1.500000000000000222, 0.000000000000000000, -0.4999999999999996669 ) ) ;
#2182 = VERTEX_POINT ( 'NONE', #1571 ) ;
#2183 = CIRCLE ( 'NONE', #7170, 0.1000000000000001027 ) ;
#2184 = VERTEX_POINT ( 'NONE', #7795 ) ;
#2185 = CARTESIAN_POINT ( 'NONE',  ( -1.500000000000000000, 0.8010000000000000453, 0.3891067359793590197 ) ) ;
#2186 =( LENGTH_UNIT ( ) NAMED_UNIT ( * ) SI_UNIT ( .MILLI., .METRE. ) );
#2187 = EDGE_CURVE ( 'NONE', #1807, #6853, #4226, .T. ) ;
#2188 = DIRECTION ( 'NONE',  ( 0.7071067811865483499, 0.000000000000000000, 0.7071067811865466846 ) ) ;
#2189 = FILL_AREA_STYLE ('',( #3353 ) ) ;
#2190 = DIRECTION ( 'NONE',  ( 1.000000000000000000, 0.000000000000000000, 0.000000000000000000 ) ) ;
#2191 = ORIENTED_EDGE ( 'NONE', *, *, #1385, .F. ) ;
#2192 = LINE ( 'NONE', #2770, #4522 ) ;
#2193 = PRESENTATION_LAYER_ASSIGNMENT (  '', '', ( #5869 ) ) ;
#2194 = EDGE_CURVE ( 'NONE', #6760, #7042, #2759, .T. ) ;
#2195 = PRESENTATION_LAYER_ASSIGNMENT (  '', '', ( #786 ) ) ;
#2196 = CARTESIAN_POINT ( 'NONE',  ( -0.07192560892124862104, 1.201000000000000290, -0.1410313993275841005 ) ) ;
#2197 = CARTESIAN_POINT ( 'NONE',  ( -0.5124621719190511904, 1.201000000000000068, -0.1731642232240074575 ) ) ;
#2198 = CARTESIAN_POINT ( 'NONE',  ( -1.600000000000000089, 0.8000000000000000444, -0.3750000000000000000 ) ) ;
#2199 = DIRECTION ( 'NONE',  ( 0.000000000000000000, 0.000000000000000000, 1.000000000000000000 ) ) ;
#2200 = CARTESIAN_POINT ( 'NONE',  ( -0.05148189514287597468, 1.201000000000000068, -0.1040171817075811744 ) ) ;
#2201 = EDGE_CURVE ( 'NONE', #2804, #6389, #2068, .T. ) ;
#2202 = CARTESIAN_POINT ( 'NONE',  ( 0.2435981290695263812, 1.200000000000000178, 0.03237606149799824445 ) ) ;
#2203 = UNCERTAINTY_MEASURE_WITH_UNIT (LENGTH_MEASURE( 1.000000000000000082E-05 ), #4870, 'distance_accuracy_value', 'NONE');
#2204 = LINE ( 'NONE', #4750, #1671 ) ;
#2205 = PLANE ( 'NONE',  #7654 ) ;
#2206 = DIRECTION ( 'NONE',  ( 0.000000000000000000, -1.000000000000000000, 0.000000000000000000 ) ) ;
#2207 = CARTESIAN_POINT ( 'NONE',  ( -0.02357526416162883734, 1.200000000000000400, 0.08576801792021440662 ) ) ;
#2208 = EDGE_CURVE ( 'NONE', #2020, #3799, #3169, .T. ) ;
#2209 = CARTESIAN_POINT ( 'NONE',  ( 1.350000000000000089, 1.050000000000000044, -1.149999999999998357 ) ) ;
#2210 = SURFACE_STYLE_USAGE ( .BOTH. , #5996 ) ;
#2211 = CARTESIAN_POINT ( 'NONE',  ( 1.501000000000000112, 0.8000000000000000444, -0.3608932640203373898 ) ) ;
#2212 = EDGE_CURVE ( 'NONE', #7371, #5758, #817, .T. ) ;
#2213 = ORIENTED_EDGE ( 'NONE', *, *, #770, .F. ) ;
#2214 = VECTOR ( 'NONE', #3523, 1000.000000000000000 ) ;
#2215 = ORIENTED_EDGE ( 'NONE', *, *, #2735, .F. ) ;
#2216 = CARTESIAN_POINT ( 'NONE',  ( 0.04023357815550875766, 1.201000000000000068, 0.07389568396974065256 ) ) ;
#2217 = CARTESIAN_POINT ( 'NONE',  ( 1.501000000000000112, 0.8000000000000000444, 1.250000000000002220 ) ) ;
#2218 = CARTESIAN_POINT ( 'NONE',  ( -0.4762422930294945012, 1.200000000000000178, -0.06121187029265061363 ) ) ;
#2219 = CARTESIAN_POINT ( 'NONE',  ( -1.600000000000000089, 0.000000000000000000, -1.250000000000000888 ) ) ;
#2220 = CARTESIAN_POINT ( 'NONE',  ( 0.04979114439602683184, 1.200000000000000178, -0.1476376776585256456 ) ) ;
#2221 = PLANE ( 'NONE',  #5777 ) ;
#2222 =( GEOMETRIC_REPRESENTATION_CONTEXT ( 3 ) GLOBAL_UNCERTAINTY_ASSIGNED_CONTEXT ( ( #6955 ) ) GLOBAL_UNIT_ASSIGNED_CONTEXT ( ( #6703, #4114, #4279 ) ) REPRESENTATION_CONTEXT ( 'NONE', 'WORKASPACE' ) );
#2223 = ORIENTED_EDGE ( 'NONE', *, *, #3326, .T. ) ;
#2224 = VERTEX_POINT ( 'NONE', #2181 ) ;
#2225 = ORIENTED_EDGE ( 'NONE', *, *, #5120, .T. ) ;
#2226 = CARTESIAN_POINT ( 'NONE',  ( -0.5999999999999997558, 0.2999999999999999889, 0.8000000000000005995 ) ) ;
#2227 =( LENGTH_UNIT ( ) NAMED_UNIT ( * ) SI_UNIT ( .MILLI., .METRE. ) );
#2228 = EDGE_LOOP ( 'NONE', ( #7429, #426, #1797, #1495 ) ) ;
#2229 = AXIS2_PLACEMENT_3D ( 'NONE', #5381, #6641, #4219 ) ;
#2230 = CARTESIAN_POINT ( 'NONE',  ( 0.06175105590922467386, 1.201000000000000290, -0.09224736684362377925 ) ) ;
#2231 = DIRECTION ( 'NONE',  ( 0.000000000000000000, 0.000000000000000000, -1.000000000000000000 ) ) ;
#2232 = ORIENTED_EDGE ( 'NONE', *, *, #3148, .F. ) ;
#2233 = DIRECTION ( 'NONE',  ( -0.000000000000000000, -1.000000000000000000, -0.000000000000000000 ) ) ;
#2234 = SURFACE_STYLE_USAGE ( .BOTH. , #4586 ) ;
#2235 = STYLED_ITEM ( 'NONE', ( #6755 ), #6440 ) ;
#2236 = ADVANCED_FACE ( 'NONE', ( #6590 ), #7716, .F. ) ;
#2237 = CARTESIAN_POINT ( 'NONE',  ( -0.08288361043754306767, 1.200999999999999845, -0.1148499708940921016 ) ) ;
#2238 = DIRECTION ( 'NONE',  ( -0.3007423372023669828, 0.000000000000000000, 0.9537054296867862879 ) ) ;
#2239 = AXIS2_PLACEMENT_3D ( 'NONE', #7820, #2788, #7941 ) ;
#2240 = CARTESIAN_POINT ( 'NONE',  ( 0.01485616835503984420, 1.201000000000000290, -0.07617147805910043368 ) ) ;
#2241 = CIRCLE ( 'NONE', #4350, 0.0009999999999999158867 ) ;
#2242 = CARTESIAN_POINT ( 'NONE',  ( 0.05007973181321752343, 1.200000000000000178, -0.07165713007004126389 ) ) ;
#2243 =( GEOMETRIC_REPRESENTATION_CONTEXT ( 3 ) GLOBAL_UNCERTAINTY_ASSIGNED_CONTEXT ( ( #2627 ) ) GLOBAL_UNIT_ASSIGNED_CONTEXT ( ( #5024, #3138, #6932 ) ) REPRESENTATION_CONTEXT ( 'NONE', 'WORKASPACE' ) );
#2244 = EDGE_CURVE ( 'NONE', #3273, #2344, #6855, .T. ) ;
#2245 = CARTESIAN_POINT ( 'NONE',  ( 1.501000000000000112, 0.8000000000000000444, -0.9999999999999985567 ) ) ;
#2246 = VECTOR ( 'NONE', #4321, 1000.000000000000114 ) ;
#2247 = AXIS2_PLACEMENT_3D ( 'NONE', #6484, #857, #5841 ) ;
#2248 = CARTESIAN_POINT ( 'NONE',  ( -0.2325812895906590461, 1.201000000000000068, 0.08366764526557586568 ) ) ;
#2249 = CARTESIAN_POINT ( 'NONE',  ( -0.06799817224935909843, 1.200999999999999845, 0.06165852634068046817 ) ) ;
#2250 = VECTOR ( 'NONE', #2420, 1000.000000000000000 ) ;
#2251 = CARTESIAN_POINT ( 'NONE',  ( -1.500000000000000000, 0.8000000000000000444, -0.3750000000000000000 ) ) ;
#2252 = CARTESIAN_POINT ( 'NONE',  ( -0.03960674325207853841, 1.200999999999999845, -0.1310626068962569835 ) ) ;
#2253 = ORIENTED_EDGE ( 'NONE', *, *, #5936, .F. ) ;
#2254 = EDGE_CURVE ( 'NONE', #3614, #4728, #7675, .T. ) ;
#2255 = ORIENTED_EDGE ( 'NONE', *, *, #6334, .F. ) ;
#2256 = CARTESIAN_POINT ( 'NONE',  ( -0.004797644277317030664, 1.200000000000001066, 0.08689292902703563137 ) ) ;
#2257 = DIRECTION ( 'NONE',  ( 0.000000000000000000, 0.000000000000000000, 1.000000000000000000 ) ) ;
#2258 = CARTESIAN_POINT ( 'NONE',  ( -0.5999999999999996447, 0.000000000000000000, -1.149999999999999023 ) ) ;
#2259 = CARTESIAN_POINT ( 'NONE',  ( -0.004099236659543279392, 1.201000000000000068, -0.1434606829303079201 ) ) ;
#2260 = FILL_AREA_STYLE ('',( #435 ) ) ;
#2261 = VECTOR ( 'NONE', #485, 1000.000000000000000 ) ;
#2262 = ORIENTED_EDGE ( 'NONE', *, *, #3863, .T. ) ;
#2263 = ORIENTED_EDGE ( 'NONE', *, *, #5390, .T. ) ;
#2264 = ADVANCED_FACE ( 'NONE', ( #2685 ), #4577, .T. ) ;
#2265 = EDGE_LOOP ( 'NONE', ( #6316, #965, #5568, #4089 ) ) ;
#2266 = CARTESIAN_POINT ( 'NONE',  ( -1.500000000000000000, 0.8004988010646000296, 0.3699285596775049867 ) ) ;
#2267 = ORIENTED_EDGE ( 'NONE', *, *, #2595, .F. ) ;
#2268 = COLOUR_RGB ( '',1.000000000000000000, 0.8078431372549019773, 0.4980392156862745168 ) ;
#2269 = STYLED_ITEM ( 'NONE', ( #7699 ), #3119 ) ;
#2270 = FACE_OUTER_BOUND ( 'NONE', #5528, .T. ) ;
#2271 = CARTESIAN_POINT ( 'NONE',  ( 0.6136467899198910780, 1.200000000000000178, 0.08366764526557586568 ) ) ;
#2272 = CARTESIAN_POINT ( 'NONE',  ( 0.2422819831605622920, 1.200000000000000400, 0.03688636731697997329 ) ) ;
#2273 = EDGE_LOOP ( 'NONE', ( #6798, #2114, #4813, #5592 ) ) ;
#2274 = UNCERTAINTY_MEASURE_WITH_UNIT (LENGTH_MEASURE( 1.000000000000000082E-05 ), #6831, 'distance_accuracy_value', 'NONE');
#2275 = PLANE ( 'NONE',  #2025 ) ;
#2276 = FACE_OUTER_BOUND ( 'NONE', #6017, .T. ) ;
#2277 = ORIENTED_EDGE ( 'NONE', *, *, #2739, .T. ) ;
#2278 =( NAMED_UNIT ( * ) SI_UNIT ( $, .STERADIAN. ) SOLID_ANGLE_UNIT ( ) );
#2279 = CARTESIAN_POINT ( 'NONE',  ( 0.3271804750661250760, 1.201000000000000068, 0.08366764526557586568 ) ) ;
#2280 = CARTESIAN_POINT ( 'NONE',  ( 0.03083601142429815561, 1.201000000000000068, -0.1067954110542232854 ) ) ;
#2281 = AXIS2_PLACEMENT_3D ( 'NONE', #1996, #1837, #3106 ) ;
#2282 = CARTESIAN_POINT ( 'NONE',  ( 0.05506386484715815322, 1.200000000000000400, -0.07804146731245151236 ) ) ;
#2283 = ORIENTED_EDGE ( 'NONE', *, *, #4015, .T. ) ;
#2284 = FACE_OUTER_BOUND ( 'NONE', #2437, .T. ) ;
#2285 = LINE ( 'NONE', #4027, #5056 ) ;
#2286 = VECTOR ( 'NONE', #5556, 1000.000000000000114 ) ;
#2287 = VECTOR ( 'NONE', #6015, 1000.000000000000000 ) ;
#2288 = ORIENTED_EDGE ( 'NONE', *, *, #4697, .F. ) ;
#2289 = EDGE_CURVE ( 'NONE', #7547, #4189, #171, .T. ) ;
#2290 = FILL_AREA_STYLE_COLOUR ( '', #3039 ) ;
#2291 = DIRECTION ( 'NONE',  ( 0.000000000000000000, -0.000000000000000000, 1.000000000000000000 ) ) ;
#2292 = CARTESIAN_POINT ( 'NONE',  ( -0.03807755230116102035, 1.200000000000000178, 0.08201118222462283613 ) ) ;
#2293 = FILL_AREA_STYLE_COLOUR ( '', #2796 ) ;
#2294 = ORIENTED_EDGE ( 'NONE', *, *, #6093, .T. ) ;
#2295 = ADVANCED_FACE ( 'NONE', ( #1501 ), #6519, .F. ) ;
#2296 = CARTESIAN_POINT ( 'NONE',  ( -1.449999999999999956, 0.2999999999999999889, 1.250000000000002220 ) ) ;
#2297 = DIRECTION ( 'NONE',  ( 3.077218299541383358E-11, -1.000000000000000000, -9.630025092740129711E-12 ) ) ;
#2298 = B_SPLINE_CURVE_WITH_KNOTS ( 'NONE', 3,
 ( #856, #2518, #5023, #3800, #696, #7586, #1948, #4459, #4542, #6971, #2033, #1344, #5718, #3884, #2599, #5100, #2259, #5214, #2180 ),
 .UNSPECIFIED., .F., .F.,
 ( 4, 1, 1, 1, 1, 1, 1, 1, 1, 1, 1, 1, 1, 1, 1, 1, 4 ),
 ( 0.000000000000000000, 0.06509335070708864579, 0.1273042315324059148, 0.1881220215801465145, 0.2471305161007633922, 0.3060769160082425500, 0.3656782273658535365, 0.4261033481625818853, 0.4878414950797360650, 0.5503167167998648246, 0.6118052235137849681, 0.6727373158544541765, 0.7348834089993248053, 0.7976802029336796940, 0.8624746871088676548, 0.9297754033859679801, 1.000000000000000000 ),
 .UNSPECIFIED. ) ;
#2299 = CARTESIAN_POINT ( 'NONE',  ( -1.350000000000000089, 1.050000000000000044, -0.9999999999999985567 ) ) ;
#2300 = SURFACE_SIDE_STYLE ('',( #7948 ) ) ;
#2301 = ORIENTED_EDGE ( 'NONE', *, *, #6353, .T. ) ;
#2302 = ORIENTED_EDGE ( 'NONE', *, *, #2695, .T. ) ;
#2303 = STYLED_ITEM ( 'NONE', ( #6588 ), #4687 ) ;
#2304 = ORIENTED_EDGE ( 'NONE', *, *, #1171, .F. ) ;
#2305 = CARTESIAN_POINT ( 'NONE',  ( -1.500000000000000000, 0.8008334448248939363, 0.3658904966810436199 ) ) ;
#2306 = CLOSED_SHELL ( 'NONE', ( #3160, #5554, #4611, #6091, #5200, #7034, #1566, #408, #6426, #7953, #7273, #8005, #1282, #5193, #73, #1224, #17, #3709, #4721 ) ) ;
#2307 = ORIENTED_EDGE ( 'NONE', *, *, #7481, .T. ) ;
#2308 = CYLINDRICAL_SURFACE ( 'NONE', #3327, 0.1499999999999999667 ) ;
#2309 = DIRECTION ( 'NONE',  ( 0.7071067811865467956, -0.000000000000000000, 0.7071067811865483499 ) ) ;
#2310 = CARTESIAN_POINT ( 'NONE',  ( -1.599999999999998979, 0.2999999999999999889, -1.099999999999997868 ) ) ;
#2311 = ORIENTED_EDGE ( 'NONE', *, *, #3611, .F. ) ;
#2312 = CARTESIAN_POINT ( 'NONE',  ( -0.01958834799909427160, 1.200999999999999623, -0.06752795707594276553 ) ) ;
#2313 = EDGE_CURVE ( 'NONE', #7248, #3729, #1059, .T. ) ;
#2314 = VECTOR ( 'NONE', #3915, 1000.000000000000000 ) ;
#2315 = EDGE_CURVE ( 'NONE', #2560, #2712, #7869, .T. ) ;
#2316 = ORIENTED_EDGE ( 'NONE', *, *, #872, .T. ) ;
#2317 = STYLED_ITEM ( 'NONE', ( #7179 ), #448 ) ;
#2318 = LINE ( 'NONE', #1798, #2580 ) ;
#2319 = ORIENTED_EDGE ( 'NONE', *, *, #3856, .T. ) ;
#2320 = CARTESIAN_POINT ( 'NONE',  ( 0.2586508178489526633, 1.200000000000000178, 0.08366764526557586568 ) ) ;
#2321 = DIRECTION ( 'NONE',  ( 1.668003342285392290E-16, 0.000000000000000000, 1.000000000000000000 ) ) ;
#2322 = DIRECTION ( 'NONE',  ( -0.7071067811865474617, -0.000000000000000000, 0.7071067811865474617 ) ) ;
#2323 = ORIENTED_EDGE ( 'NONE', *, *, #4213, .F. ) ;
#2324 = ORIENTED_EDGE ( 'NONE', *, *, #5441, .F. ) ;
#2325 = DIRECTION ( 'NONE',  ( 0.000000000000000000, 0.000000000000000000, -1.000000000000000000 ) ) ;
#2326 = AXIS2_PLACEMENT_3D ( 'NONE', #1179, #12, #3128 ) ;
#2327 = DIRECTION ( 'NONE',  ( -1.000000000000000000, 0.000000000000000000, 1.668003342285392290E-16 ) ) ;
#2328 = DIRECTION ( 'NONE',  ( -0.000000000000000000, 1.000000000000000000, -0.000000000000000000 ) ) ;
#2329 = CARTESIAN_POINT ( 'NONE',  ( 1.500000000000000222, 1.050000000000000044, 0.9999999999999972244 ) ) ;
#2330 = CARTESIAN_POINT ( 'NONE',  ( -0.02357526416162883734, 1.201000000000000290, 0.08576801792021440662 ) ) ;
#2331 = PLANE ( 'NONE',  #3701 ) ;
#2332 = CARTESIAN_POINT ( 'NONE',  ( 0.5774269110303344998, 1.200000000000000178, 0.01848215300269484204 ) ) ;
#2333 = CARTESIAN_POINT ( 'NONE',  ( 0.06376317405116789516, 1.200000000000000178, -0.1078758335779174682 ) ) ;
#2334 = ADVANCED_FACE ( 'NONE', ( #1181 ), #6007, .F. ) ;
#2335 = ORIENTED_EDGE ( 'NONE', *, *, #1137, .T. ) ;
#2336 = PRESENTATION_LAYER_ASSIGNMENT (  '', '', ( #5882 ) ) ;
#2337 = CARTESIAN_POINT ( 'NONE',  ( 0.07674820536997686848, 1.200000000000000844, 0.01459107594744134435 ) ) ;
#2338 = CARTESIAN_POINT ( 'NONE',  ( 0.01711324206459058014, 1.200999999999999845, -0.1356068894117085921 ) ) ;
#2339 = DIRECTION ( 'NONE',  ( 0.000000000000000000, 0.000000000000000000, 1.000000000000000000 ) ) ;
#2340 = LINE ( 'NONE', #2833, #3345 ) ;
#2341 = CARTESIAN_POINT ( 'NONE',  ( 0.02872661506851431623, 1.201000000000000068, -0.05694162888947846418 ) ) ;
#2342 =( NAMED_UNIT ( * ) SI_UNIT ( $, .STERADIAN. ) SOLID_ANGLE_UNIT ( ) );
#2343 = ADVANCED_FACE ( 'NONE', ( #5499 ), #2871, .T. ) ;
#2344 = VERTEX_POINT ( 'NONE', #393 ) ;
#2345 = ORIENTED_EDGE ( 'NONE', *, *, #2997, .T. ) ;
#2346 = ORIENTED_EDGE ( 'NONE', *, *, #5543, .T. ) ;
#2347 = LINE ( 'NONE', #1063, #5804 ) ;
#2348 = ORIENTED_EDGE ( 'NONE', *, *, #3639, .T. ) ;
#2349 = VECTOR ( 'NONE', #6788, 1000.000000000000000 ) ;
#2350 = AXIS2_PLACEMENT_3D ( 'NONE', #7512, #5073, #7552 ) ;
#2351 = CARTESIAN_POINT ( 'NONE',  ( 0.06343388563188318008, 1.201000000000000068, -0.09994501115145226766 ) ) ;
#2352 = PRESENTATION_STYLE_ASSIGNMENT (( #2929 ) ) ;
#2353 = ORIENTED_EDGE ( 'NONE', *, *, #2398, .T. ) ;
#2354 = SURFACE_STYLE_USAGE ( .BOTH. , #1154 ) ;
#2355 =( LENGTH_UNIT ( ) NAMED_UNIT ( * ) SI_UNIT ( .MILLI., .METRE. ) );
#2356 = VERTEX_POINT ( 'NONE', #4853 ) ;
#2357 = AXIS2_PLACEMENT_3D ( 'NONE', #5524, #8004, #6779 ) ;
#2358 = CARTESIAN_POINT ( 'NONE',  ( -1.500000000000000000, 0.8000000000000000444, -0.3750000000000000000 ) ) ;
#2359 = FACE_OUTER_BOUND ( 'NONE', #2828, .T. ) ;
#2360 = EDGE_CURVE ( 'NONE', #5287, #209, #1737, .T. ) ;
#2361 = FACE_OUTER_BOUND ( 'NONE', #3064, .T. ) ;
#2362 = VECTOR ( 'NONE', #7850, 1000.000000000000000 ) ;
#2363 = EDGE_CURVE ( 'NONE', #506, #5683, #3544, .T. ) ;
#2364 = ORIENTED_EDGE ( 'NONE', *, *, #2552, .T. ) ;
#2365 = FACE_OUTER_BOUND ( 'NONE', #5332, .T. ) ;
#2366 = CARTESIAN_POINT ( 'NONE',  ( -0.04835998948107996659, 1.200999999999999845, -0.1635698657294747949 ) ) ;
#2367 = COLOUR_RGB ( '',1.000000000000000000, 1.000000000000000000, 1.000000000000000000 ) ;
#2368 = LINE ( 'NONE', #1720, #7518 ) ;
#2369 = ORIENTED_EDGE ( 'NONE', *, *, #1163, .F. ) ;
#2370 = EDGE_LOOP ( 'NONE', ( #198, #6775, #6964, #977 ) ) ;
#2371 = PRESENTATION_STYLE_ASSIGNMENT (( #1767 ) ) ;
#2372 = FILL_AREA_STYLE_COLOUR ( '', #290 ) ;
#2373 = VECTOR ( 'NONE', #4560, 1000.000000000000000 ) ;
#2374 = CARTESIAN_POINT ( 'NONE',  ( 0.1164466342541592564, 1.200000000000000178, 0.08366764526557586568 ) ) ;
#2375 = CARTESIAN_POINT ( 'NONE',  ( -0.05433565289376342256, 1.199999999999999956, 0.01320634642549402618 ) ) ;
#2376 = DIRECTION ( 'NONE',  ( -1.000000000000000000, 0.000000000000000000, 1.668003342285392290E-16 ) ) ;
#2377 = DIRECTION ( 'NONE',  ( -0.000000000000000000, 1.000000000000000000, -0.000000000000000000 ) ) ;
#2378 = CARTESIAN_POINT ( 'NONE',  ( 1.449999999999999956, 0.8000000000000000444, -1.249999999999998224 ) ) ;
#2379 = VECTOR ( 'NONE', #4837, 1000.000000000000000 ) ;
#2380 = VECTOR ( 'NONE', #5796, 1000.000000000000000 ) ;
#2381 = ORIENTED_EDGE ( 'NONE', *, *, #957, .F. ) ;
#2382 =( GEOMETRIC_REPRESENTATION_CONTEXT ( 3 ) GLOBAL_UNCERTAINTY_ASSIGNED_CONTEXT ( ( #7607 ) ) GLOBAL_UNIT_ASSIGNED_CONTEXT ( ( #7443, #6869, #3700 ) ) REPRESENTATION_CONTEXT ( 'NONE', 'WORKASPACE' ) );
#2383 = LINE ( 'NONE', #6339, #4733 ) ;
#2384 = CARTESIAN_POINT ( 'NONE',  ( 1.500000000000000222, 0.8010000000000000453, 0.3891067359796626657 ) ) ;
#2385 =( NAMED_UNIT ( * ) SI_UNIT ( $, .STERADIAN. ) SOLID_ANGLE_UNIT ( ) );
#2386 = ADVANCED_FACE ( 'NONE', ( #4766 ), #6673, .T. ) ;
#2387 = CARTESIAN_POINT ( 'NONE',  ( 0.02935720749645281263, 1.200000000000000400, -0.1179409211090155507 ) ) ;
#2388 = CARTESIAN_POINT ( 'NONE',  ( 0.6000000000000004219, 0.000000000000000000, 1.150000000000000133 ) ) ;
#2389 = DIRECTION ( 'NONE',  ( -0.000000000000000000, 1.000000000000000000, 0.000000000000000000 ) ) ;
#2390 = AXIS2_PLACEMENT_3D ( 'NONE', #1027, #1748, #5376 ) ;
#2391 =( GEOMETRIC_REPRESENTATION_CONTEXT ( 3 ) GLOBAL_UNCERTAINTY_ASSIGNED_CONTEXT ( ( #2856 ) ) GLOBAL_UNIT_ASSIGNED_CONTEXT ( ( #7079, #7739, #5863 ) ) REPRESENTATION_CONTEXT ( 'NONE', 'WORKASPACE' ) );
#2392 = ORIENTED_EDGE ( 'NONE', *, *, #6140, .F. ) ;
#2393 = ORIENTED_EDGE ( 'NONE', *, *, #6751, .T. ) ;
#2394 = UNCERTAINTY_MEASURE_WITH_UNIT (LENGTH_MEASURE( 1.000000000000000082E-05 ), #33, 'distance_accuracy_value', 'NONE');
#2395 = ORIENTED_EDGE ( 'NONE', *, *, #4768, .T. ) ;
#2396 = DIRECTION ( 'NONE',  ( 0.000000000000000000, -1.000000000000000000, 0.000000000000000000 ) ) ;
#2397 = EDGE_LOOP ( 'NONE', ( #5721, #7374, #1492, #7546 ) ) ;
#2398 = EDGE_CURVE ( 'NONE', #3597, #7183, #7949, .T. ) ;
#2399 = ADVANCED_FACE ( 'NONE', ( #4291 ), #2221, .T. ) ;
#2400 = AXIS2_PLACEMENT_3D ( 'NONE', #6326, #168, #2570 ) ;
#2401 = CARTESIAN_POINT ( 'NONE',  ( -0.05148189514287597468, 1.200000000000000178, -0.1040171817075811744 ) ) ;
#2402 = CARTESIAN_POINT ( 'NONE',  ( 0.03320271175873339142, 1.201000000000000068, 0.07793444673781323162 ) ) ;
#2403 = LINE ( 'NONE', #7994, #7710 ) ;
#2404 = ORIENTED_EDGE ( 'NONE', *, *, #6382, .T. ) ;
#2405 = CARTESIAN_POINT ( 'NONE',  ( 1.600000000000000755, 0.2999999999999999889, 1.100000000000001865 ) ) ;
#2406 =( GEOMETRIC_REPRESENTATION_CONTEXT ( 3 ) GLOBAL_UNCERTAINTY_ASSIGNED_CONTEXT ( ( #4406 ) ) GLOBAL_UNIT_ASSIGNED_CONTEXT ( ( #366, #907, #5887 ) ) REPRESENTATION_CONTEXT ( 'NONE', 'WORKASPACE' ) );
#2407 = ORIENTED_EDGE ( 'NONE', *, *, #1008, .F. ) ;
#2408 = ORIENTED_EDGE ( 'NONE', *, *, #353, .T. ) ;
#2409 = AXIS2_PLACEMENT_3D ( 'NONE', #3390, #6443, #905 ) ;
#2410 = SURFACE_STYLE_USAGE ( .BOTH. , #3561 ) ;
#2411 = SURFACE_STYLE_FILL_AREA ( #4785 ) ;
#2412 = EDGE_CURVE ( 'NONE', #6278, #1310, #480, .T. ) ;
#2413 = SURFACE_STYLE_FILL_AREA ( #8126 ) ;
#2414 = STYLED_ITEM ( 'NONE', ( #4636 ), #3158 ) ;
#2415 = VECTOR ( 'NONE', #5202, 1000.000000000000000 ) ;
#2416 = EDGE_LOOP ( 'NONE', ( #5437, #5033, #2475, #4814, #2473, #5359, #5839, #101 ) ) ;
#2417 = DIRECTION ( 'NONE',  ( -0.000000000000000000, -1.000000000000000000, -0.000000000000000000 ) ) ;
#2418 = CARTESIAN_POINT ( 'NONE',  ( 0.4160838141586731265, 1.200000000000000178, -0.1731642232240074575 ) ) ;
#2419 = VECTOR ( 'NONE', #3192, 1000.000000000000000 ) ;
#2420 = DIRECTION ( 'NONE',  ( 0.000000000000000000, -1.000000000000000000, 0.000000000000000000 ) ) ;
#2421 = ORIENTED_EDGE ( 'NONE', *, *, #5813, .T. ) ;
#2422 = DIRECTION ( 'NONE',  ( -0.5403350958123748216, 0.000000000000000000, -0.8414499297245390252 ) ) ;
#2423 = CARTESIAN_POINT ( 'NONE',  ( 0.2351471227522140828, 1.201000000000000068, 0.02896321652795967247 ) ) ;
#2424 = LINE ( 'NONE', #596, #7759 ) ;
#2425 = FILL_AREA_STYLE ('',( #5534 ) ) ;
#2426 = CARTESIAN_POINT ( 'NONE',  ( -0.1140435041339282612, 1.201000000000000068, -0.1731642232240074575 ) ) ;
#2427 =( NAMED_UNIT ( * ) PLANE_ANGLE_UNIT ( ) SI_UNIT ( $, .RADIAN. ) );
#2428 = EDGE_CURVE ( 'NONE', #2481, #6100, #6759, .T. ) ;
#2429 = MECHANICAL_DESIGN_GEOMETRIC_PRESENTATION_REPRESENTATION (  '', ( #999 ), #3085 ) ;
#2430 = ADVANCED_FACE ( 'NONE', ( #4128 ), #6627, .T. ) ;
#2431 = ORIENTED_EDGE ( 'NONE', *, *, #7226, .T. ) ;
#2432 = SURFACE_STYLE_FILL_AREA ( #1777 ) ;
#2433 = LINE ( 'NONE', #5584, #5549 ) ;
#2434 = CARTESIAN_POINT ( 'NONE',  ( -0.5999999999999996447, 0.000000000000000000, -1.149999999999999023 ) ) ;
#2435 = CARTESIAN_POINT ( 'NONE',  ( 0.2365484545862332200, 1.201000000000000512, 0.03346463411717258418 ) ) ;
#2436 = ORIENTED_EDGE ( 'NONE', *, *, #4039, .F. ) ;
#2437 = EDGE_LOOP ( 'NONE', ( #842, #7314, #2676, #7724 ) ) ;
#2438 = LINE ( 'NONE', #7251, #982 ) ;
#2439 = ORIENTED_EDGE ( 'NONE', *, *, #483, .T. ) ;
#2440 = CARTESIAN_POINT ( 'NONE',  ( -0.05348630073664145668, 1.200999999999999845, 0.01703451770472232119 ) ) ;
#2441 = CARTESIAN_POINT ( 'NONE',  ( 0.04687040090244701945, 1.200999999999999845, 0.06913981037546580721 ) ) ;
#2442 = CARTESIAN_POINT ( 'NONE',  ( 0.07521157894315520787, 1.200999999999999623, -0.01107755526853800195 ) ) ;
#2443 = ORIENTED_EDGE ( 'NONE', *, *, #612, .F. ) ;
#2444 = FILL_AREA_STYLE ('',( #4980 ) ) ;
#2445 = B_SPLINE_SURFACE_WITH_KNOTS ( 'NONE', 3, 1, ( 
 ( #5189, #5268 ),
 ( #3440, #7106 ),
 ( #2237, #6496 ),
 ( #2851, #5305 ),
 ( #2775, #5939 ),
 ( #7807, #2812 ),
 ( #2196, #7220 ),
 ( #4098, #4741 ),
 ( #2696, #5344 ),
 ( #7727, #3978 ),
 ( #1587, #2731 ),
 ( #374, #2082 ),
 ( #4589, #2157 ),
 ( #213, #292 ),
 ( #873, #1475 ),
 ( #6531, #4662 ),
 ( #5852, #1633 ),
 ( #335, #6604 ),
 ( #7888, #7846 ) ),
 .UNSPECIFIED., .F., .F., .F.,
 ( 4, 1, 1, 1, 1, 1, 1, 1, 1, 1, 1, 1, 1, 1, 1, 1, 4 ),
 ( 2, 2 ),
 ( 0.000000000000000000, 0.07103632301205789479, 0.1393433396034169935, 0.2049584727025958175, 0.2683315830770487964, 0.3301292609669968514, 0.3906639764805654447, 0.4508614486151501510, 0.5105872658343562076, 0.5703738539616980407, 0.6294550091547358450, 0.6879935230805722668, 0.7475809941037845352, 0.8078387614769660940, 0.8700340388224003796, 0.9338104563665478031, 1.000000000000000000 ),
 ( 0.000000000000000000, 1.000000000000000000 ),
 .UNSPECIFIED. ) ;
#2446 = VERTEX_POINT ( 'NONE', #103 ) ;
#2447 = STYLED_ITEM ( 'NONE', ( #2352 ), #4463 ) ;
#2448 = ORIENTED_EDGE ( 'NONE', *, *, #1855, .T. ) ;
#2449 = EDGE_CURVE ( 'NONE', #4927, #7684, #826, .T. ) ;
#2450 = LINE ( 'NONE', #7930, #1542 ) ;
#2451 = PRESENTATION_STYLE_ASSIGNMENT (( #8093 ) ) ;
#2452 = SURFACE_STYLE_FILL_AREA ( #2981 ) ;
#2453 = VECTOR ( 'NONE', #7574, 1000.000000000000000 ) ;
#2454 = VERTEX_POINT ( 'NONE', #3130 ) ;
#2455 = CARTESIAN_POINT ( 'NONE',  ( -0.07530092727418574716, 1.201000000000000290, -0.1351313761445148975 ) ) ;
#2456 = EDGE_CURVE ( 'NONE', #6900, #3774, #6464, .T. ) ;
#2457 = CARTESIAN_POINT ( 'NONE',  ( -1.500000000000000000, 1.050000000000000044, -1.149999999999998357 ) ) ;
#2458 = ORIENTED_EDGE ( 'NONE', *, *, #6207, .T. ) ;
#2459 = FILL_AREA_STYLE_COLOUR ( '', #6881 ) ;
#2460 = SURFACE_STYLE_FILL_AREA ( #548 ) ;
#2461 = CARTESIAN_POINT ( 'NONE',  ( 0.2365484545862332200, 1.201000000000000512, 0.03346463411717258418 ) ) ;
#2462 = UNCERTAINTY_MEASURE_WITH_UNIT (LENGTH_MEASURE( 1.000000000000000082E-05 ), #962, 'distance_accuracy_value', 'NONE');
#2463 = CARTESIAN_POINT ( 'NONE',  ( 1.500999999999957035, 0.8000000000000000444, 0.3608932640206402032 ) ) ;
#2464 = CARTESIAN_POINT ( 'NONE',  ( -0.05433565289376342256, 1.200999999999999845, 0.01320634642549402618 ) ) ;
#2465 = VECTOR ( 'NONE', #6228, 1000.000000000000000 ) ;
#2466 = PLANE ( 'NONE',  #2113 ) ;
#2467 = ADVANCED_FACE ( 'NONE', ( #687 ), #4490, .T. ) ;
#2468 = CARTESIAN_POINT ( 'NONE',  ( -0.3148991961578331833, 1.200000000000000178, -0.1435297768598247370 ) ) ;
#2469 = CARTESIAN_POINT ( 'NONE',  ( -0.5999999999999997558, 0.2999999999999999889, 0.8000000000000005995 ) ) ;
#2470 = PLANE ( 'NONE',  #3520 ) ;
#2471 = DIRECTION ( 'NONE',  ( -0.7071067811865466846, 0.000000000000000000, -0.7071067811865483499 ) ) ;
#2472 = CARTESIAN_POINT ( 'NONE',  ( -0.4762422930294945012, 1.201000000000000068, -0.06121187029265061363 ) ) ;
#2473 = ORIENTED_EDGE ( 'NONE', *, *, #222, .F. ) ;
#2474 = SURFACE_STYLE_FILL_AREA ( #6388 ) ;
#2475 = ORIENTED_EDGE ( 'NONE', *, *, #6897, .F. ) ;
#2476 = CARTESIAN_POINT ( 'NONE',  ( -0.04589797309975071626, 1.200999999999999845, 0.03645552651064323108 ) ) ;
#2477 = CARTESIAN_POINT ( 'NONE',  ( 0.1709307986633077092, 1.200000000000000178, -0.1731642232240074575 ) ) ;
#2478 = ORIENTED_EDGE ( 'NONE', *, *, #6428, .F. ) ;
#2479 = CARTESIAN_POINT ( 'NONE',  ( -0.5999999999999997558, 0.000000000000000000, 0.8000000000000005995 ) ) ;
#2480 =( NAMED_UNIT ( * ) PLANE_ANGLE_UNIT ( ) SI_UNIT ( $, .RADIAN. ) );
#2481 = VERTEX_POINT ( 'NONE', #6347 ) ;
#2482 = VERTEX_POINT ( 'NONE', #3717 ) ;
#2483 = DIRECTION ( 'NONE',  ( 0.000000000000000000, 0.000000000000000000, 1.000000000000000000 ) ) ;
#2484 = FILL_AREA_STYLE_COLOUR ( '', #34 ) ;
#2485 = ORIENTED_EDGE ( 'NONE', *, *, #4557, .T. ) ;
#2486 = CARTESIAN_POINT ( 'NONE',  ( 0.008515664985498062542, 1.200999999999999401, -0.07263125186875712958 ) ) ;
#2487 = ADVANCED_FACE ( 'NONE', ( #3171 ), #2054, .F. ) ;
#2488 = DIRECTION ( 'NONE',  ( 0.000000000000000000, 0.000000000000000000, 1.000000000000000000 ) ) ;
#2489 = FACE_OUTER_BOUND ( 'NONE', #2884, .T. ) ;
#2490 = DIRECTION ( 'NONE',  ( 0.000000000000000000, 0.000000000000000000, -1.000000000000000000 ) ) ;
#2491 = DIRECTION ( 'NONE',  ( 0.000000000000000000, 0.000000000000000000, 1.000000000000000000 ) ) ;
#2492 = EDGE_CURVE ( 'NONE', #143, #3995, #3708, .T. ) ;
#2493 = LINE ( 'NONE', #4920, #4396 ) ;
#2494 = CARTESIAN_POINT ( 'NONE',  ( -0.3609972238354506868, 1.200000000000000178, -0.06121187029265061363 ) ) ;
#2495 = DIRECTION ( 'NONE',  ( 0.000000000000000000, 0.000000000000000000, -1.000000000000000000 ) ) ;
#2496 = CARTESIAN_POINT ( 'NONE',  ( 0.06078308135949939128, 1.201000000000000068, -0.03907830721027436005 ) ) ;
#2497 = SURFACE_SIDE_STYLE ('',( #515 ) ) ;
#2498 = DIRECTION ( 'NONE',  ( -1.000000000000000000, -0.000000000000000000, -0.000000000000000000 ) ) ;
#2499 = AXIS2_PLACEMENT_3D ( 'NONE', #638, #6223, #5617 ) ;
#2500 = VECTOR ( 'NONE', #6031, 1000.000000000000000 ) ;
#2501 = UNCERTAINTY_MEASURE_WITH_UNIT (LENGTH_MEASURE( 1.000000000000000082E-05 ), #3855, 'distance_accuracy_value', 'NONE');
#2502 = DIRECTION ( 'NONE',  ( 1.000000000000000000, 0.000000000000000000, -0.000000000000000000 ) ) ;
#2503 = DIRECTION ( 'NONE',  ( -0.7071067811865544561, 0.000000000000000000, -0.7071067811865405783 ) ) ;
#2504 = ORIENTED_EDGE ( 'NONE', *, *, #4805, .T. ) ;
#2505 = CARTESIAN_POINT ( 'NONE',  ( -0.05148189514287597468, 1.201000000000000068, -0.1040171817075811744 ) ) ;
#2506 = CARTESIAN_POINT ( 'NONE',  ( 0.6000000000000001998, 0.2999999999999999889, -0.4999999999999996669 ) ) ;
#2507 = AXIS2_PLACEMENT_3D ( 'NONE', #6838, #3752, #8077 ) ;
#2508 = FILL_AREA_STYLE_COLOUR ( '', #6225 ) ;
#2509 = VECTOR ( 'NONE', #92, 1000.000000000000000 ) ;
#2510 = ADVANCED_FACE ( 'NONE', ( #3213 ), #5131, .F. ) ;
#2511 = ORIENTED_EDGE ( 'NONE', *, *, #3076, .T. ) ;
#2512 = VECTOR ( 'NONE', #498, 1000.000000000000000 ) ;
#2513 = LINE ( 'NONE', #1867, #1491 ) ;
#2514 = EDGE_LOOP ( 'NONE', ( #1022, #537, #3267, #4817 ) ) ;
#2515 = CARTESIAN_POINT ( 'NONE',  ( -0.04798602987534322795, 1.200000000000000622, 0.03219249250799013917 ) ) ;
#2516 = CARTESIAN_POINT ( 'NONE',  ( 0.07196594706409133180, 1.201000000000000068, -0.02148903365461687920 ) ) ;
#2517 = ORIENTED_EDGE ( 'NONE', *, *, #1206, .T. ) ;
#2518 = CARTESIAN_POINT ( 'NONE',  ( 0.03081167989572683452, 1.201000000000000068, -0.1081005286155194839 ) ) ;
#2519 = PRESENTATION_LAYER_ASSIGNMENT (  '', '', ( #6068 ) ) ;
#2520 = ADVANCED_FACE ( 'NONE', ( #4970 ), #4450, .F. ) ;
#2521 = ORIENTED_EDGE ( 'NONE', *, *, #2194, .F. ) ;
#2522 = ORIENTED_EDGE ( 'NONE', *, *, #380, .T. ) ;
#2523 = EDGE_CURVE ( 'NONE', #1310, #3595, #2591, .T. ) ;
#2524 = CARTESIAN_POINT ( 'NONE',  ( 1.350000000000000311, 1.050000000000000044, -0.9999999999999985567 ) ) ;
#2525 = CARTESIAN_POINT ( 'NONE',  ( -0.03597709088798213550, 1.200000000000000400, -0.1345455438105361279 ) ) ;
#2526 = LINE ( 'NONE', #207, #2865 ) ;
#2527 = VECTOR ( 'NONE', #5641, 1000.000000000000000 ) ;
#2528 = CARTESIAN_POINT ( 'NONE',  ( -1.349999999999998312, 0.000000000000000000, 1.150000000000000355 ) ) ;
#2529 = CARTESIAN_POINT ( 'NONE',  ( 0.4160838141586731265, 1.201000000000000068, 0.08366764526557586568 ) ) ;
#2530 = ORIENTED_EDGE ( 'NONE', *, *, #365, .F. ) ;
#2531 = CARTESIAN_POINT ( 'NONE',  ( 1.500000000000000222, 1.200000000000000178, 1.149999999999997913 ) ) ;
#2532 = PRESENTATION_LAYER_ASSIGNMENT (  '', '', ( #4383 ) ) ;
#2533 = CARTESIAN_POINT ( 'NONE',  ( -1.599999999999998979, 0.8000000000000000444, -1.249999999999997780 ) ) ;
#2534 = CARTESIAN_POINT ( 'NONE',  ( -0.08770177403243258063, 1.201000000000000068, 0.01452060374914958263 ) ) ;
#2535 = DIRECTION ( 'NONE',  ( 0.000000000000000000, -1.000000000000000000, 0.000000000000000000 ) ) ;
#2536 = DIRECTION ( 'NONE',  ( 0.000000000000000000, -1.000000000000000000, 0.000000000000000000 ) ) ;
#2537 = DIRECTION ( 'NONE',  ( 1.000000000000000000, 0.000000000000000000, 0.000000000000000000 ) ) ;
#2538 = FILL_AREA_STYLE ('',( #1326 ) ) ;
#2539 = VECTOR ( 'NONE', #2233, 1000.000000000000000 ) ;
#2540 = CARTESIAN_POINT ( 'NONE',  ( -1.350000000000000089, 1.200000000000000178, 0.9999999999999978906 ) ) ;
#2541 = LINE ( 'NONE', #1134, #4283 ) ;
#2542 = ADVANCED_FACE ( 'NONE', ( #4372 ), #6183, .F. ) ;
#2543 =( GEOMETRIC_REPRESENTATION_CONTEXT ( 3 ) GLOBAL_UNCERTAINTY_ASSIGNED_CONTEXT ( ( #3517 ) ) GLOBAL_UNIT_ASSIGNED_CONTEXT ( ( #1644, #4113, #418 ) ) REPRESENTATION_CONTEXT ( 'NONE', 'WORKASPACE' ) );
#2544 = DIRECTION ( 'NONE',  ( -0.000000000000000000, -1.000000000000000000, -0.000000000000000000 ) ) ;
#2545 = SURFACE_SIDE_STYLE ('',( #1259 ) ) ;
#2546 = ORIENTED_EDGE ( 'NONE', *, *, #3198, .T. ) ;
#2547 = FACE_OUTER_BOUND ( 'NONE', #7426, .T. ) ;
#2548 = CARTESIAN_POINT ( 'NONE',  ( -0.05477461140556289659, 1.201000000000000068, 0.01122788748646262255 ) ) ;
#2549 = CARTESIAN_POINT ( 'NONE',  ( 1.500000000000000000, 0.8004787574421149410, 0.3702485335791105836 ) ) ;
#2550 = VECTOR ( 'NONE', #7461, 1000.000000000000000 ) ;
#2551 = ORIENTED_EDGE ( 'NONE', *, *, #6374, .T. ) ;
#2552 = EDGE_CURVE ( 'NONE', #4982, #2356, #425, .T. ) ;
#2553 = PRESENTATION_STYLE_ASSIGNMENT (( #1382 ) ) ;
#2554 = ORIENTED_EDGE ( 'NONE', *, *, #1663, .F. ) ;
#2555 = CARTESIAN_POINT ( 'NONE',  ( -0.03489593081511018630, 1.200000000000000400, 0.04909721771220977582 ) ) ;
#2556 = LINE ( 'NONE', #2477, #4666 ) ;
#2557 = ORIENTED_EDGE ( 'NONE', *, *, #5724, .F. ) ;
#2558 = DIRECTION ( 'NONE',  ( -1.000000000000000000, 0.000000000000000000, 0.000000000000000000 ) ) ;
#2559 = ORIENTED_EDGE ( 'NONE', *, *, #680, .T. ) ;
#2560 = VERTEX_POINT ( 'NONE', #5708 ) ;
#2561 = STYLED_ITEM ( 'NONE', ( #1293 ), #5150 ) ;
#2562 = DIRECTION ( 'NONE',  ( -0.000000000000000000, 1.000000000000000000, 0.000000000000000000 ) ) ;
#2563 = DIRECTION ( 'NONE',  ( 0.000000000000000000, 0.000000000000000000, -1.000000000000000000 ) ) ;
#2564 = EDGE_CURVE ( 'NONE', #1391, #536, #7613, .T. ) ;
#2565 = DIRECTION ( 'NONE',  ( 0.000000000000000000, -1.000000000000000000, 0.000000000000000000 ) ) ;
#2566 = CARTESIAN_POINT ( 'NONE',  ( 0.2485381844605222268, 1.201000000000000512, 0.01647846319848651070 ) ) ;
#2567 = VERTEX_POINT ( 'NONE', #5627 ) ;
#2568 = ADVANCED_FACE ( 'NONE', ( #4329 ), #14, .T. ) ;
#2569 = VECTOR ( 'NONE', #4339, 1000.000000000000000 ) ;
#2570 = DIRECTION ( 'NONE',  ( 0.000000000000000000, 0.000000000000000000, -1.000000000000000000 ) ) ;
#2571 = FACE_OUTER_BOUND ( 'NONE', #4972, .T. ) ;
#2572 = B_SPLINE_SURFACE_WITH_KNOTS ( 'NONE', 3, 1, ( 
 ( #5152, #6254 ),
 ( #1889, #5692 ),
 ( #6904, #1924 ),
 ( #3238, #1361 ),
 ( #6410, #1283 ),
 ( #792, #3859 ),
 ( #3277, #3114 ),
 ( #6327, #5729 ),
 ( #2006, #6289 ),
 ( #4515, #2610 ),
 ( #5768, #670 ),
 ( #6372, #4436 ),
 ( #3152, #42 ),
 ( #5037, #6944 ),
 ( #4553, #714 ),
 ( #3196, #5079 ),
 ( #7598, #169 ),
 ( #7689, #753 ),
 ( #7071, #1960 ) ),
 .UNSPECIFIED., .F., .F., .F.,
 ( 4, 1, 1, 1, 1, 1, 1, 1, 1, 1, 1, 1, 1, 1, 1, 1, 4 ),
 ( 2, 2 ),
 ( 0.000000000000000000, 0.06946111841118059183, 0.1356576792112469121, 0.1996202009683168410, 0.2616514289943383531, 0.3220529346075969856, 0.3823401897046095899, 0.4432232029819942465, 0.5049299582480397675, 0.5668204626337179919, 0.6276001402177067146, 0.6874756430229487236, 0.7473511458281902886, 0.8081741791096781480, 0.8701334489244719750, 0.9337207833931581158, 1.000000000000000000 ),
 ( 0.000000000000000000, 1.000000000000000000 ),
 .UNSPECIFIED. ) ;
#2573 = DIRECTION ( 'NONE',  ( -0.000000000000000000, 1.000000000000000000, -0.000000000000000000 ) ) ;
#2574 = VECTOR ( 'NONE', #7162, 1000.000000000000000 ) ;
#2575 =( BOUNDED_SURFACE ( )  B_SPLINE_SURFACE ( 3, 2, ( 
 ( #2805, #5298, #2185 ),
 ( #7837, #6594, #4175 ),
 ( #5463, #569, #6053 ),
 ( #528, #5418, #1786 ) ),
 .UNSPECIFIED., .F., .F., .F. ) 
 B_SPLINE_SURFACE_WITH_KNOTS ( ( 4, 4 ),
 ( 3, 3 ),
 ( 6.234218453012252631E-06, 2.061275186545848158E-05 ),
 ( 0.000000000000000000, 1.000000000000000000 ),
 .UNSPECIFIED. ) 
 GEOMETRIC_REPRESENTATION_ITEM ( )  RATIONAL_B_SPLINE_SURFACE ( (
 ( 1.000000000000000000, 0.7071067812018038135, 1.000000000000000000),
 ( 1.000000000000000000, 0.9301597639359948655, 1.000000000000000000),
 ( 1.000000000000000000, 0.9946809230434204840, 1.000000000000000000),
 ( 1.000000000000000000, 1.000000000000000000, 1.000000000000000000) ) ) 
 REPRESENTATION_ITEM ( '' )  SURFACE ( )  );
#2576 = CARTESIAN_POINT ( 'NONE',  ( -0.06803193431306790717, 1.200000000000000178, -0.1464637271849310030 ) ) ;
#2577 = DIRECTION ( 'NONE',  ( -0.000000000000000000, -1.000000000000000000, -0.000000000000000000 ) ) ;
#2578 = CARTESIAN_POINT ( 'NONE',  ( -0.009293968027199152326, 1.200000000000000622, -0.1731642232240074575 ) ) ;
#2579 = VECTOR ( 'NONE', #1821, 1000.000000000000000 ) ;
#2580 = VECTOR ( 'NONE', #4868, 1000.000000000000000 ) ;
#2581 = ADVANCED_BREP_SHAPE_REPRESENTATION ( 'FT3MN', ( #588, #692, #6048, #6082, #3283, #654, #678, #5812, #5992, #474, #3335, #5881, #6446 ), #285 ) ;
#2582 = FILL_AREA_STYLE ('',( #96 ) ) ;
#2583 = UNCERTAINTY_MEASURE_WITH_UNIT (LENGTH_MEASURE( 1.000000000000000082E-05 ), #5039, 'distance_accuracy_value', 'NONE');
#2584 =( LENGTH_UNIT ( ) NAMED_UNIT ( * ) SI_UNIT ( .MILLI., .METRE. ) );
#2585 = DIRECTION ( 'NONE',  ( -1.668003342285392537E-16, 0.000000000000000000, 1.000000000000000000 ) ) ;
#2586 = CARTESIAN_POINT ( 'NONE',  ( -1.349999999999999867, 1.200000000000000178, -1.149999999999998357 ) ) ;
#2587 = ORIENTED_EDGE ( 'NONE', *, *, #4102, .F. ) ;
#2588 = CARTESIAN_POINT ( 'NONE',  ( 0.2525284235480190764, 1.200000000000000178, 0.003973621970230402194 ) ) ;
#2589 = FACE_OUTER_BOUND ( 'NONE', #781, .T. ) ;
#2590 = EDGE_CURVE ( 'NONE', #3226, #4255, #5540, .T. ) ;
#2591 = LINE ( 'NONE', #4933, #3959 ) ;
#2592 =( GEOMETRIC_REPRESENTATION_CONTEXT ( 3 ) GLOBAL_UNCERTAINTY_ASSIGNED_CONTEXT ( ( #1418 ) ) GLOBAL_UNIT_ASSIGNED_CONTEXT ( ( #4036, #470, #4800 ) ) REPRESENTATION_CONTEXT ( 'NONE', 'WORKASPACE' ) );
#2593 = ORIENTED_EDGE ( 'NONE', *, *, #4852, .F. ) ;
#2594 = ORIENTED_EDGE ( 'NONE', *, *, #742, .T. ) ;
#2595 = EDGE_CURVE ( 'NONE', #5788, #7343, #6680, .T. ) ;
#2596 = CARTESIAN_POINT ( 'NONE',  ( -0.05185204343364756968, 1.201000000000000512, 0.02251877080981179446 ) ) ;
#2597 = CARTESIAN_POINT ( 'NONE',  ( 0.04424951104479888514, 1.200000000000000178, -0.05146155981636071908 ) ) ;
#2598 = ORIENTED_EDGE ( 'NONE', *, *, #7062, .T. ) ;
#2599 = CARTESIAN_POINT ( 'NONE',  ( 0.003751638605786162400, 1.200999999999999845, -0.1421096130203857999 ) ) ;
#2600 = ORIENTED_EDGE ( 'NONE', *, *, #3505, .F. ) ;
#2601 = ORIENTED_EDGE ( 'NONE', *, *, #6905, .T. ) ;
#2602 = FACE_OUTER_BOUND ( 'NONE', #4820, .T. ) ;
#2603 = CARTESIAN_POINT ( 'NONE',  ( -0.2325812895906590461, 1.200000000000000178, 0.08366764526557586568 ) ) ;
#2604 = LINE ( 'NONE', #663, #4891 ) ;
#2605 = DIRECTION ( 'NONE',  ( -1.000000000000000000, 0.000000000000000000, 0.000000000000000000 ) ) ;
#2606 = ORIENTED_EDGE ( 'NONE', *, *, #222, .T. ) ;
#2607 = CARTESIAN_POINT ( 'NONE',  ( 1.450000000000000844, 0.2999999999999999889, 1.250000000000001776 ) ) ;
#2608 = ADVANCED_FACE ( 'NONE', ( #7296 ), #2308, .T. ) ;
#2609 = CARTESIAN_POINT ( 'NONE',  ( 1.600000000000000533, 0.2999999999999999889, -1.100000000000001199 ) ) ;
#2610 = CARTESIAN_POINT ( 'NONE',  ( 0.03023381082862729857, 1.200000000000000622, 0.04266615193816902102 ) ) ;
#2611 = CARTESIAN_POINT ( 'NONE',  ( 0.000000000000000000, 1.050000000000000044, 0.000000000000000000 ) ) ;
#2612 = SURFACE_SIDE_STYLE ('',( #3199 ) ) ;
#2613 = CARTESIAN_POINT ( 'NONE',  ( -0.07192560892124862104, 1.200000000000000400, -0.1410313993275841005 ) ) ;
#2614 = FILL_AREA_STYLE ('',( #1443 ) ) ;
#2615 = DIRECTION ( 'NONE',  ( -0.3055884099676580701, 0.000000000000000000, 0.9521637063517168764 ) ) ;
#2616 = CARTESIAN_POINT ( 'NONE',  ( 0.01032452032007016157, 1.200000000000000844, -0.1711448538520397300 ) ) ;
#2617 = VECTOR ( 'NONE', #5223, 1000.000000000000000 ) ;
#2618 = VECTOR ( 'NONE', #3438, 1000.000000000000000 ) ;
#2619 = DIRECTION ( 'NONE',  ( 0.000000000000000000, 0.000000000000000000, 1.000000000000000000 ) ) ;
#2620 = CARTESIAN_POINT ( 'NONE',  ( 1.500000000000000222, 0.8010000000000000453, -0.3891067359793535241 ) ) ;
#2621 = STYLED_ITEM ( 'NONE', ( #6179 ), #6455 ) ;
#2622 = SURFACE_SIDE_STYLE ('',( #763 ) ) ;
#2623 = ORIENTED_EDGE ( 'NONE', *, *, #4120, .F. ) ;
#2624 = LINE ( 'NONE', #1489, #4682 ) ;
#2625 = CARTESIAN_POINT ( 'NONE',  ( 0.5774269110303344998, 1.200000000000000178, 0.01848215300269484204 ) ) ;
#2626 = SURFACE_STYLE_USAGE ( .BOTH. , #3254 ) ;
#2627 = UNCERTAINTY_MEASURE_WITH_UNIT (LENGTH_MEASURE( 1.000000000000000082E-05 ), #5024, 'distance_accuracy_value', 'NONE');
#2628 = ORIENTED_EDGE ( 'NONE', *, *, #2695, .F. ) ;
#2629 = PRESENTATION_LAYER_ASSIGNMENT (  '', '', ( #1589 ) ) ;
#2630 = VECTOR ( 'NONE', #3453, 1000.000000000000000 ) ;
#2631 = CARTESIAN_POINT ( 'NONE',  ( 1.349999999999998979, 0.2999999999999999889, -1.149999999999999467 ) ) ;
#2632 = ORIENTED_EDGE ( 'NONE', *, *, #5404, .F. ) ;
#2633 = EDGE_CURVE ( 'NONE', #3225, #4815, #4298, .T. ) ;
#2634 = CARTESIAN_POINT ( 'NONE',  ( 0.03364593370816822138, 1.201000000000000068, -0.02470484252496516625 ) ) ;
#2635 = CARTESIAN_POINT ( 'NONE',  ( -0.1963614107011024124, 1.200000000000000178, 0.08366764526557586568 ) ) ;
#2636 = DIRECTION ( 'NONE',  ( -0.000000000000000000, 1.000000000000000000, 0.000000000000000000 ) ) ;
#2637 = MECHANICAL_DESIGN_GEOMETRIC_PRESENTATION_REPRESENTATION (  '', ( #6583 ), #5160 ) ;
#2638 = ORIENTED_EDGE ( 'NONE', *, *, #2774, .T. ) ;
#2639 = DIRECTION ( 'NONE',  ( -0.000000000000000000, 1.000000000000000000, 0.000000000000000000 ) ) ;
#2640 = DIRECTION ( 'NONE',  ( 1.000000000000000000, 3.077218299541383358E-11, 0.000000000000000000 ) ) ;
#2641 = MECHANICAL_DESIGN_GEOMETRIC_PRESENTATION_REPRESENTATION (  '', ( #567 ), #4995 ) ;
#2642 = B_SPLINE_SURFACE_WITH_KNOTS ( 'NONE', 3, 1, ( 
 ( #4905, #1107 ),
 ( #6768, #1152 ),
 ( #1582, #5973 ),
 ( #3515, #2272 ),
 ( #3601, #6637 ),
 ( #4137, #5339 ),
 ( #3642, #7383 ),
 ( #1028, #6599 ),
 ( #985, #3476 ),
 ( #369, #2847 ),
 ( #3178, #573 ) ),
 .UNSPECIFIED., .F., .F., .F.,
 ( 4, 1, 1, 1, 1, 1, 1, 1, 4 ),
 ( 2, 2 ),
 ( 0.000000000000000000, 0.08920477023324596688, 0.1898334556643490045, 0.2992325919749814767, 0.4192609378429068001, 0.5492073901909388933, 0.6890743636843491560, 0.8395791979483189227, 1.000000000000000000 ),
 ( 0.000000000000000000, 1.000000000000000000 ),
 .UNSPECIFIED. ) ;
#2643 = ORIENTED_EDGE ( 'NONE', *, *, #3718, .T. ) ;
#2644 = ORIENTED_EDGE ( 'NONE', *, *, #6350, .T. ) ;
#2645 = EDGE_CURVE ( 'NONE', #7943, #5934, #3599, .T. ) ;
#2646 = CARTESIAN_POINT ( 'NONE',  ( -1.500000000000000000, 1.050000000000000044, -0.9999999999999985567 ) ) ;
#2647 = FACE_OUTER_BOUND ( 'NONE', #112, .T. ) ;
#2648 = EDGE_CURVE ( 'NONE', #1791, #4077, #1704, .T. ) ;
#2649 = VECTOR ( 'NONE', #2619, 1000.000000000000000 ) ;
#2650 = SURFACE_SIDE_STYLE ('',( #161 ) ) ;
#2651 = PRESENTATION_STYLE_ASSIGNMENT (( #7637 ) ) ;
#2652 = ORIENTED_EDGE ( 'NONE', *, *, #6501, .T. ) ;
#2653 = MECHANICAL_DESIGN_GEOMETRIC_PRESENTATION_REPRESENTATION (  '', ( #7652 ), #5531 ) ;
#2654 = COLOUR_RGB ( '',1.000000000000000000, 1.000000000000000000, 1.000000000000000000 ) ;
#2655 = EDGE_CURVE ( 'NONE', #5912, #2567, #5605, .T. ) ;
#2656 = DIRECTION ( 'NONE',  ( 1.355252715606881036E-16, -0.000000000000000000, 1.000000000000000000 ) ) ;
#2657 = PLANE ( 'NONE',  #1287 ) ;
#2658 = LINE ( 'NONE', #715, #7485 ) ;
#2659 = DIRECTION ( 'NONE',  ( 1.000000000000000000, 0.000000000000000000, 0.000000000000000000 ) ) ;
#2660 = CARTESIAN_POINT ( 'NONE',  ( 1.500000000000000222, 0.8000000000000000444, -0.3750000000000002220 ) ) ;
#2661 = VECTOR ( 'NONE', #7387, 1000.000000000000000 ) ;
#2662 = CARTESIAN_POINT ( 'NONE',  ( 0.6000000000000000888, 0.2999999999999999889, -1.149999999999999245 ) ) ;
#2663 = CARTESIAN_POINT ( 'NONE',  ( 0.04218957565118567482, 1.200999999999999845, -0.008403551902545595975 ) ) ;
#2664 = VECTOR ( 'NONE', #1353, 1000.000000000000000 ) ;
#2665 = AXIS2_PLACEMENT_3D ( 'NONE', #7458, #3840, #5095 ) ;
#2666 = DIRECTION ( 'NONE',  ( -1.000000000000000000, 0.000000000000000000, 0.000000000000000000 ) ) ;
#2667 = VECTOR ( 'NONE', #5782, 1000.000000000000000 ) ;
#2668 = LINE ( 'NONE', #7698, #5664 ) ;
#2669 = CARTESIAN_POINT ( 'NONE',  ( 1.500000000000000222, 0.8001326668683524934, -0.3763200004419198774 ) ) ;
#2670 = EDGE_CURVE ( 'NONE', #7285, #1834, #6722, .T. ) ;
#2671 = DIRECTION ( 'NONE',  ( 0.000000000000000000, -0.000000000000000000, 1.000000000000000000 ) ) ;
#2672 = ORIENTED_EDGE ( 'NONE', *, *, #4954, .T. ) ;
#2673 = PLANE ( 'NONE',  #5369 ) ;
#2674 = CARTESIAN_POINT ( 'NONE',  ( 0.04390973248136773727, 1.200999999999999845, 0.01141966710585452273 ) ) ;
#2675 = EDGE_CURVE ( 'NONE', #3273, #4251, #3475, .T. ) ;
#2676 = ORIENTED_EDGE ( 'NONE', *, *, #1771, .T. ) ;
#2677 = PRESENTATION_LAYER_ASSIGNMENT (  '', '', ( #7154 ) ) ;
#2678 = ORIENTED_EDGE ( 'NONE', *, *, #3977, .F. ) ;
#2679 = DIRECTION ( 'NONE',  ( 0.000000000000000000, 0.000000000000000000, -1.000000000000000000 ) ) ;
#2680 = CARTESIAN_POINT ( 'NONE',  ( -0.002432387054272662150, 1.201000000000000068, -0.04162278803702693097 ) ) ;
#2681 = DIRECTION ( 'NONE',  ( 0.000000000000000000, 1.000000000000000000, 0.000000000000000000 ) ) ;
#2682 = FACE_OUTER_BOUND ( 'NONE', #4580, .T. ) ;
#2683 = ORIENTED_EDGE ( 'NONE', *, *, #6555, .F. ) ;
#2684 = CARTESIAN_POINT ( 'NONE',  ( 1.501000000000000112, 0.8010000000000000453, -1.149999999999998357 ) ) ;
#2685 = FACE_OUTER_BOUND ( 'NONE', #684, .T. ) ;
#2686 = ORIENTED_EDGE ( 'NONE', *, *, #1719, .T. ) ;
#2687 = VERTEX_POINT ( 'NONE', #2845 ) ;
#2688 = VECTOR ( 'NONE', #301, 1000.000000000000000 ) ;
#2689 = CARTESIAN_POINT ( 'NONE',  ( -1.449999999999999956, 0.8000000000000000444, 1.250000000000002220 ) ) ;
#2690 = SURFACE_SIDE_STYLE ('',( #7065 ) ) ;
#2691 = CARTESIAN_POINT ( 'NONE',  ( -1.500000000000000000, 0.8003509938833450743, -0.3785254628389861375 ) ) ;
#2692 = PRESENTATION_STYLE_ASSIGNMENT (( #7256 ) ) ;
#2693 = VERTEX_POINT ( 'NONE', #6105 ) ;
#2694 = CARTESIAN_POINT ( 'NONE',  ( 0.4523036930482297602, 1.201000000000000068, -0.1079787309611264234 ) ) ;
#2695 = EDGE_CURVE ( 'NONE', #7293, #5784, #2927, .T. ) ;
#2696 = CARTESIAN_POINT ( 'NONE',  ( -0.06371119067244213063, 1.201000000000000290, -0.1514606556756880607 ) ) ;
#2697 = LINE ( 'NONE', #2197, #1914 ) ;
#2698 = LINE ( 'NONE', #3860, #543 ) ;
#2699 =( NAMED_UNIT ( * ) SI_UNIT ( $, .STERADIAN. ) SOLID_ANGLE_UNIT ( ) );
#2700 = CARTESIAN_POINT ( 'NONE',  ( -0.1140435041339282612, 1.201000000000000068, -0.1731642232240074575 ) ) ;
#2701 = ADVANCED_FACE ( 'NONE', ( #4734 ), #1625, .T. ) ;
#2702 = CARTESIAN_POINT ( 'NONE',  ( 0.04327232407515891471, 1.201000000000000290, -0.003770654169009861681 ) ) ;
#2703 = AXIS2_PLACEMENT_3D ( 'NONE', #8040, #491, #4258 ) ;
#2704 = CLOSED_SHELL ( 'NONE', ( #6985, #1600, #6727, #475 ) ) ;
#2705 = DIRECTION ( 'NONE',  ( 1.000000000000000000, 0.000000000000000000, 0.000000000000000000 ) ) ;
#2706 = DIRECTION ( 'NONE',  ( 0.7071067811865473507, -0.000000000000000000, 0.7071067811865477948 ) ) ;
#2707 = LINE ( 'NONE', #2586, #2415 ) ;
#2708 = ORIENTED_EDGE ( 'NONE', *, *, #534, .T. ) ;
#2709 = FILL_AREA_STYLE_COLOUR ( '', #653 ) ;
#2710 = AXIS2_PLACEMENT_3D ( 'NONE', #3212, #5707, #102 ) ;
#2711 = CARTESIAN_POINT ( 'NONE',  ( 1.500000000000000222, 0.8010000000000000453, 0.3891067359796629987 ) ) ;
#2712 = VERTEX_POINT ( 'NONE', #443 ) ;
#2713 = EDGE_CURVE ( 'NONE', #1681, #1742, #5509, .T. ) ;
#2714 = FACE_OUTER_BOUND ( 'NONE', #6399, .T. ) ;
#2715 = ORIENTED_EDGE ( 'NONE', *, *, #1876, .F. ) ;
#2716 = ADVANCED_FACE ( 'NONE', ( #2270 ), #3188, .T. ) ;
#2717 = CARTESIAN_POINT ( 'NONE',  ( -1.599999999999999867, 0.8000000000000000444, 0.3750000000000000000 ) ) ;
#2718 = CARTESIAN_POINT ( 'NONE',  ( -0.01953889532721897471, 1.201000000000000512, -0.03973531993225856013 ) ) ;
#2719 = ORIENTED_EDGE ( 'NONE', *, *, #7553, .F. ) ;
#2720 = DIRECTION ( 'NONE',  ( 0.000000000000000000, 0.000000000000000000, 1.000000000000000000 ) ) ;
#2721 = CARTESIAN_POINT ( 'NONE',  ( 0.04023357815550875766, 1.200000000000000178, 0.07389568396974065256 ) ) ;
#2722 = ORIENTED_EDGE ( 'NONE', *, *, #2590, .F. ) ;
#2723 = ORIENTED_EDGE ( 'NONE', *, *, #4957, .F. ) ;
#2724 =( NAMED_UNIT ( * ) PLANE_ANGLE_UNIT ( ) SI_UNIT ( $, .RADIAN. ) );
#2725 = PLANE ( 'NONE',  #6927 ) ;
#2726 =( NAMED_UNIT ( * ) PLANE_ANGLE_UNIT ( ) SI_UNIT ( $, .RADIAN. ) );
#2727 = CARTESIAN_POINT ( 'NONE',  ( 0.03083601142429815561, 1.200000000000000178, -0.1067954110542232854 ) ) ;
#2728 = CARTESIAN_POINT ( 'NONE',  ( 0.07558059995178567636, 1.201000000000000512, 0.02257415707616650113 ) ) ;
#2729 = VERTEX_POINT ( 'NONE', #6319 ) ;
#2730 = CARTESIAN_POINT ( 'NONE',  ( 0.6000000000000003109, 0.2999999999999999889, 0.5000000000000005551 ) ) ;
#2731 = CARTESIAN_POINT ( 'NONE',  ( -0.05383003070691032982, 1.200000000000000622, -0.1600672867781177122 ) ) ;
#2732 = LINE ( 'NONE', #7107, #7562 ) ;
#2733 = DIRECTION ( 'NONE',  ( 0.000000000000000000, 0.000000000000000000, 1.000000000000000000 ) ) ;
#2734 = CARTESIAN_POINT ( 'NONE',  ( 0.06365246847915805029, 1.200000000000000400, -0.1052095198486414779 ) ) ;
#2735 = EDGE_CURVE ( 'NONE', #7061, #6696, #2956, .T. ) ;
#2736 = SURFACE_STYLE_FILL_AREA ( #5857 ) ;
#2737 = CARTESIAN_POINT ( 'NONE',  ( 0.01958159992391287144, 1.201000000000000512, -0.1683599970428358017 ) ) ;
#2738 = CARTESIAN_POINT ( 'NONE',  ( -0.006618636063766012226, 1.200000000000000178, 0.05732591516408013649 ) ) ;
#2739 = EDGE_CURVE ( 'NONE', #2062, #2070, #2604, .T. ) ;
#2740 = UNCERTAINTY_MEASURE_WITH_UNIT (LENGTH_MEASURE( 1.000000000000000082E-05 ), #1075, 'distance_accuracy_value', 'NONE');
#2741 = PLANE ( 'NONE',  #6851 ) ;
#2742 = PLANE ( 'NONE',  #600 ) ;
#2743 = SURFACE_STYLE_USAGE ( .BOTH. , #3411 ) ;
#2744 = CARTESIAN_POINT ( 'NONE',  ( -0.3412409262593289472, 1.201000000000000068, -0.1435297768598247370 ) ) ;
#2745 = ORIENTED_EDGE ( 'NONE', *, *, #6530, .F. ) ;
#2746 = PRESENTATION_STYLE_ASSIGNMENT (( #5867 ) ) ;
#2747 = CARTESIAN_POINT ( 'NONE',  ( 1.500000000000000444, 0.8000000000593897598, 0.3798065226655134019 ) ) ;
#2748 = AXIS2_PLACEMENT_3D ( 'NONE', #7813, #7851, #2940 ) ;
#2749 = ORIENTED_EDGE ( 'NONE', *, *, #7078, .F. ) ;
#2750 = CARTESIAN_POINT ( 'NONE',  ( -1.599999999999998979, 0.000000000000000000, -1.249999999999997780 ) ) ;
#2751 = ORIENTED_EDGE ( 'NONE', *, *, #1035, .F. ) ;
#2752 = SURFACE_STYLE_FILL_AREA ( #3920 ) ;
#2753 = CIRCLE ( 'NONE', #3439, 0.0009999999999999158867 ) ;
#2754 = CARTESIAN_POINT ( 'NONE',  ( 0.04218957565118567482, 1.200999999999999845, -0.008403551902545595975 ) ) ;
#2755 = DIRECTION ( 'NONE',  ( -1.000000000000000000, 0.000000000000000000, -0.000000000000000000 ) ) ;
#2756 = CARTESIAN_POINT ( 'NONE',  ( 1.501000000000000112, 0.8010000000000000453, -1.149999999999998357 ) ) ;
#2757 = ORIENTED_EDGE ( 'NONE', *, *, #5832, .T. ) ;
#2758 = CARTESIAN_POINT ( 'NONE',  ( -1.500000000000000000, 0.8010000000000000453, -1.149999999999998357 ) ) ;
#2759 = LINE ( 'NONE', #2147, #703 ) ;
#2760 = AXIS2_PLACEMENT_3D ( 'NONE', #7532, #1217, #7569 ) ;
#2761 = ORIENTED_EDGE ( 'NONE', *, *, #4108, .F. ) ;
#2762 = ORIENTED_EDGE ( 'NONE', *, *, #3458, .F. ) ;
#2763 = FACE_OUTER_BOUND ( 'NONE', #7436, .T. ) ;
#2764 = CARTESIAN_POINT ( 'NONE',  ( 1.349999999999999201, 0.2999999999999999889, 1.149999999999999911 ) ) ;
#2765 = COLOUR_RGB ( '',1.000000000000000000, 0.8078431372549019773, 0.4980392156862745168 ) ;
#2766 = CARTESIAN_POINT ( 'NONE',  ( 0.6000000000000001998, 0.2999999999999999889, -0.4999999999999996669 ) ) ;
#2767 = AXIS2_PLACEMENT_3D ( 'NONE', #1001, #7855, #5991 ) ;
#2768 = SURFACE_SIDE_STYLE ('',( #7879 ) ) ;
#2769 = VERTEX_POINT ( 'NONE', #3931 ) ;
#2770 = CARTESIAN_POINT ( 'NONE',  ( -1.599999999999999867, 0.000000000000000000, 1.100000000000002309 ) ) ;
#2771 =( LENGTH_UNIT ( ) NAMED_UNIT ( * ) SI_UNIT ( .MILLI., .METRE. ) );
#2772 = EDGE_CURVE ( 'NONE', #4774, #4010, #5031, .T. ) ;
#2773 = VECTOR ( 'NONE', #5256, 1000.000000000000000 ) ;
#2774 = EDGE_CURVE ( 'NONE', #310, #1157, #7593, .T. ) ;
#2775 = CARTESIAN_POINT ( 'NONE',  ( -0.07831490811569494226, 1.201000000000000068, -0.1288336409919699221 ) ) ;
#2776 = DIRECTION ( 'NONE',  ( 5.782411586589358033E-15, 0.000000000000000000, 1.000000000000000000 ) ) ;
#2777 = CARTESIAN_POINT ( 'NONE',  ( 0.02252299695561876119, 1.200000000000000178, -0.08250351757933073460 ) ) ;
#2778 = DIRECTION ( 'NONE',  ( -0.000000000000000000, 0.000000000000000000, 1.000000000000000000 ) ) ;
#2779 = PLANE ( 'NONE',  #5500 ) ;
#2780 = CARTESIAN_POINT ( 'NONE',  ( 0.06376317405116789516, 1.201000000000000068, -0.1078758335779174682 ) ) ;
#2781 = MECHANICAL_DESIGN_GEOMETRIC_PRESENTATION_REPRESENTATION (  '', ( #6068 ), #40 ) ;
#2782 = APPLICATION_CONTEXT ( 'automotive_design' ) ;
#2783 = CARTESIAN_POINT ( 'NONE',  ( -0.3609972238354506868, 1.200000000000000178, -0.06121187029265061363 ) ) ;
#2784 = PRESENTATION_LAYER_ASSIGNMENT (  '', '', ( #6224 ) ) ;
#2785 = CARTESIAN_POINT ( 'NONE',  ( 0.000000000000000000, 1.050000000000000044, 0.000000000000000000 ) ) ;
#2786 = SURFACE_STYLE_USAGE ( .BOTH. , #7781 ) ;
#2787 = FILL_AREA_STYLE_COLOUR ( '', #8070 ) ;
#2788 = DIRECTION ( 'NONE',  ( 1.000000000000000000, -0.000000000000000000, 3.469446951953614189E-16 ) ) ;
#2789 = CARTESIAN_POINT ( 'NONE',  ( -0.4762422930294945012, 1.201000000000000068, 0.08366764526557586568 ) ) ;
#2790 = EDGE_CURVE ( 'NONE', #270, #6925, #4468, .T. ) ;
#2791 = VECTOR ( 'NONE', #7706, 1000.000000000000000 ) ;
#2792 = ORIENTED_EDGE ( 'NONE', *, *, #104, .F. ) ;
#2793 =( GEOMETRIC_REPRESENTATION_CONTEXT ( 3 ) GLOBAL_UNCERTAINTY_ASSIGNED_CONTEXT ( ( #1297 ) ) GLOBAL_UNIT_ASSIGNED_CONTEXT ( ( #6505, #2058, #5281 ) ) REPRESENTATION_CONTEXT ( 'NONE', 'WORKASPACE' ) );
#2794 = EDGE_LOOP ( 'NONE', ( #2408, #3172, #5690, #7252, #1235, #1976, #1787, #7091, #2963, #5257, #5842, #37, #7448, #4545, #6215 ) ) ;
#2795 = CARTESIAN_POINT ( 'NONE',  ( -0.02396131514985842120, 1.200000000000000622, -0.1412950392605143435 ) ) ;
#2796 = COLOUR_RGB ( '',1.000000000000000000, 0.8078431372549019773, 0.4980392156862745168 ) ;
#2797 = DIRECTION ( 'NONE',  ( 0.000000000000000000, 0.000000000000000000, -1.000000000000000000 ) ) ;
#2798 = FACE_OUTER_BOUND ( 'NONE', #6123, .T. ) ;
#2799 = CARTESIAN_POINT ( 'NONE',  ( -1.500999999999999890, 0.8010000000000000453, 0.9999999999999981126 ) ) ;
#2800 = CARTESIAN_POINT ( 'NONE',  ( 0.02576636020521533982, 1.200000000000000178, 0.08122803785758696271 ) ) ;
#2801 = VECTOR ( 'NONE', #1357, 1000.000000000000000 ) ;
#2802 = ADVANCED_FACE ( 'NONE', ( #3971 ), #1998, .T. ) ;
#2803 = ORIENTED_EDGE ( 'NONE', *, *, #4435, .T. ) ;
#2804 = VERTEX_POINT ( 'NONE', #5805 ) ;
#2805 = CARTESIAN_POINT ( 'NONE',  ( -1.500999999999956813, 0.8000000000000000444, 0.3891067359793650149 ) ) ;
#2806 = DIRECTION ( 'NONE',  ( 0.000000000000000000, 1.000000000000000000, 0.000000000000000000 ) ) ;
#2807 = CARTESIAN_POINT ( 'NONE',  ( -0.08738567358062651613, 1.201000000000000068, 0.01713441752177097613 ) ) ;
#2808 = CARTESIAN_POINT ( 'NONE',  ( -0.3412409262593289472, 1.201000000000000068, -0.1731642232240074575 ) ) ;
#2809 = ORIENTED_EDGE ( 'NONE', *, *, #1137, .F. ) ;
#2810 = DIRECTION ( 'NONE',  ( -0.000000000000000000, 1.000000000000000000, -0.000000000000000000 ) ) ;
#2811 = CARTESIAN_POINT ( 'NONE',  ( 0.07196594706409133180, 1.201000000000000068, -0.02148903365461687920 ) ) ;
#2812 = CARTESIAN_POINT ( 'NONE',  ( -0.07530092727418574716, 1.200000000000000400, -0.1351313761445148975 ) ) ;
#2813 = EDGE_CURVE ( 'NONE', #2922, #2454, #35, .T. ) ;
#2814 = CARTESIAN_POINT ( 'NONE',  ( 0.03083601142429815561, 1.200000000000000400, -0.1067954110542232854 ) ) ;
#2815 = CARTESIAN_POINT ( 'NONE',  ( 0.6136467899198910780, 1.201000000000000068, -0.1731642232240074575 ) ) ;
#2816 = B_SPLINE_CURVE_WITH_KNOTS ( 'NONE', 3,
 ( #2738, #7156, #6653, #7776, #7230, #5861, #5314, #259, #1523, #5235, #7272, #6613, #7853, #2126, #5349, #4030, #918, #4149, #5277 ),
 .UNSPECIFIED., .F., .F.,
 ( 4, 1, 1, 1, 1, 1, 1, 1, 1, 1, 1, 1, 1, 1, 1, 1, 4 ),
 ( 0.000000000000000000, 0.06946111841118059183, 0.1356576792112469121, 0.1996202009683168410, 0.2616514289943383531, 0.3220529346075969856, 0.3823401897046095899, 0.4432232029819942465, 0.5049299582480397675, 0.5668204626337179919, 0.6276001402177067146, 0.6874756430229487236, 0.7473511458281902886, 0.8081741791096781480, 0.8701334489244719750, 0.9337207833931581158, 1.000000000000000000 ),
 .UNSPECIFIED. ) ;
#2817 = DIRECTION ( 'NONE',  ( -1.000000000000000000, -0.000000000000000000, -0.000000000000000000 ) ) ;
#2818 = VECTOR ( 'NONE', #5608, 1000.000000000000000 ) ;
#2819 = CARTESIAN_POINT ( 'NONE',  ( -1.599999999999999645, 0.000000000000000000, 0.4749999999999999223 ) ) ;
#2820 = CARTESIAN_POINT ( 'NONE',  ( -1.500000000000000000, 0.8005663796883344396, -0.3692222225699239857 ) ) ;
#2821 = DIRECTION ( 'NONE',  ( 0.000000000000000000, 0.000000000000000000, 1.000000000000000000 ) ) ;
#2822 = PRESENTATION_STYLE_ASSIGNMENT (( #5995 ) ) ;
#2823 = SURFACE_SIDE_STYLE ('',( #4712 ) ) ;
#2824 = DIRECTION ( 'NONE',  ( 0.000000000000000000, 0.000000000000000000, 1.000000000000000000 ) ) ;
#2825 =( NAMED_UNIT ( * ) PLANE_ANGLE_UNIT ( ) SI_UNIT ( $, .RADIAN. ) );
#2826 = MECHANICAL_DESIGN_GEOMETRIC_PRESENTATION_REPRESENTATION (  '', ( #5449 ), #1021 ) ;
#2827 = ORIENTED_EDGE ( 'NONE', *, *, #6719, .T. ) ;
#2828 = EDGE_LOOP ( 'NONE', ( #7167, #438, #1841, #739 ) ) ;
#2829 = DIRECTION ( 'NONE',  ( 0.000000000000000000, -0.000000000000000000, 1.000000000000000000 ) ) ;
#2830 = VECTOR ( 'NONE', #5006, 1000.000000000000000 ) ;
#2831 = CARTESIAN_POINT ( 'NONE',  ( -7.392383117477958714E-05, 1.201000000000000290, -0.1429178784801765356 ) ) ;
#2832 =( BOUNDED_SURFACE ( )  B_SPLINE_SURFACE ( 3, 2, ( 
 ( #1466, #5926, #7799 ),
 ( #7210, #4653, #325 ),
 ( #4615, #5801, #4581 ),
 ( #980, #4090, #3311 ) ),
 .UNSPECIFIED., .F., .F., .T. ) 
 B_SPLINE_SURFACE_WITH_KNOTS ( ( 4, 4 ),
 ( 3, 3 ),
 ( 6.234218453012850637E-06, 2.061275186545268110E-05 ),
 ( 0.000000000000000000, 1.000000000000000000 ),
 .UNSPECIFIED. ) 
 GEOMETRIC_REPRESENTATION_ITEM ( )  RATIONAL_B_SPLINE_SURFACE ( (
 ( 1.000000000000000000, 0.7071067812017270970, 1.000000000000000000),
 ( 1.000000000000000000, 0.9301597639359092673, 1.000000000000000000),
 ( 1.000000000000000000, 0.9946809230430847526, 1.000000000000000000),
 ( 1.000000000000000000, 1.000000000000000000, 1.000000000000000000) ) ) 
 REPRESENTATION_ITEM ( '' )  SURFACE ( )  );
#2833 = CARTESIAN_POINT ( 'NONE',  ( 1.450000000000000622, 0.000000000000000000, -1.250000000000001332 ) ) ;
#2834 = CARTESIAN_POINT ( 'NONE',  ( -0.008868230864093966034, 1.201000000000000068, -0.04153634281216489477 ) ) ;
#2835 = CARTESIAN_POINT ( 'NONE',  ( 0.03645839952416794760, 1.200000000000000400, -0.1597824942411063820 ) ) ;
#2836 = CARTESIAN_POINT ( 'NONE',  ( -0.1963614107011024124, 1.201000000000000068, 0.08366764526557586568 ) ) ;
#2837 = ORIENTED_EDGE ( 'NONE', *, *, #7912, .T. ) ;
#2838 = AXIS2_PLACEMENT_3D ( 'NONE', #2531, #5648, #1321 ) ;
#2839 = ORIENTED_EDGE ( 'NONE', *, *, #3265, .F. ) ;
#2840 = ORIENTED_EDGE ( 'NONE', *, *, #7505, .T. ) ;
#2841 = CARTESIAN_POINT ( 'NONE',  ( 1.600000000000000533, 0.2999999999999999889, -1.100000000000001421 ) ) ;
#2842 = ORIENTED_EDGE ( 'NONE', *, *, #2633, .T. ) ;
#2843 = ADVANCED_FACE ( 'NONE', ( #3271 ), #3231, .T. ) ;
#2844 = CARTESIAN_POINT ( 'NONE',  ( 0.000000000000000000, 0.000000000000000000, 0.000000000000000000 ) ) ;
#2845 = CARTESIAN_POINT ( 'NONE',  ( 1.500000000000000444, 0.2999999999999999889, 1.000000000000001554 ) ) ;
#2846 = DIRECTION ( 'NONE',  ( 0.000000000000000000, 0.000000000000000000, 1.000000000000000000 ) ) ;
#2847 = CARTESIAN_POINT ( 'NONE',  ( 0.2518468824011987905, 1.199999999999999956, 0.006153015749258711892 ) ) ;
#2848 = EDGE_LOOP ( 'NONE', ( #6240, #396, #4174, #1050 ) ) ;
#2849 = UNCERTAINTY_MEASURE_WITH_UNIT (LENGTH_MEASURE( 1.000000000000000082E-05 ), #1558, 'distance_accuracy_value', 'NONE');
#2850 = CARTESIAN_POINT ( 'NONE',  ( -0.3148991961578331833, 1.201000000000000068, -0.1731642232240074575 ) ) ;
#2851 = CARTESIAN_POINT ( 'NONE',  ( -0.08082516134326428459, 1.200999999999999845, -0.1220628250003194110 ) ) ;
#2852 = CARTESIAN_POINT ( 'NONE',  ( -0.01731996391749867845, 1.201000000000000068, -0.06743716197679316959 ) ) ;
#2853 = DIRECTION ( 'NONE',  ( -1.000000000000000000, 0.000000000000000000, 1.734723475976807094E-16 ) ) ;
#2854 = DIRECTION ( 'NONE',  ( 0.000000000000000000, 1.000000000000000000, 0.000000000000000000 ) ) ;
#2855 = CARTESIAN_POINT ( 'NONE',  ( 0.2525284235480190764, 1.200000000000000178, 0.003973621970230402194 ) ) ;
#2856 = UNCERTAINTY_MEASURE_WITH_UNIT (LENGTH_MEASURE( 1.000000000000000082E-05 ), #7079, 'distance_accuracy_value', 'NONE');
#2857 = EDGE_CURVE ( 'NONE', #7209, #7324, #7983, .T. ) ;
#2858 = SURFACE_STYLE_FILL_AREA ( #3406 ) ;
#2859 = DIRECTION ( 'NONE',  ( -0.000000000000000000, -1.000000000000000000, -0.000000000000000000 ) ) ;
#2860 = SURFACE_STYLE_USAGE ( .BOTH. , #4032 ) ;
#2861 = CARTESIAN_POINT ( 'NONE',  ( 1.600000000000000089, 0.000000000000000000, -0.4750000000000000333 ) ) ;
#2862 = CARTESIAN_POINT ( 'NONE',  ( -1.500000000000000000, 0.7999999999999999334, -0.3891067359796662184 ) ) ;
#2863 = DIRECTION ( 'NONE',  ( -1.000000000000000000, 0.000000000000000000, 0.000000000000000000 ) ) ;
#2864 = ORIENTED_EDGE ( 'NONE', *, *, #5711, .F. ) ;
#2865 = VECTOR ( 'NONE', #3230, 1000.000000000000000 ) ;
#2866 = ORIENTED_EDGE ( 'NONE', *, *, #6280, .T. ) ;
#2867 = CARTESIAN_POINT ( 'NONE',  ( 0.07558059995178567636, 1.200000000000001288, 0.02257415707616650113 ) ) ;
#2868 = CARTESIAN_POINT ( 'NONE',  ( -0.008264994195109499203, 1.201000000000000068, -0.1435297768598247370 ) ) ;
#2869 = LINE ( 'NONE', #4204, #2075 ) ;
#2870 = LINE ( 'NONE', #5879, #4129 ) ;
#2871 = PLANE ( 'NONE',  #5654 ) ;
#2872 = MECHANICAL_DESIGN_GEOMETRIC_PRESENTATION_REPRESENTATION (  '', ( #3149 ), #6833 ) ;
#2873 = VECTOR ( 'NONE', #1433, 1000.000000000000000 ) ;
#2874 = EDGE_LOOP ( 'NONE', ( #5461, #1753, #481, #7804, #4407, #8098, #7334, #2827, #1450, #1313 ) ) ;
#2875 = ORIENTED_EDGE ( 'NONE', *, *, #2655, .T. ) ;
#2876 = EDGE_CURVE ( 'NONE', #7862, #1699, #1369, .T. ) ;
#2877 = ORIENTED_EDGE ( 'NONE', *, *, #4751, .F. ) ;
#2878 = CARTESIAN_POINT ( 'NONE',  ( -1.500999999999999890, 0.8000000000000000444, -0.9999999999999985567 ) ) ;
#2879 = VERTEX_POINT ( 'NONE', #4690 ) ;
#2880 = VECTOR ( 'NONE', #1631, 1000.000000000000114 ) ;
#2881 = CARTESIAN_POINT ( 'NONE',  ( 0.06365246847915805029, 1.201000000000000290, -0.1052095198486414779 ) ) ;
#2882 = PLANE ( 'NONE',  #2390 ) ;
#2883 = CARTESIAN_POINT ( 'NONE',  ( -1.099999999999998979, 1.200000000000000178, 0.8625000000000025979 ) ) ;
#2884 = EDGE_LOOP ( 'NONE', ( #1619, #6387, #2792, #4952 ) ) ;
#2885 = DIRECTION ( 'NONE',  ( -0.000000000000000000, -1.000000000000000000, -0.000000000000000000 ) ) ;
#2886 = CARTESIAN_POINT ( 'NONE',  ( 1.500000000000000444, 0.2999999999999999889, 0.5000000000000003331 ) ) ;
#2887 = STYLED_ITEM ( 'NONE', ( #1496 ), #6315 ) ;
#2888 = EDGE_CURVE ( 'NONE', #5512, #6099, #520, .T. ) ;
#2889 = EDGE_CURVE ( 'NONE', #5843, #3675, #4162, .T. ) ;
#2890 = DIRECTION ( 'NONE',  ( -1.000000000000000000, 0.000000000000000000, 2.891205793294683257E-16 ) ) ;
#2891 = PLANE ( 'NONE',  #7580 ) ;
#2892 = VECTOR ( 'NONE', #4238, 1000.000000000000000 ) ;
#2893 = CARTESIAN_POINT ( 'NONE',  ( 0.01485616835503984420, 1.200000000000000622, -0.07617147805910043368 ) ) ;
#2894 = MECHANICAL_DESIGN_GEOMETRIC_PRESENTATION_REPRESENTATION (  '', ( #3163 ), #1469 ) ;
#2895 = FACE_OUTER_BOUND ( 'NONE', #6441, .T. ) ;
#2896 = MECHANICAL_DESIGN_GEOMETRIC_PRESENTATION_REPRESENTATION (  '', ( #7646 ), #2243 ) ;
#2897 = VERTEX_POINT ( 'NONE', #1139 ) ;
#2898 = CARTESIAN_POINT ( 'NONE',  ( 1.500000000000000222, 0.8010000000000000453, -0.9999999999999985567 ) ) ;
#2899 = DIRECTION ( 'NONE',  ( 0.000000000000000000, 0.000000000000000000, -1.000000000000000000 ) ) ;
#2900 = EDGE_CURVE ( 'NONE', #7183, #6306, #4092, .T. ) ;
#2901 = CIRCLE ( 'NONE', #7778, 0.1499999999999999667 ) ;
#2902 = ORIENTED_EDGE ( 'NONE', *, *, #2645, .T. ) ;
#2903 = DIRECTION ( 'NONE',  ( -0.000000000000000000, -1.000000000000000000, -0.000000000000000000 ) ) ;
#2904 = PLANE ( 'NONE',  #6221 ) ;
#2905 = PRESENTATION_STYLE_ASSIGNMENT (( #5422 ) ) ;
#2906 = CARTESIAN_POINT ( 'NONE',  ( -0.007801955970669150267, 1.201000000000000068, 0.08696036152826282228 ) ) ;
#2907 = VECTOR ( 'NONE', #1083, 1000.000000000000000 ) ;
#2908 = PLANE ( 'NONE',  #2499 ) ;
#2909 = CARTESIAN_POINT ( 'NONE',  ( -0.02396131514985842120, 1.201000000000000512, -0.1412950392605143435 ) ) ;
#2910 = EDGE_LOOP ( 'NONE', ( #2930, #7677, #192, #1145 ) ) ;
#2911 = ORIENTED_EDGE ( 'NONE', *, *, #2790, .T. ) ;
#2912 = CARTESIAN_POINT ( 'NONE',  ( 0.05298187109609471535, 1.201000000000000068, 0.06364743310445773739 ) ) ;
#2913 = ADVANCED_FACE ( 'NONE', ( #3352 ), #3432, .T. ) ;
#2914 = CARTESIAN_POINT ( 'NONE',  ( 0.03023396923561810085, 1.200999999999999845, -0.1143951195476921034 ) ) ;
#2915 = EDGE_CURVE ( 'NONE', #616, #4857, #5337, .T. ) ;
#2916 = CARTESIAN_POINT ( 'NONE',  ( -0.2325812895906590461, 1.201000000000000068, -0.1435297768598247370 ) ) ;
#2917 =( LENGTH_UNIT ( ) NAMED_UNIT ( * ) SI_UNIT ( .MILLI., .METRE. ) );
#2918 = FILL_AREA_STYLE ('',( #7330 ) ) ;
#2919 = VECTOR ( 'NONE', #7541, 1000.000000000000114 ) ;
#2920 = ORIENTED_EDGE ( 'NONE', *, *, #7, .T. ) ;
#2921 = ORIENTED_EDGE ( 'NONE', *, *, #7894, .T. ) ;
#2922 = VERTEX_POINT ( 'NONE', #4369 ) ;
#2923 = CARTESIAN_POINT ( 'NONE',  ( -0.2325812895906590461, 1.200000000000000178, -0.1435297768598247370 ) ) ;
#2924 = ORIENTED_EDGE ( 'NONE', *, *, #535, .F. ) ;
#2925 =( GEOMETRIC_REPRESENTATION_CONTEXT ( 3 ) GLOBAL_UNCERTAINTY_ASSIGNED_CONTEXT ( ( #4937 ) ) GLOBAL_UNIT_ASSIGNED_CONTEXT ( ( #4919, #6166, #5440 ) ) REPRESENTATION_CONTEXT ( 'NONE', 'WORKASPACE' ) );
#2926 = EDGE_CURVE ( 'NONE', #5998, #6196, #3749, .T. ) ;
#2927 = LINE ( 'NONE', #5338, #323 ) ;
#2928 = CARTESIAN_POINT ( 'NONE',  ( -1.449999999999999956, -0.001000000000000024307, 1.250000000000002220 ) ) ;
#2929 = SURFACE_STYLE_USAGE ( .BOTH. , #3554 ) ;
#2930 = ORIENTED_EDGE ( 'NONE', *, *, #2889, .F. ) ;
#2931 = LINE ( 'NONE', #6527, #3617 ) ;
#2932 = FILL_AREA_STYLE_COLOUR ( '', #7228 ) ;
#2933 = ORIENTED_EDGE ( 'NONE', *, *, #5583, .F. ) ;
#2934 = AXIS2_PLACEMENT_3D ( 'NONE', #1726, #6787, #1173 ) ;
#2935 = CARTESIAN_POINT ( 'NONE',  ( -1.500000000000000000, 0.8010000000000000453, -0.3608932640206433673 ) ) ;
#2936 = FILL_AREA_STYLE_COLOUR ( '', #5736 ) ;
#2937 = PLANE ( 'NONE',  #2089 ) ;
#2938 = ORIENTED_EDGE ( 'NONE', *, *, #6620, .F. ) ;
#2939 = EDGE_CURVE ( 'NONE', #5143, #1379, #2433, .T. ) ;
#2940 = DIRECTION ( 'NONE',  ( -1.000000000000000000, 0.000000000000000000, -0.000000000000000000 ) ) ;
#2941 = CARTESIAN_POINT ( 'NONE',  ( -0.05895570330960506894, 1.200999999999999401, -0.1560069433595828448 ) ) ;
#2942 = VECTOR ( 'NONE', #21, 1000.000000000000000 ) ;
#2943 = CARTESIAN_POINT ( 'NONE',  ( -1.599999999999999423, 0.000000000000000000, -0.2749999999999999667 ) ) ;
#2944 = EDGE_LOOP ( 'NONE', ( #527, #109, #1912, #4377 ) ) ;
#2945 = ORIENTED_EDGE ( 'NONE', *, *, #2456, .T. ) ;
#2946 = DIRECTION ( 'NONE',  ( 0.000000000000000000, -1.000000000000000000, -0.000000000000000000 ) ) ;
#2947 = CIRCLE ( 'NONE', #6753, 0.1000000000000001027 ) ;
#2948 = EDGE_CURVE ( 'NONE', #6765, #6686, #1218, .T. ) ;
#2949 = CARTESIAN_POINT ( 'NONE',  ( 1.500000000000000444, 0.2999999999999999889, 0.5000000000000003331 ) ) ;
#2950 = CARTESIAN_POINT ( 'NONE',  ( -0.02420182869166053602, 1.200000000000000178, 0.05466224965558783011 ) ) ;
#2951 = CARTESIAN_POINT ( 'NONE',  ( -0.007801955970669150267, 1.200000000000000178, 0.08696036152826282228 ) ) ;
#2952 = FILL_AREA_STYLE ('',( #2787 ) ) ;
#2953 = CARTESIAN_POINT ( 'NONE',  ( -0.4762422930294945012, 1.200000000000000178, -0.03157742392846793478 ) ) ;
#2954 = VECTOR ( 'NONE', #5269, 1000.000000000000000 ) ;
#2955 = ORIENTED_EDGE ( 'NONE', *, *, #1140, .F. ) ;
#2956 = B_SPLINE_CURVE_WITH_KNOTS ( 'NONE', 3,
 ( #5183, #1434, #7066, #3144, #707, #2691, #120, #6403, #80, #788 ),
 .UNSPECIFIED., .F., .F.,
 ( 4, 3, 3, 4 ),
 ( 0.000000000000000000, 7.496965975713152926E-06, 1.215340483770812975E-05, 1.414338050707107251E-05 ),
 .UNSPECIFIED. ) ;
#2957 = LINE ( 'NONE', #2217, #4718 ) ;
#2958 = CARTESIAN_POINT ( 'NONE',  ( 0.3634003539556817652, 1.201000000000000068, 0.08366764526557586568 ) ) ;
#2959 = CARTESIAN_POINT ( 'NONE',  ( -0.06249705106279294237, 1.200000000000000178, 0.06702366125426251209 ) ) ;
#2960 = CARTESIAN_POINT ( 'NONE',  ( -0.5999999999999997558, 0.2999999999999999889, -0.4999999999999995559 ) ) ;
#2961 = EDGE_CURVE ( 'NONE', #209, #7014, #7570, .T. ) ;
#2962 = ORIENTED_EDGE ( 'NONE', *, *, #483, .F. ) ;
#2963 = ORIENTED_EDGE ( 'NONE', *, *, #911, .T. ) ;
#2964 = EDGE_CURVE ( 'NONE', #2482, #969, #58, .T. ) ;
#2965 = AXIS2_PLACEMENT_3D ( 'NONE', #3759, #3220, #694 ) ;
#2966 = EDGE_LOOP ( 'NONE', ( #6773, #3511, #892, #5462, #1348, #5523, #1436, #5679, #4943, #7431, #3078, #3103 ) ) ;
#2967 = CARTESIAN_POINT ( 'NONE',  ( -0.02116231393831108365, 1.200000000000000178, -0.06769994855225296149 ) ) ;
#2968 = CLOSED_SHELL ( 'NONE', ( #1805, #2520, #6116, #7801, #2343, #1521, #424, #4437, #1548, #6458, #4828, #7367, #7838, #6937, #3952, #382, #6803, #2334, #3356, #7828, #1875, #8103, #3786, #2608, #7886, #4063, #6502, #4687, #255, #3158, #6440, #2386, #356, #4078, #5097, #4645, #4186, #448, #2002, #583, #420, #1970, #1057, #7086, #4747, #1828, #2049, #2568, #6455, #2843, #8056, #5150, #837, #827, #3026, #3784, #5266, #1930, #7284, #4946, #556, #6671, #7379, #2542, #1213, #1593, #3528, #7809, #7100, #7302, #3988, #2510, #5312, #4830, #1803, #1453, #4976, #4668, #2487 ) ) ;
#2969 = ORIENTED_EDGE ( 'NONE', *, *, #6897, .T. ) ;
#2970 = CARTESIAN_POINT ( 'NONE',  ( 0.02872661506851431623, 1.201000000000000068, -0.05694162888947846418 ) ) ;
#2971 =( NAMED_UNIT ( * ) PLANE_ANGLE_UNIT ( ) SI_UNIT ( $, .RADIAN. ) );
#2972 = ORIENTED_EDGE ( 'NONE', *, *, #7970, .T. ) ;
#2973 = SURFACE_STYLE_FILL_AREA ( #5514 ) ;
#2974 = AXIS2_PLACEMENT_3D ( 'NONE', #5283, #1049, #7322 ) ;
#2975 = VECTOR ( 'NONE', #7434, 1000.000000000000000 ) ;
#2976 = EDGE_LOOP ( 'NONE', ( #359, #6974, #5184, #3005 ) ) ;
#2977 =( GEOMETRIC_REPRESENTATION_CONTEXT ( 3 ) GLOBAL_UNCERTAINTY_ASSIGNED_CONTEXT ( ( #5576 ) ) GLOBAL_UNIT_ASSIGNED_CONTEXT ( ( #2227, #2086, #6503 ) ) REPRESENTATION_CONTEXT ( 'NONE', 'WORKASPACE' ) );
#2978 = CARTESIAN_POINT ( 'NONE',  ( 1.349999999999999201, 0.2999999999999999889, 1.149999999999999911 ) ) ;
#2979 = DIRECTION ( 'NONE',  ( -1.000000000000000000, 0.000000000000000000, 0.000000000000000000 ) ) ;
#2980 = FILL_AREA_STYLE ('',( #4987 ) ) ;
#2981 = FILL_AREA_STYLE ('',( #2484 ) ) ;
#2982 = ORIENTED_EDGE ( 'NONE', *, *, #7493, .F. ) ;
#2983 = CARTESIAN_POINT ( 'NONE',  ( 0.02252299695561876119, 1.200999999999999845, -0.08250351757933073460 ) ) ;
#2984 = PRESENTATION_STYLE_ASSIGNMENT (( #6212 ) ) ;
#2985 = DIRECTION ( 'NONE',  ( 0.000000000000000000, -1.000000000000000000, -0.000000000000000000 ) ) ;
#2986 = ORIENTED_EDGE ( 'NONE', *, *, #2670, .F. ) ;
#2987 = EDGE_CURVE ( 'NONE', #2344, #3834, #5666, .T. ) ;
#2988 = VERTEX_POINT ( 'NONE', #2469 ) ;
#2989 = DIRECTION ( 'NONE',  ( -0.000000000000000000, -0.000000000000000000, -1.000000000000000000 ) ) ;
#2990 = DIRECTION ( 'NONE',  ( 0.000000000000000000, 0.000000000000000000, 1.000000000000000000 ) ) ;
#2991 = CARTESIAN_POINT ( 'NONE',  ( -0.05477461140556289659, 1.200000000000000178, 0.01122788748646262255 ) ) ;
#2992 = CARTESIAN_POINT ( 'NONE',  ( -0.04483353209685313895, 1.200000000000000622, 0.07923233301358875713 ) ) ;
#2993 = LINE ( 'NONE', #7484, #2246 ) ;
#2994 = FACE_OUTER_BOUND ( 'NONE', #4685, .T. ) ;
#2995 = LINE ( 'NONE', #3707, #2830 ) ;
#2996 = ORIENTED_EDGE ( 'NONE', *, *, #5965, .T. ) ;
#2997 = EDGE_CURVE ( 'NONE', #5683, #1457, #6180, .T. ) ;
#2998 = VECTOR ( 'NONE', #5764, 1000.000000000000000 ) ;
#2999 = CARTESIAN_POINT ( 'NONE',  ( 1.500000000000000222, 0.8000000000000000444, 0.3749999999999996669 ) ) ;
#3000 = CARTESIAN_POINT ( 'NONE',  ( 0.03023396923561810085, 1.199999999999999956, -0.1143951195476921034 ) ) ;
#3001 = DIRECTION ( 'NONE',  ( -6.195440985631457289E-16, 0.000000000000000000, -1.000000000000000000 ) ) ;
#3002 = CARTESIAN_POINT ( 'NONE',  ( -1.350000000000000089, 0.8010000000000000453, -0.9999999999999985567 ) ) ;
#3003 = DIRECTION ( 'NONE',  ( 1.000000000000000000, -0.000000000000000000, -2.409338161078898687E-16 ) ) ;
#3004 = ORIENTED_EDGE ( 'NONE', *, *, #7970, .F. ) ;
#3005 = ORIENTED_EDGE ( 'NONE', *, *, #2194, .T. ) ;
#3006 = ORIENTED_EDGE ( 'NONE', *, *, #2073, .F. ) ;
#3007 = CARTESIAN_POINT ( 'NONE',  ( 1.500000000000000444, 0.000000000000000000, 1.000000000000001554 ) ) ;
#3008 = ORIENTED_EDGE ( 'NONE', *, *, #1744, .T. ) ;
#3009 = VECTOR ( 'NONE', #3704, 1000.000000000000000 ) ;
#3010 = PRESENTATION_LAYER_ASSIGNMENT (  '', '', ( #134 ) ) ;
#3011 = DIRECTION ( 'NONE',  ( 0.3055884099676580701, 0.000000000000000000, -0.9521637063517168764 ) ) ;
#3012 = CARTESIAN_POINT ( 'NONE',  ( 0.2377617871511735759, 1.199999999999999956, 0.03759220746460899959 ) ) ;
#3013 = ORIENTED_EDGE ( 'NONE', *, *, #1663, .T. ) ;
#3014 = CARTESIAN_POINT ( 'NONE',  ( -1.500999999999999890, 0.8000000000000000444, 0.3608932640203327269 ) ) ;
#3015 =( NAMED_UNIT ( * ) PLANE_ANGLE_UNIT ( ) SI_UNIT ( $, .RADIAN. ) );
#3016 = ORIENTED_EDGE ( 'NONE', *, *, #4375, .T. ) ;
#3017 = EDGE_LOOP ( 'NONE', ( #23, #4207, #4584, #4959, #3998 ) ) ;
#3018 = AXIS2_PLACEMENT_3D ( 'NONE', #5755, #6848, #5637 ) ;
#3019 = FACE_OUTER_BOUND ( 'NONE', #7658, .T. ) ;
#3020 = DIRECTION ( 'NONE',  ( 6.195440985631457289E-16, -0.000000000000000000, 1.000000000000000000 ) ) ;
#3021 = CARTESIAN_POINT ( 'NONE',  ( 1.600000000000000755, 0.000000000000000000, 1.250000000000001776 ) ) ;
#3022 = MECHANICAL_DESIGN_GEOMETRIC_PRESENTATION_REPRESENTATION (  '', ( #2887 ), #414 ) ;
#3023 = EDGE_CURVE ( 'NONE', #855, #3737, #4968, .T. ) ;
#3024 = EDGE_LOOP ( 'NONE', ( #6761, #2840, #1650, #4855 ) ) ;
#3025 = LINE ( 'NONE', #8053, #1577 ) ;
#3026 = ADVANCED_FACE ( 'NONE', ( #6794 ), #6299, .F. ) ;
#3027 = CARTESIAN_POINT ( 'NONE',  ( -0.009293968027199152326, 1.201000000000000068, -0.1731642232240074575 ) ) ;
#3028 = COLOUR_RGB ( '',1.000000000000000000, 0.8078431372549019773, 0.4980392156862745168 ) ;
#3029 = PLANE ( 'NONE',  #436 ) ;
#3030 = ORIENTED_EDGE ( 'NONE', *, *, #4171, .T. ) ;
#3031 = ORIENTED_EDGE ( 'NONE', *, *, #178, .F. ) ;
#3032 = FILL_AREA_STYLE ('',( #5484 ) ) ;
#3033 = VECTOR ( 'NONE', #3662, 1000.000000000000000 ) ;
#3034 = LINE ( 'NONE', #2374, #582 ) ;
#3035 = CARTESIAN_POINT ( 'NONE',  ( -0.006618636063766012226, 1.200000000000000178, 0.05732591516408013649 ) ) ;
#3036 = LINE ( 'NONE', #47, #3009 ) ;
#3037 = CARTESIAN_POINT ( 'NONE',  ( -0.03159995961056308311, 1.201000000000000068, 0.05132647828592287742 ) ) ;
#3038 = DIRECTION ( 'NONE',  ( 0.000000000000000000, 0.000000000000000000, -1.000000000000000000 ) ) ;
#3039 = COLOUR_RGB ( '',1.000000000000000000, 0.8078431372549019773, 0.4980392156862745168 ) ;
#3040 =( NAMED_UNIT ( * ) SI_UNIT ( $, .STERADIAN. ) SOLID_ANGLE_UNIT ( ) );
#3041 = AXIS2_PLACEMENT_3D ( 'NONE', #8112, #3091, #7537 ) ;
#3042 = ORIENTED_EDGE ( 'NONE', *, *, #508, .F. ) ;
#3043 = CARTESIAN_POINT ( 'NONE',  ( 1.500000000000000222, 0.8001980101614480922, 0.3730199008229079238 ) ) ;
#3044 = DIRECTION ( 'NONE',  ( 0.000000000000000000, -0.000000000000000000, 1.000000000000000000 ) ) ;
#3045 = CARTESIAN_POINT ( 'NONE',  ( 1.500000000000000444, 0.000000000000000000, 0.5000000000000003331 ) ) ;
#3046 = CARTESIAN_POINT ( 'NONE',  ( 0.1709307986633077092, 1.200000000000000178, -0.1731642232240074575 ) ) ;
#3047 = EDGE_CURVE ( 'NONE', #925, #7667, #3208, .T. ) ;
#3048 = CARTESIAN_POINT ( 'NONE',  ( -1.599999999999998979, 0.8000000000000000444, -1.249999999999997780 ) ) ;
#3049 = STYLED_ITEM ( 'NONE', ( #4215 ), #654 ) ;
#3050 = PRESENTATION_LAYER_ASSIGNMENT (  '', '', ( #5119 ) ) ;
#3051 = ORIENTED_EDGE ( 'NONE', *, *, #1917, .F. ) ;
#3052 = VERTEX_POINT ( 'NONE', #3714 ) ;
#3053 = FACE_OUTER_BOUND ( 'NONE', #3719, .T. ) ;
#3054 = ORIENTED_EDGE ( 'NONE', *, *, #564, .F. ) ;
#3055 = STYLED_ITEM ( 'NONE', ( #4784 ), #7125 ) ;
#3056 = EDGE_CURVE ( 'NONE', #7056, #7007, #4929, .T. ) ;
#3057 = CARTESIAN_POINT ( 'NONE',  ( 0.3271804750661250760, 1.200000000000000178, -0.1336516280717638394 ) ) ;
#3058 = CARTESIAN_POINT ( 'NONE',  ( 0.02576636020521533982, 1.201000000000000068, 0.08122803785758696271 ) ) ;
#3059 = DIRECTION ( 'NONE',  ( 0.000000000000000000, 0.000000000000000000, -1.000000000000000000 ) ) ;
#3060 = VERTEX_POINT ( 'NONE', #6342 ) ;
#3061 = CARTESIAN_POINT ( 'NONE',  ( 0.01923624489428338302, 1.199999999999999956, -0.03644407198033633444 ) ) ;
#3062 =( NAMED_UNIT ( * ) PLANE_ANGLE_UNIT ( ) SI_UNIT ( $, .RADIAN. ) );
#3063 = VECTOR ( 'NONE', #7424, 1000.000000000000000 ) ;
#3064 = EDGE_LOOP ( 'NONE', ( #8122, #4608, #5096, #6117 ) ) ;
#3065 = ORIENTED_EDGE ( 'NONE', *, *, #5957, .T. ) ;
#3066 = COLOUR_RGB ( '',1.000000000000000000, 0.8078431372549019773, 0.4980392156862745168 ) ;
#3067 = EDGE_CURVE ( 'NONE', #4772, #1183, #5089, .T. ) ;
#3068 = CARTESIAN_POINT ( 'NONE',  ( -1.500999999999956813, 0.8000000000000000444, -0.3608932640206372611 ) ) ;
#3069 = DIRECTION ( 'NONE',  ( -1.000000000000000000, 0.000000000000000000, 2.409338161078898687E-16 ) ) ;
#3070 = FACE_OUTER_BOUND ( 'NONE', #7704, .T. ) ;
#3071 = VECTOR ( 'NONE', #5703, 1000.000000000000000 ) ;
#3072 =( LENGTH_UNIT ( ) NAMED_UNIT ( * ) SI_UNIT ( .MILLI., .METRE. ) );
#3073 = VERTEX_POINT ( 'NONE', #6227 ) ;
#3074 = CARTESIAN_POINT ( 'NONE',  ( 0.0003085799162202997308, 1.201000000000000068, -0.06966411381468699815 ) ) ;
#3075 =( LENGTH_UNIT ( ) NAMED_UNIT ( * ) SI_UNIT ( .MILLI., .METRE. ) );
#3076 = EDGE_CURVE ( 'NONE', #322, #3460, #603, .T. ) ;
#3077 = CARTESIAN_POINT ( 'NONE',  ( 0.6000000000000000888, 0.000000000000000000, -1.149999999999999245 ) ) ;
#3078 = ORIENTED_EDGE ( 'NONE', *, *, #508, .T. ) ;
#3079 = EDGE_CURVE ( 'NONE', #7500, #3336, #5619, .T. ) ;
#3080 = DIRECTION ( 'NONE',  ( 1.000000000000000000, 0.000000000000000000, 0.000000000000000000 ) ) ;
#3081 = DIRECTION ( 'NONE',  ( 0.000000000000000000, 0.000000000000000000, 1.000000000000000000 ) ) ;
#3082 = CARTESIAN_POINT ( 'NONE',  ( -1.500999999999999890, 0.8000000000000000444, 1.250000000000002220 ) ) ;
#3083 = CARTESIAN_POINT ( 'NONE',  ( 0.2586508178489526633, 1.201000000000000068, 0.08366764526557586568 ) ) ;
#3084 = DIRECTION ( 'NONE',  ( 0.000000000000000000, -1.000000000000000000, 0.000000000000000000 ) ) ;
#3085 =( GEOMETRIC_REPRESENTATION_CONTEXT ( 3 ) GLOBAL_UNCERTAINTY_ASSIGNED_CONTEXT ( ( #4358 ) ) GLOBAL_UNIT_ASSIGNED_CONTEXT ( ( #4618, #5888, #7144 ) ) REPRESENTATION_CONTEXT ( 'NONE', 'WORKASPACE' ) );
#3086 = MECHANICAL_DESIGN_GEOMETRIC_PRESENTATION_REPRESENTATION (  '', ( #5276 ), #1761 ) ;
#3087 = PRESENTATION_STYLE_ASSIGNMENT (( #602 ) ) ;
#3088 = CARTESIAN_POINT ( 'NONE',  ( 1.500000000000000222, 0.000000000000000000, -1.000000000000001110 ) ) ;
#3089 = CARTESIAN_POINT ( 'NONE',  ( 0.03076409428962216877, 1.200000000000000400, -0.1106529703994414832 ) ) ;
#3090 = CARTESIAN_POINT ( 'NONE',  ( 1.450000000000000844, 0.2999999999999999889, 1.250000000000001776 ) ) ;
#3091 = DIRECTION ( 'NONE',  ( 0.000000000000000000, 1.000000000000000000, 0.000000000000000000 ) ) ;
#3092 = EDGE_LOOP ( 'NONE', ( #7459, #6079, #1184, #6665 ) ) ;
#3093 = FACE_OUTER_BOUND ( 'NONE', #5027, .T. ) ;
#3094 = ORIENTED_EDGE ( 'NONE', *, *, #5501, .F. ) ;
#3095 = AXIS2_PLACEMENT_3D ( 'NONE', #3485, #412, #2899 ) ;
#3096 = EDGE_CURVE ( 'NONE', #2454, #1628, #5814, .T. ) ;
#3097 = CARTESIAN_POINT ( 'NONE',  ( -0.04082227551478143091, 1.201000000000000068, 0.04359121852126097291 ) ) ;
#3098 = CARTESIAN_POINT ( 'NONE',  ( 0.03937184601362182096, 1.201000000000000068, -0.05367406346683209484 ) ) ;
#3099 = ORIENTED_EDGE ( 'NONE', *, *, #5107, .T. ) ;
#3100 = DIRECTION ( 'NONE',  ( 1.668003342285392290E-16, 0.000000000000000000, -1.000000000000000000 ) ) ;
#3101 = ORIENTED_EDGE ( 'NONE', *, *, #6118, .F. ) ;
#3102 = AXIS2_PLACEMENT_3D ( 'NONE', #6682, #4179, #5377 ) ;
#3103 = ORIENTED_EDGE ( 'NONE', *, *, #489, .T. ) ;
#3104 = EDGE_CURVE ( 'NONE', #4077, #202, #6421, .T. ) ;
#3105 = CARTESIAN_POINT ( 'NONE',  ( -1.599999999999999867, 0.8000000000000000444, 1.250000000000002220 ) ) ;
#3106 = DIRECTION ( 'NONE',  ( 0.000000000000000000, 0.000000000000000000, -1.000000000000000000 ) ) ;
#3107 = DIRECTION ( 'NONE',  ( 0.000000000000000000, -1.000000000000000000, 0.000000000000000000 ) ) ;
#3108 = LINE ( 'NONE', #4469, #7550 ) ;
#3109 = TOROIDAL_SURFACE ( 'NONE', #5590, 0.1509999999999999953, 0.001000000000000000021 ) ;
#3110 = ORIENTED_EDGE ( 'NONE', *, *, #4625, .T. ) ;
#3111 = SURFACE_STYLE_FILL_AREA ( #1242 ) ;
#3112 = DIRECTION ( 'NONE',  ( -0.7071067811865406894, 0.000000000000000000, 0.7071067811865544561 ) ) ;
#3113 = STYLED_ITEM ( 'NONE', ( #7875 ), #474 ) ;
#3114 = CARTESIAN_POINT ( 'NONE',  ( 0.01852901245663176114, 1.200000000000000844, 0.05164791034248505247 ) ) ;
#3115 = DIRECTION ( 'NONE',  ( -0.000000000000000000, -1.000000000000000000, -0.000000000000000000 ) ) ;
#3116 = PRESENTATION_STYLE_ASSIGNMENT (( #3154 ) ) ;
#3117 = CARTESIAN_POINT ( 'NONE',  ( -0.03489593081511018630, 1.200000000000000178, 0.04909721771220977582 ) ) ;
#3118 = DIRECTION ( 'NONE',  ( -0.000000000000000000, -1.000000000000000000, -0.000000000000000000 ) ) ;
#3119 = ADVANCED_FACE ( 'NONE', ( #5864 ), #3911, .T. ) ;
#3120 = LINE ( 'NONE', #6, #3962 ) ;
#3121 = DIRECTION ( 'NONE',  ( 0.000000000000000000, 0.000000000000000000, 1.000000000000000000 ) ) ;
#3122 = CARTESIAN_POINT ( 'NONE',  ( 0.4523036930482297602, 1.201000000000000068, 0.08366764526557586568 ) ) ;
#3123 = VECTOR ( 'NONE', #7368, 1000.000000000000000 ) ;
#3124 = CARTESIAN_POINT ( 'NONE',  ( 0.1709307986633077092, 1.201000000000000068, -0.1731642232240074575 ) ) ;
#3125 = FACE_OUTER_BOUND ( 'NONE', #590, .T. ) ;
#3126 = PRESENTATION_STYLE_ASSIGNMENT (( #6915 ) ) ;
#3127 = EDGE_CURVE ( 'NONE', #2133, #5784, #3993, .T. ) ;
#3128 = DIRECTION ( 'NONE',  ( 0.000000000000000000, 0.000000000000000000, 1.000000000000000000 ) ) ;
#3129 = CARTESIAN_POINT ( 'NONE',  ( 0.2320135102615615841, 1.201000000000000290, 0.01875242511492107925 ) ) ;
#3130 = CARTESIAN_POINT ( 'NONE',  ( -1.449999999999999956, 0.000000000000000000, 1.250000000000002220 ) ) ;
#3131 = ORIENTED_EDGE ( 'NONE', *, *, #2900, .F. ) ;
#3132 = CARTESIAN_POINT ( 'NONE',  ( 1.600000000000000089, 0.000000000000000000, 0.2749999999999998557 ) ) ;
#3133 = VERTEX_POINT ( 'NONE', #3871 ) ;
#3134 = CARTESIAN_POINT ( 'NONE',  ( -0.05012590884956193149, 1.200000000000000400, 0.02760938397437965458 ) ) ;
#3135 = CARTESIAN_POINT ( 'NONE',  ( 0.06413495862284951388, 1.200000000000000178, -0.03510315066429803982 ) ) ;
#3136 = EDGE_LOOP ( 'NONE', ( #6664, #5203, #4729, #6843 ) ) ;
#3137 = LINE ( 'NONE', #3644, #334 ) ;
#3138 =( NAMED_UNIT ( * ) PLANE_ANGLE_UNIT ( ) SI_UNIT ( $, .RADIAN. ) );
#3139 = VERTEX_POINT ( 'NONE', #3947 ) ;
#3140 = ORIENTED_EDGE ( 'NONE', *, *, #4410, .F. ) ;
#3141 = CARTESIAN_POINT ( 'NONE',  ( -0.01731996391749868192, 1.200000000000000400, -0.06743716197679318347 ) ) ;
#3142 = DIRECTION ( 'NONE',  ( 0.000000000000000000, -1.000000000000000000, 0.000000000000000000 ) ) ;
#3143 = LINE ( 'NONE', #1997, #7094 ) ;
#3144 = CARTESIAN_POINT ( 'NONE',  ( -1.500000000000000000, 0.8006270552791736606, -0.3816190520202424330 ) ) ;
#3145 = CARTESIAN_POINT ( 'NONE',  ( -0.4762422930294945012, 1.201000000000000068, -0.03157742392846793478 ) ) ;
#3146 = ORIENTED_EDGE ( 'NONE', *, *, #3067, .F. ) ;
#3147 = CARTESIAN_POINT ( 'NONE',  ( 0.02998021986333426411, 1.201000000000000068, -0.09749136798716036278 ) ) ;
#3148 = EDGE_CURVE ( 'NONE', #6174, #5213, #224, .T. ) ;
#3149 = STYLED_ITEM ( 'NONE', ( #4026 ), #3312 ) ;
#3150 = MECHANICAL_DESIGN_GEOMETRIC_PRESENTATION_REPRESENTATION (  '', ( #5632 ), #6185 ) ;
#3151 = SURFACE_STYLE_USAGE ( .BOTH. , #4996 ) ;
#3152 = CARTESIAN_POINT ( 'NONE',  ( 0.03866644756135717564, 1.201000000000000512, 0.03060355975375017232 ) ) ;
#3153 = CARTESIAN_POINT ( 'NONE',  ( 1.599999999999999867, 0.8000000000000000444, -1.249999999999998224 ) ) ;
#3154 = SURFACE_STYLE_USAGE ( .BOTH. , #45 ) ;
#3155 = CARTESIAN_POINT ( 'NONE',  ( -0.07831490811569494226, 1.200000000000000178, -0.1288336409919699221 ) ) ;
#3156 =( NAMED_UNIT ( * ) SI_UNIT ( $, .STERADIAN. ) SOLID_ANGLE_UNIT ( ) );
#3157 = CARTESIAN_POINT ( 'NONE',  ( -0.05012590884956193149, 1.201000000000000068, 0.02760938397437965458 ) ) ;
#3158 = ADVANCED_FACE ( 'NONE', ( #5201 ), #2131, .T. ) ;
#3159 = DIRECTION ( 'NONE',  ( 0.000000000000000000, 0.000000000000000000, 1.000000000000000000 ) ) ;
#3160 = ADVANCED_FACE ( 'NONE', ( #5445 ), #7441, .T. ) ;
#3161 = LINE ( 'NONE', #679, #1225 ) ;
#3162 = PRESENTATION_LAYER_ASSIGNMENT (  '', '', ( #7235 ) ) ;
#3163 = STYLED_ITEM ( 'NONE', ( #4285 ), #5699 ) ;
#3164 = UNCERTAINTY_MEASURE_WITH_UNIT (LENGTH_MEASURE( 1.000000000000000082E-05 ), #5986, 'distance_accuracy_value', 'NONE');
#3165 = SURFACE_STYLE_USAGE ( .BOTH. , #1298 ) ;
#3166 = CARTESIAN_POINT ( 'NONE',  ( 0.2586508178489526633, 1.201000000000000068, 0.08366764526557586568 ) ) ;
#3167 = VERTEX_POINT ( 'NONE', #344 ) ;
#3168 = CYLINDRICAL_SURFACE ( 'NONE', #784, 0.1499999999999999667 ) ;
#3169 = B_SPLINE_CURVE_WITH_KNOTS ( 'NONE', 3,
 ( #4048, #7058, #2034, #3347, #5880, #5921, #4649, #7135, #935, #320, #7174, #2721, #6438, #2800, #5179, #7207, #4684, #5294, #2105 ),
 .UNSPECIFIED., .F., .F.,
 ( 4, 1, 1, 1, 1, 1, 1, 1, 1, 1, 1, 1, 1, 1, 1, 1, 4 ),
 ( 0.000000000000000000, 0.06350344145461801759, 0.1248046405781819135, 0.1849202801139814001, 0.2443762015685234934, 0.3037746372808737272, 0.3641325964146209238, 0.4253755063553633642, 0.4883879977208412937, 0.5517433281320240912, 0.6138598322814834418, 0.6756404471380682564, 0.7377369491926123457, 0.8004171140764982928, 0.8646584058363331327, 0.9309845230655547921, 1.000000000000000000 ),
 .UNSPECIFIED. ) ;
#3170 = LINE ( 'NONE', #6265, #6132 ) ;
#3171 = FACE_OUTER_BOUND ( 'NONE', #3631, .T. ) ;
#3172 = ORIENTED_EDGE ( 'NONE', *, *, #6799, .T. ) ;
#3173 = ADVANCED_FACE ( 'NONE', ( #419 ), #1687, .T. ) ;
#3174 = CARTESIAN_POINT ( 'NONE',  ( 0.4543616407124090317, 1.201000000000000068, -0.1731642232240074575 ) ) ;
#3175 = ORIENTED_EDGE ( 'NONE', *, *, #6480, .F. ) ;
#3176 = EDGE_CURVE ( 'NONE', #322, #2153, #2424, .T. ) ;
#3177 = CARTESIAN_POINT ( 'NONE',  ( -0.04589797309975071626, 1.200000000000000178, 0.03645552651064323108 ) ) ;
#3178 = CARTESIAN_POINT ( 'NONE',  ( 0.2525284235480190764, 1.201000000000000068, 0.003973621970230402194 ) ) ;
#3179 = ORIENTED_EDGE ( 'NONE', *, *, #3671, .F. ) ;
#3180 = DIRECTION ( 'NONE',  ( -0.7071067811865474617, 0.000000000000000000, 0.7071067811865474617 ) ) ;
#3181 = LINE ( 'NONE', #4945, #6329 ) ;
#3182 = VECTOR ( 'NONE', #2859, 1000.000000000000000 ) ;
#3183 = ORIENTED_EDGE ( 'NONE', *, *, #6418, .T. ) ;
#3184 = ORIENTED_EDGE ( 'NONE', *, *, #8132, .F. ) ;
#3185 = DIRECTION ( 'NONE',  ( 0.000000000000000000, 0.000000000000000000, 1.000000000000000000 ) ) ;
#3186 = CARTESIAN_POINT ( 'NONE',  ( -0.04208598807773997891, 1.200000000000000178, -0.1281104162194585117 ) ) ;
#3187 = CYLINDRICAL_SURFACE ( 'NONE', #5111, 0.1499999999999999667 ) ;
#3188 = PLANE ( 'NONE',  #6749 ) ;
#3189 = MECHANICAL_DESIGN_GEOMETRIC_PRESENTATION_REPRESENTATION (  '', ( #4383 ), #6607 ) ;
#3190 = DIRECTION ( 'NONE',  ( -0.000000000000000000, -1.000000000000000000, -0.000000000000000000 ) ) ;
#3191 = VERTEX_POINT ( 'NONE', #1850 ) ;
#3192 = DIRECTION ( 'NONE',  ( 0.000000000000000000, 1.000000000000000000, 0.000000000000000000 ) ) ;
#3193 = MECHANICAL_DESIGN_GEOMETRIC_PRESENTATION_REPRESENTATION (  '', ( #451 ), #4248 ) ;
#3194 = VECTOR ( 'NONE', #749, 1000.000000000000000 ) ;
#3195 = LINE ( 'NONE', #2533, #181 ) ;
#3196 = CARTESIAN_POINT ( 'NONE',  ( 0.04320614403361354439, 1.201000000000000068, 0.01654837404462890238 ) ) ;
#3197 = CYLINDRICAL_SURFACE ( 'NONE', #6829, 0.1499999999999999667 ) ;
#3198 = EDGE_CURVE ( 'NONE', #536, #8082, #8102, .T. ) ;
#3199 = SURFACE_STYLE_FILL_AREA ( #2047 ) ;
#3200 = LINE ( 'NONE', #5695, #4931 ) ;
#3201 =( NAMED_UNIT ( * ) PLANE_ANGLE_UNIT ( ) SI_UNIT ( $, .RADIAN. ) );
#3202 = DIRECTION ( 'NONE',  ( 0.000000000000000000, 0.000000000000000000, 1.000000000000000000 ) ) ;
#3203 = VECTOR ( 'NONE', #6684, 1000.000000000000114 ) ;
#3204 = CARTESIAN_POINT ( 'NONE',  ( 0.02322272850602060540, 1.200000000000000400, -0.03409596107001270499 ) ) ;
#3205 = EDGE_CURVE ( 'NONE', #925, #70, #3036, .T. ) ;
#3206 = DIRECTION ( 'NONE',  ( -0.000000000000000000, 0.000000000000000000, 1.000000000000000000 ) ) ;
#3207 = FILL_AREA_STYLE ('',( #97 ) ) ;
#3208 = LINE ( 'NONE', #3166, #4761 ) ;
#3209 = DIRECTION ( 'NONE',  ( 0.000000000000000000, -1.000000000000000000, -0.000000000000000000 ) ) ;
#3210 = EDGE_LOOP ( 'NONE', ( #5537, #4716, #904, #6544 ) ) ;
#3211 = DIRECTION ( 'NONE',  ( 0.000000000000000000, 0.000000000000000000, 1.000000000000000000 ) ) ;
#3212 = CARTESIAN_POINT ( 'NONE',  ( -1.599999999999998979, 0.8000000000000000444, -1.249999999999997780 ) ) ;
#3213 = FACE_OUTER_BOUND ( 'NONE', #7292, .T. ) ;
#3214 = STYLED_ITEM ( 'NONE', ( #3921 ), #1306 ) ;
#3215 = EDGE_LOOP ( 'NONE', ( #4534, #2191, #1387, #893 ) ) ;
#3216 = FACE_OUTER_BOUND ( 'NONE', #3348, .T. ) ;
#3217 = ORIENTED_EDGE ( 'NONE', *, *, #5735, .F. ) ;
#3218 = CIRCLE ( 'NONE', #7164, 0.1499999999999999667 ) ;
#3219 = CYLINDRICAL_SURFACE ( 'NONE', #78, 0.0009999999999999158867 ) ;
#3220 = DIRECTION ( 'NONE',  ( -0.000000000000000000, -1.000000000000000000, -0.000000000000000000 ) ) ;
#3221 = ORIENTED_EDGE ( 'NONE', *, *, #5216, .F. ) ;
#3222 = LINE ( 'NONE', #6483, #2161 ) ;
#3223 = PLANE ( 'NONE',  #7775 ) ;
#3224 = EDGE_CURVE ( 'NONE', #545, #3764, #1770, .T. ) ;
#3225 = VERTEX_POINT ( 'NONE', #4359 ) ;
#3226 = VERTEX_POINT ( 'NONE', #2463 ) ;
#3227 = AXIS2_PLACEMENT_3D ( 'NONE', #144, #930, #2064 ) ;
#3228 = DIRECTION ( 'NONE',  ( 0.000000000000000000, 0.000000000000000000, -1.000000000000000000 ) ) ;
#3229 = CARTESIAN_POINT ( 'NONE',  ( -0.05063300485966915065, 1.200000000000000178, -0.1087345661029300720 ) ) ;
#3230 = DIRECTION ( 'NONE',  ( 0.000000000000000000, -1.000000000000000000, 0.000000000000000000 ) ) ;
#3231 = PLANE ( 'NONE',  #7666 ) ;
#3232 = CARTESIAN_POINT ( 'NONE',  ( -1.599999999999999645, 0.8000000000000000444, 0.2749999999999999112 ) ) ;
#3233 = UNCERTAINTY_MEASURE_WITH_UNIT (LENGTH_MEASURE( 1.000000000000000082E-05 ), #834, 'distance_accuracy_value', 'NONE');
#3234 = ORIENTED_EDGE ( 'NONE', *, *, #1331, .F. ) ;
#3235 = CARTESIAN_POINT ( 'NONE',  ( 0.4523036930482297602, 1.200000000000000178, 0.08366764526557586568 ) ) ;
#3236 = AXIS2_PLACEMENT_3D ( 'NONE', #7340, #7257, #2231 ) ;
#3237 =( NAMED_UNIT ( * ) PLANE_ANGLE_UNIT ( ) SI_UNIT ( $, .RADIAN. ) );
#3238 = CARTESIAN_POINT ( 'NONE',  ( 0.004239216014881127224, 1.201000000000000734, 0.05646481910100813184 ) ) ;
#3239 = DIRECTION ( 'NONE',  ( -1.000000000000000000, 0.000000000000000000, 1.734723475976807094E-16 ) ) ;
#3240 = MECHANICAL_DESIGN_GEOMETRIC_PRESENTATION_REPRESENTATION (  '', ( #4936 ), #3902 ) ;
#3241 = CARTESIAN_POINT ( 'NONE',  ( 0.06343388563188318008, 1.201000000000000068, -0.09994501115145226766 ) ) ;
#3242 = DIRECTION ( 'NONE',  ( 1.000000000000000000, 0.000000000000000000, 0.000000000000000000 ) ) ;
#3243 = SURFACE_STYLE_USAGE ( .BOTH. , #1964 ) ;
#3244 = PLANE ( 'NONE',  #6986 ) ;
#3245 = CARTESIAN_POINT ( 'NONE',  ( 0.01923624489428338302, 1.200999999999999845, -0.03644407198033633444 ) ) ;
#3246 = STYLED_ITEM ( 'NONE', ( #7089 ), #5553 ) ;
#3247 = EDGE_CURVE ( 'NONE', #3913, #143, #636, .T. ) ;
#3248 = CARTESIAN_POINT ( 'NONE',  ( -0.8999999999999995781, 0.2999999999999999889, 0.5000000000000006661 ) ) ;
#3249 = UNCERTAINTY_MEASURE_WITH_UNIT (LENGTH_MEASURE( 1.000000000000000082E-05 ), #5950, 'distance_accuracy_value', 'NONE');
#3250 = CARTESIAN_POINT ( 'NONE',  ( -0.5999999999999997558, 0.000000000000000000, 0.8000000000000005995 ) ) ;
#3251 = CARTESIAN_POINT ( 'NONE',  ( 0.4543616407124090317, 1.201000000000000068, -0.1731642232240074575 ) ) ;
#3252 = VERTEX_POINT ( 'NONE', #719 ) ;
#3253 = PLANE ( 'NONE',  #6269 ) ;
#3254 = SURFACE_SIDE_STYLE ('',( #140 ) ) ;
#3255 = EDGE_CURVE ( 'NONE', #3729, #1943, #5488, .T. ) ;
#3256 = EDGE_CURVE ( 'NONE', #7684, #3263, #5615, .T. ) ;
#3257 = ORIENTED_EDGE ( 'NONE', *, *, #1968, .F. ) ;
#3258 =( GEOMETRIC_REPRESENTATION_CONTEXT ( 3 ) GLOBAL_UNCERTAINTY_ASSIGNED_CONTEXT ( ( #7116 ) ) GLOBAL_UNIT_ASSIGNED_CONTEXT ( ( #6532, #7728, #3937 ) ) REPRESENTATION_CONTEXT ( 'NONE', 'WORKASPACE' ) );
#3259 = FACE_OUTER_BOUND ( 'NONE', #2397, .T. ) ;
#3260 = ORIENTED_EDGE ( 'NONE', *, *, #5937, .T. ) ;
#3261 = DIRECTION ( 'NONE',  ( 0.7071067811865474617, -0.000000000000000000, -0.7071067811865474617 ) ) ;
#3262 = CARTESIAN_POINT ( 'NONE',  ( -1.599999999999999867, 0.8000000000000000444, 1.250000000000002220 ) ) ;
#3263 = VERTEX_POINT ( 'NONE', #4962 ) ;
#3264 =( LENGTH_UNIT ( ) NAMED_UNIT ( * ) SI_UNIT ( .MILLI., .METRE. ) );
#3265 = EDGE_CURVE ( 'NONE', #4856, #4804, #553, .T. ) ;
#3266 = ORIENTED_EDGE ( 'NONE', *, *, #4601, .F. ) ;
#3267 = ORIENTED_EDGE ( 'NONE', *, *, #4417, .T. ) ;
#3268 = LINE ( 'NONE', #4504, #587 ) ;
#3269 = CARTESIAN_POINT ( 'NONE',  ( -0.04430353207501544488, 1.199999999999999956, -0.1248503367620449750 ) ) ;
#3270 = LINE ( 'NONE', #1394, #4068 ) ;
#3271 = FACE_OUTER_BOUND ( 'NONE', #6201, .T. ) ;
#3272 =( NAMED_UNIT ( * ) SI_UNIT ( $, .STERADIAN. ) SOLID_ANGLE_UNIT ( ) );
#3273 = VERTEX_POINT ( 'NONE', #4883 ) ;
#3274 = DIRECTION ( 'NONE',  ( 0.000000000000000000, 0.000000000000000000, -1.000000000000000000 ) ) ;
#3275 =( GEOMETRIC_REPRESENTATION_CONTEXT ( 3 ) GLOBAL_UNCERTAINTY_ASSIGNED_CONTEXT ( ( #5505 ) ) GLOBAL_UNIT_ASSIGNED_CONTEXT ( ( #8050, #1839, #1758 ) ) REPRESENTATION_CONTEXT ( 'NONE', 'WORKASPACE' ) );
#3276 = DIRECTION ( 'NONE',  ( 0.000000000000000000, 0.000000000000000000, -1.000000000000000000 ) ) ;
#3277 = CARTESIAN_POINT ( 'NONE',  ( 0.01852901245663176114, 1.201000000000000290, 0.05164791034248505247 ) ) ;
#3278 = EDGE_CURVE ( 'NONE', #4189, #6449, #6871, .T. ) ;
#3279 = CARTESIAN_POINT ( 'NONE',  ( 1.599999999999999867, 0.8000000000000000444, -1.249999999999998224 ) ) ;
#3280 = SURFACE_STYLE_USAGE ( .BOTH. , #2612 ) ;
#3281 = ADVANCED_FACE ( 'NONE', ( #3745 ), #1174, .T. ) ;
#3282 = CARTESIAN_POINT ( 'NONE',  ( 1.500000000000000222, 0.8003509938833351933, -0.3714745371611189451 ) ) ;
#3283 = MANIFOLD_SOLID_BREP ( 'Boss-Extrude4[4]', #5850 ) ;
#3284 = LINE ( 'NONE', #1444, #6056 ) ;
#3285 = CARTESIAN_POINT ( 'NONE',  ( 0.03646546018470422923, 1.201000000000000068, -0.02099276114133308280 ) ) ;
#3286 = DIRECTION ( 'NONE',  ( 0.000000000000000000, 0.000000000000000000, 1.000000000000000000 ) ) ;
#3287 = DIRECTION ( 'NONE',  ( 0.000000000000000000, 0.000000000000000000, 1.000000000000000000 ) ) ;
#3288 = CARTESIAN_POINT ( 'NONE',  ( 1.500000000000000222, 0.8005663796883346617, -0.3807777774300737939 ) ) ;
#3289 = FACE_OUTER_BOUND ( 'NONE', #3136, .T. ) ;
#3290 = ORIENTED_EDGE ( 'NONE', *, *, #1755, .F. ) ;
#3291 = PLANE ( 'NONE',  #3916 ) ;
#3292 = CARTESIAN_POINT ( 'NONE',  ( -1.450000000000000178, 0.2999999999999999889, -1.250000000000000888 ) ) ;
#3293 = UNCERTAINTY_MEASURE_WITH_UNIT (LENGTH_MEASURE( 1.000000000000000082E-05 ), #2355, 'distance_accuracy_value', 'NONE');
#3294 = ORIENTED_EDGE ( 'NONE', *, *, #7556, .F. ) ;
#3295 = STYLED_ITEM ( 'NONE', ( #5977 ), #1970 ) ;
#3296 = PRESENTATION_LAYER_ASSIGNMENT (  '', '', ( #3163 ) ) ;
#3297 = CARTESIAN_POINT ( 'NONE',  ( 1.599999999999999867, 0.000000000000000000, -1.249999999999998224 ) ) ;
#3298 = ORIENTED_EDGE ( 'NONE', *, *, #6292, .T. ) ;
#3299 = LINE ( 'NONE', #4496, #8096 ) ;
#3300 = MECHANICAL_DESIGN_GEOMETRIC_PRESENTATION_REPRESENTATION (  '', ( #6208 ), #4871 ) ;
#3301 = EDGE_CURVE ( 'NONE', #4991, #611, #1812, .T. ) ;
#3302 = CARTESIAN_POINT ( 'NONE',  ( 0.07682230931435413135, 1.201000000000000068, 0.0003746452085303843683 ) ) ;
#3303 = AXIS2_PLACEMENT_3D ( 'NONE', #7234, #1603, #1851 ) ;
#3304 = EDGE_LOOP ( 'NONE', ( #3260, #2522, #2140, #1865, #4947, #6720, #7095, #1414 ) ) ;
#3305 = DIRECTION ( 'NONE',  ( 0.000000000000000000, -1.000000000000000000, 0.000000000000000000 ) ) ;
#3306 = CARTESIAN_POINT ( 'NONE',  ( -1.599999999999999867, 0.2999999999999999889, 1.250000000000002220 ) ) ;
#3307 = MECHANICAL_DESIGN_GEOMETRIC_PRESENTATION_REPRESENTATION (  '', ( #5901 ), #5526 ) ;
#3308 = ORIENTED_EDGE ( 'NONE', *, *, #5981, .F. ) ;
#3309 = ORIENTED_EDGE ( 'NONE', *, *, #6353, .F. ) ;
#3310 = AXIS2_PLACEMENT_3D ( 'NONE', #2730, #4056, #5224 ) ;
#3311 = CARTESIAN_POINT ( 'NONE',  ( 1.500000000000000444, 0.8000000000000000444, -0.3750000000000000000 ) ) ;
#3312 = ADVANCED_FACE ( 'NONE', ( #1365 ), #256, .F. ) ;
#3313 =( LENGTH_UNIT ( ) NAMED_UNIT ( * ) SI_UNIT ( .MILLI., .METRE. ) );
#3314 = AXIS2_PLACEMENT_3D ( 'NONE', #1557, #4152, #4069 ) ;
#3315 =( LENGTH_UNIT ( ) NAMED_UNIT ( * ) SI_UNIT ( .MILLI., .METRE. ) );
#3316 = SURFACE_SIDE_STYLE ('',( #7761 ) ) ;
#3317 = ORIENTED_EDGE ( 'NONE', *, *, #4902, .T. ) ;
#3318 = SURFACE_STYLE_FILL_AREA ( #869 ) ;
#3319 = CARTESIAN_POINT ( 'NONE',  ( 0.07689643080899724592, 1.201000000000000068, 0.004366363806560216027 ) ) ;
#3320 = CIRCLE ( 'NONE', #7922, 0.1000000000000001027 ) ;
#3321 = LINE ( 'NONE', #4663, #3767 ) ;
#3322 = DIRECTION ( 'NONE',  ( 0.000000000000000000, 0.000000000000000000, 1.000000000000000000 ) ) ;
#3323 = CARTESIAN_POINT ( 'NONE',  ( 0.06376317405116789516, 1.201000000000000068, -0.1078758335779174682 ) ) ;
#3324 = CARTESIAN_POINT ( 'NONE',  ( 1.500000000000000222, 0.8008334448248788373, 0.3841095033187081897 ) ) ;
#3325 = CARTESIAN_POINT ( 'NONE',  ( 0.005858284295576251036, 1.201000000000000068, -0.04092653308088153169 ) ) ;
#3326 = EDGE_CURVE ( 'NONE', #6389, #6783, #6818, .T. ) ;
#3327 = AXIS2_PLACEMENT_3D ( 'NONE', #7992, #5971, #1106 ) ;
#3328 = PRESENTATION_LAYER_ASSIGNMENT (  '', '', ( #4386 ) ) ;
#3329 = DIRECTION ( 'NONE',  ( 0.000000000000000000, 0.000000000000000000, -1.000000000000000000 ) ) ;
#3330 = DIRECTION ( 'NONE',  ( 1.000000000000000000, 0.000000000000000000, 0.000000000000000000 ) ) ;
#3331 = CARTESIAN_POINT ( 'NONE',  ( 1.500000000000000222, 0.8003859271142341747, -0.3788784385012203826 ) ) ;
#3332 = ORIENTED_EDGE ( 'NONE', *, *, #6908, .F. ) ;
#3333 = LINE ( 'NONE', #926, #7329 ) ;
#3334 = CARTESIAN_POINT ( 'NONE',  ( -1.349999999999998312, 0.2999999999999999889, 1.150000000000000355 ) ) ;
#3335 = MANIFOLD_SOLID_BREP ( 'Boss-Extrude7', #2704 ) ;
#3336 = VERTEX_POINT ( 'NONE', #6992 ) ;
#3337 =( GEOMETRIC_REPRESENTATION_CONTEXT ( 3 ) GLOBAL_UNCERTAINTY_ASSIGNED_CONTEXT ( ( #2849 ) ) GLOBAL_UNIT_ASSIGNED_CONTEXT ( ( #1558, #7898, #1045 ) ) REPRESENTATION_CONTEXT ( 'NONE', 'WORKASPACE' ) );
#3338 = SURFACE_STYLE_USAGE ( .BOTH. , #848 ) ;
#3339 = COLOUR_RGB ( '',1.000000000000000000, 0.8078431372549019773, 0.4980392156862745168 ) ;
#3340 = ORIENTED_EDGE ( 'NONE', *, *, #885, .T. ) ;
#3341 = CARTESIAN_POINT ( 'NONE',  ( -0.04626566017255619168, 1.199999999999999956, -0.1212835305697368277 ) ) ;
#3342 = CARTESIAN_POINT ( 'NONE',  ( 0.02322272850602060540, 1.201000000000000290, -0.03409596107001270499 ) ) ;
#3343 = DIRECTION ( 'NONE',  ( -1.000000000000000000, 0.000000000000000000, 0.000000000000000000 ) ) ;
#3344 = DIRECTION ( 'NONE',  ( -0.7071067811865476838, 0.000000000000000000, 0.7071067811865474617 ) ) ;
#3345 = VECTOR ( 'NONE', #1568, 1000.000000000000000 ) ;
#3346 = EDGE_LOOP ( 'NONE', ( #5264, #362, #1337, #1682, #492, #1989, #7714, #6813 ) ) ;
#3347 = CARTESIAN_POINT ( 'NONE',  ( 0.07558059995178567636, 1.200000000000000622, 0.02257415707616650113 ) ) ;
#3348 = EDGE_LOOP ( 'NONE', ( #3955, #8032, #6752, #733, #6619, #2149, #1104 ) ) ;
#3349 = ORIENTED_EDGE ( 'NONE', *, *, #4455, .T. ) ;
#3350 = EDGE_CURVE ( 'NONE', #3795, #4544, #218, .T. ) ;
#3351 =( NAMED_UNIT ( * ) SI_UNIT ( $, .STERADIAN. ) SOLID_ANGLE_UNIT ( ) );
#3352 = FACE_OUTER_BOUND ( 'NONE', #524, .T. ) ;
#3353 = FILL_AREA_STYLE_COLOUR ( '', #2037 ) ;
#3354 = ORIENTED_EDGE ( 'NONE', *, *, #2633, .F. ) ;
#3355 = CARTESIAN_POINT ( 'NONE',  ( 0.6000000000000004219, 0.2999999999999999889, 1.150000000000000133 ) ) ;
#3356 = ADVANCED_FACE ( 'NONE', ( #131 ), #5230, .F. ) ;
#3357 = DIRECTION ( 'NONE',  ( 2.168404344971006501E-15, 0.000000000000000000, 1.000000000000000000 ) ) ;
#3358 = CARTESIAN_POINT ( 'NONE',  ( 0.6000000000000001998, 0.2999999999999999889, -0.4999999999999996669 ) ) ;
#3359 = CARTESIAN_POINT ( 'NONE',  ( -0.01429175535601883915, 1.200000000000000622, -0.06755277781244188595 ) ) ;
#3360 = CARTESIAN_POINT ( 'NONE',  ( 0.02872661506851431623, 1.200000000000000178, -0.05694162888947846418 ) ) ;
#3361 =( NAMED_UNIT ( * ) PLANE_ANGLE_UNIT ( ) SI_UNIT ( $, .RADIAN. ) );
#3362 = FILL_AREA_STYLE_COLOUR ( '', #5518 ) ;
#3363 = CARTESIAN_POINT ( 'NONE',  ( 0.0009268468666852118206, 1.201000000000000068, -0.04154729640095634197 ) ) ;
#3364 = MECHANICAL_DESIGN_GEOMETRIC_PRESENTATION_REPRESENTATION (  '', ( #2303 ), #7845 ) ;
#3365 = CLOSED_SHELL ( 'NONE', ( #2802, #5685, #6187, #7345, #2467, #1381, #760, #4354, #7896, #2399, #2295, #7432 ) ) ;
#3366 = CARTESIAN_POINT ( 'NONE',  ( -1.500000000000000000, 1.050000000000000044, -0.9999999999999985567 ) ) ;
#3367 = LINE ( 'NONE', #1525, #299 ) ;
#3368 = EDGE_CURVE ( 'NONE', #4335, #7762, #3545, .T. ) ;
#3369 = CARTESIAN_POINT ( 'NONE',  ( -1.599999999999999867, 0.000000000000000000, 1.250000000000002220 ) ) ;
#3370 = B_SPLINE_SURFACE_WITH_KNOTS ( 'NONE', 3, 1, ( 
 ( #79, #7511 ),
 ( #8125, #4986 ),
 ( #1880, #4388 ),
 ( #7470, #6896 ),
 ( #1393, #1276 ),
 ( #1916, #2525 ),
 ( #705, #3769 ),
 ( #3892, #3186 ),
 ( #5072, #3269 ),
 ( #6936, #7591 ),
 ( #1316, #6401 ),
 ( #3806, #1953 ),
 ( #4465, #3229 ),
 ( #2110, #5220 ),
 ( #7722, #6523 ) ),
 .UNSPECIFIED., .F., .F., .F.,
 ( 4, 1, 1, 1, 1, 1, 1, 1, 1, 1, 1, 1, 4 ),
 ( 2, 2 ),
 ( 0.000000000000000000, 0.1277971582348373103, 0.2467952527166548948, 0.3622843155839154394, 0.4776524647273058810, 0.5362368417287129985, 0.5955904355162847663, 0.6563437591396387161, 0.7190851405078753089, 0.7843491651281218058, 0.8528755346365584078, 0.9245512555167001434, 1.000000000000000000 ),
 ( 0.000000000000000000, 1.000000000000000000 ),
 .UNSPECIFIED. ) ;
#3371 = DIRECTION ( 'NONE',  ( 0.000000000000000000, 1.000000000000000000, 0.000000000000000000 ) ) ;
#3372 = VERTEX_POINT ( 'NONE', #2898 ) ;
#3373 = SURFACE_SIDE_STYLE ('',( #3996 ) ) ;
#3374 = PRESENTATION_LAYER_ASSIGNMENT (  '', '', ( #7312 ) ) ;
#3375 = CARTESIAN_POINT ( 'NONE',  ( 0.02664452551141156811, 1.201000000000000290, 0.04611688825722609630 ) ) ;
#3376 = PRESENTATION_LAYER_ASSIGNMENT (  '', '', ( #2317 ) ) ;
#3377 = EDGE_LOOP ( 'NONE', ( #566, #3568, #7347, #1869, #2439, #6429, #2404, #4792, #7085, #4614, #2723, #273 ) ) ;
#3378 = ORIENTED_EDGE ( 'NONE', *, *, #5471, .F. ) ;
#3379 = PLANE ( 'NONE',  #6260 ) ;
#3380 = EDGE_CURVE ( 'NONE', #6802, #5414, #3569, .T. ) ;
#3381 = CARTESIAN_POINT ( 'NONE',  ( 0.04400687647504605143, 1.201000000000000068, 0.006134467017618715733 ) ) ;
#3382 = ADVANCED_FACE ( 'NONE', ( #2284 ), #1554, .T. ) ;
#3383 = CARTESIAN_POINT ( 'NONE',  ( -0.02544885719100715982, 1.200000000000000178, -0.03816285645384186881 ) ) ;
#3384 = CARTESIAN_POINT ( 'NONE',  ( 0.07689643080899724592, 1.200000000000000178, 0.004366363806560216027 ) ) ;
#3385 = EDGE_LOOP ( 'NONE', ( #5076, #6724, #3559, #4274 ) ) ;
#3386 = DIRECTION ( 'NONE',  ( -1.000000000000000000, 0.000000000000000000, 0.000000000000000000 ) ) ;
#3387 = DIRECTION ( 'NONE',  ( 0.000000000000000000, -1.000000000000000000, -0.000000000000000000 ) ) ;
#3388 = ORIENTED_EDGE ( 'NONE', *, *, #916, .T. ) ;
#3389 = ORIENTED_EDGE ( 'NONE', *, *, #3960, .T. ) ;
#3390 = CARTESIAN_POINT ( 'NONE',  ( -1.500000000000000000, 1.200000000000000178, 1.149999999999997913 ) ) ;
#3391 = SURFACE_STYLE_USAGE ( .BOTH. , #1576 ) ;
#3392 = SURFACE_STYLE_FILL_AREA ( #247 ) ;
#3393 = CARTESIAN_POINT ( 'NONE',  ( -0.08770177403243258063, 1.201000000000000068, 0.01452060374914958263 ) ) ;
#3394 = ORIENTED_EDGE ( 'NONE', *, *, #5471, .T. ) ;
#3395 = FILL_AREA_STYLE ('',( #1668 ) ) ;
#3396 = CARTESIAN_POINT ( 'NONE',  ( 1.600000000000000755, 0.8000000000000000444, 0.3750000000000000000 ) ) ;
#3397 = CARTESIAN_POINT ( 'NONE',  ( -1.500000000000000000, 1.200000000000000178, -0.9999999999999985567 ) ) ;
#3398 = COLOUR_RGB ( '',1.000000000000000000, 0.8078431372549019773, 0.4980392156862745168 ) ;
#3399 = PLANE ( 'NONE',  #7856 ) ;
#3400 = CARTESIAN_POINT ( 'NONE',  ( 0.008515664985498062542, 1.200999999999999401, -0.07263125186875712958 ) ) ;
#3401 = CARTESIAN_POINT ( 'NONE',  ( 1.600000000000000533, 0.000000000000000000, -1.100000000000001421 ) ) ;
#3402 = ADVANCED_FACE ( 'NONE', ( #6691 ), #2779, .T. ) ;
#3403 = SURFACE_STYLE_USAGE ( .BOTH. , #5389 ) ;
#3404 = CARTESIAN_POINT ( 'NONE',  ( 0.2399234941049204484, 1.200000000000000178, 0.04477243441258608320 ) ) ;
#3405 = LINE ( 'NONE', #5902, #2688 ) ;
#3406 = FILL_AREA_STYLE ('',( #4707 ) ) ;
#3407 = STYLED_ITEM ( 'NONE', ( #5897 ), #3402 ) ;
#3408 = AXIS2_PLACEMENT_3D ( 'NONE', #466, #2946, #2325 ) ;
#3409 = EDGE_CURVE ( 'NONE', #70, #4541, #7310, .T. ) ;
#3410 = FACE_OUTER_BOUND ( 'NONE', #4229, .T. ) ;
#3411 = SURFACE_SIDE_STYLE ('',( #264 ) ) ;
#3412 = LINE ( 'NONE', #6579, #2040 ) ;
#3413 = ORIENTED_EDGE ( 'NONE', *, *, #8121, .F. ) ;
#3414 =( NAMED_UNIT ( * ) PLANE_ANGLE_UNIT ( ) SI_UNIT ( $, .RADIAN. ) );
#3415 = CARTESIAN_POINT ( 'NONE',  ( -0.08440905776974561014, 1.201000000000000068, -0.1073098979702681449 ) ) ;
#3416 = VECTOR ( 'NONE', #7192, 1000.000000000000000 ) ;
#3417 = VERTEX_POINT ( 'NONE', #1716 ) ;
#3418 = ORIENTED_EDGE ( 'NONE', *, *, #6075, .T. ) ;
#3419 = DIRECTION ( 'NONE',  ( -1.517883041479704630E-14, 0.000000000000000000, 1.000000000000000000 ) ) ;
#3420 = VECTOR ( 'NONE', #8014, 1000.000000000000000 ) ;
#3421 = CARTESIAN_POINT ( 'NONE',  ( 1.450000000000000844, 0.2999999999999999889, 1.250000000000001776 ) ) ;
#3422 =( NAMED_UNIT ( * ) PLANE_ANGLE_UNIT ( ) SI_UNIT ( $, .RADIAN. ) );
#3423 = CARTESIAN_POINT ( 'NONE',  ( 0.07689643080899724592, 1.201000000000000068, 0.004366363806560216027 ) ) ;
#3424 = CARTESIAN_POINT ( 'NONE',  ( 0.4543616407124090317, 1.201000000000000068, -0.1731642232240074575 ) ) ;
#3425 = LINE ( 'NONE', #7093, #7243 ) ;
#3426 = COLOUR_RGB ( '',1.000000000000000000, 0.8078431372549019773, 0.4980392156862745168 ) ;
#3427 = EDGE_CURVE ( 'NONE', #5710, #7789, #915, .T. ) ;
#3428 = ORIENTED_EDGE ( 'NONE', *, *, #991, .T. ) ;
#3429 = ORIENTED_EDGE ( 'NONE', *, *, #4022, .T. ) ;
#3430 = EDGE_CURVE ( 'NONE', #5559, #2454, #1079, .T. ) ;
#3431 = STYLED_ITEM ( 'NONE', ( #7320 ), #837 ) ;
#3432 = PLANE ( 'NONE',  #56 ) ;
#3433 = AXIS2_PLACEMENT_3D ( 'NONE', #7568, #1936, #4890 ) ;
#3434 = CARTESIAN_POINT ( 'NONE',  ( -1.500000000000000000, 0.8010000000000000453, 0.3608932640203327269 ) ) ;
#3435 = CARTESIAN_POINT ( 'NONE',  ( -0.07530092727418574716, 1.200000000000000400, -0.1351313761445148975 ) ) ;
#3436 = ORIENTED_EDGE ( 'NONE', *, *, #717, .F. ) ;
#3437 = CARTESIAN_POINT ( 'NONE',  ( 1.350000000000000089, 0.8010000000000000453, -0.9999999999999985567 ) ) ;
#3438 = DIRECTION ( 'NONE',  ( 0.000000000000000000, -1.000000000000000000, 0.000000000000000000 ) ) ;
#3439 = AXIS2_PLACEMENT_3D ( 'NONE', #128, #2659, #5115 ) ;
#3440 = CARTESIAN_POINT ( 'NONE',  ( -0.08389397865952628874, 1.201000000000000068, -0.1098558620101963840 ) ) ;
#3441 = LINE ( 'NONE', #947, #2954 ) ;
#3442 = CARTESIAN_POINT ( 'NONE',  ( 0.5753689633661550618, 1.201000000000000068, 0.08366764526557586568 ) ) ;
#3443 = LINE ( 'NONE', #5943, #1732 ) ;
#3444 = COLOUR_RGB ( '',0.2509803921568627416, 0.2509803921568627416, 0.2509803921568627416 ) ;
#3445 = VECTOR ( 'NONE', #7399, 1000.000000000000000 ) ;
#3446 = CARTESIAN_POINT ( 'NONE',  ( -1.099999999999998979, 1.200000000000000178, 0.8000000000000022649 ) ) ;
#3447 = EDGE_CURVE ( 'NONE', #1228, #4877, #6025, .T. ) ;
#3448 = PLANE ( 'NONE',  #6714 ) ;
#3449 = VECTOR ( 'NONE', #5722, 1000.000000000000000 ) ;
#3450 = DIRECTION ( 'NONE',  ( -0.8414499297245390252, 0.000000000000000000, 0.5403350958123748216 ) ) ;
#3451 = CARTESIAN_POINT ( 'NONE',  ( -0.07261157484337676937, 1.200999999999999845, 0.05603181378398835316 ) ) ;
#3452 =( NAMED_UNIT ( * ) SI_UNIT ( $, .STERADIAN. ) SOLID_ANGLE_UNIT ( ) );
#3453 = DIRECTION ( 'NONE',  ( -1.000000000000000000, 0.000000000000000000, 0.000000000000000000 ) ) ;
#3454 = VECTOR ( 'NONE', #367, 1000.000000000000000 ) ;
#3455 = CARTESIAN_POINT ( 'NONE',  ( -0.05063300485966915065, 1.201000000000000068, -0.1087345661029300720 ) ) ;
#3456 = PRESENTATION_LAYER_ASSIGNMENT (  '', '', ( #6610 ) ) ;
#3457 = VERTEX_POINT ( 'NONE', #6570 ) ;
#3458 = EDGE_CURVE ( 'NONE', #1766, #370, #378, .T. ) ;
#3459 = AXIS2_PLACEMENT_3D ( 'NONE', #682, #5050, #3044 ) ;
#3460 = VERTEX_POINT ( 'NONE', #951 ) ;
#3461 = PLANE ( 'NONE',  #1922 ) ;
#3462 = VECTOR ( 'NONE', #5908, 1000.000000000000000 ) ;
#3463 = CARTESIAN_POINT ( 'NONE',  ( 0.02661907637341903374, 1.200000000000000178, -0.1245393073107115556 ) ) ;
#3464 = DIRECTION ( 'NONE',  ( -0.000000000000000000, -1.000000000000000000, -0.000000000000000000 ) ) ;
#3465 = DIRECTION ( 'NONE',  ( -0.000000000000000000, 1.000000000000000000, -0.000000000000000000 ) ) ;
#3466 = DIRECTION ( 'NONE',  ( -0.000000000000000000, 0.000000000000000000, -1.000000000000000000 ) ) ;
#3467 = DIRECTION ( 'NONE',  ( 3.077218299541383358E-11, -1.000000000000000000, -9.630025092740129711E-12 ) ) ;
#3468 = PRESENTATION_LAYER_ASSIGNMENT (  '', '', ( #1142 ) ) ;
#3469 = ORIENTED_EDGE ( 'NONE', *, *, #3096, .T. ) ;
#3470 = ORIENTED_EDGE ( 'NONE', *, *, #7155, .F. ) ;
#3471 = B_SPLINE_CURVE_WITH_KNOTS ( 'NONE', 3,
 ( #4402, #2464, #7525, #5616, #3157, #1772, #5489, #1892, #1132, #4360, #8066, #3037, #6130, #6222, #7976, #7360, #5003, #1210, #4885 ),
 .UNSPECIFIED., .F., .F.,
 ( 4, 1, 1, 1, 1, 1, 1, 1, 1, 1, 1, 1, 1, 1, 1, 1, 4 ),
 ( 0.000000000000000000, 0.08256648184309024752, 0.1597600173463218642, 0.2331545001529424233, 0.3013562791316531930, 0.3657520143271566493, 0.4264371723179326557, 0.4841852540351044287, 0.5395491542935744178, 0.5931555898196898546, 0.6470483404201384792, 0.7014463748055865810, 0.7569996743770369685, 0.8138396236591048938, 0.8730579525107786676, 0.9349625940127609391, 1.000000000000000000 ),
 .UNSPECIFIED. ) ;
#3472 = LINE ( 'NONE', #5259, #3585 ) ;
#3473 = DIRECTION ( 'NONE',  ( -0.000000000000000000, 1.000000000000000000, 0.000000000000000000 ) ) ;
#3474 = EDGE_CURVE ( 'NONE', #8086, #2446, #1039, .T. ) ;
#3475 = LINE ( 'NONE', #7255, #3454 ) ;
#3476 = CARTESIAN_POINT ( 'NONE',  ( 0.2505259276868462281, 1.200000000000000178, 0.01037709011405613981 ) ) ;
#3477 = ORIENTED_EDGE ( 'NONE', *, *, #3580, .F. ) ;
#3478 = CARTESIAN_POINT ( 'NONE',  ( -0.3412409262593289472, 1.201000000000000068, -0.1731642232240074575 ) ) ;
#3479 = FILL_AREA_STYLE_COLOUR ( '', #6713 ) ;
#3480 = PRESENTATION_LAYER_ASSIGNMENT (  '', '', ( #999 ) ) ;
#3481 = PLANE ( 'NONE',  #2128 ) ;
#3482 = LINE ( 'NONE', #1476, #5434 ) ;
#3483 = LINE ( 'NONE', #4744, #400 ) ;
#3484 = LINE ( 'NONE', #5983, #828 ) ;
#3485 = CARTESIAN_POINT ( 'NONE',  ( 1.600000000000000755, 1.201000000000000068, -0.3750000000000000000 ) ) ;
#3486 = FACE_OUTER_BOUND ( 'NONE', #2228, .T. ) ;
#3487 = VECTOR ( 'NONE', #667, 1000.000000000000000 ) ;
#3488 =( NAMED_UNIT ( * ) SI_UNIT ( $, .STERADIAN. ) SOLID_ANGLE_UNIT ( ) );
#3489 = CARTESIAN_POINT ( 'NONE',  ( -1.500000000000000000, 0.8000000000000000444, -0.3750000000000002220 ) ) ;
#3490 = CARTESIAN_POINT ( 'NONE',  ( 0.06365397542848701129, 1.201000000000000068, -0.1106964433091985750 ) ) ;
#3491 = CARTESIAN_POINT ( 'NONE',  ( -0.07261157484337676937, 1.199999999999999956, 0.05603181378398835316 ) ) ;
#3492 = CARTESIAN_POINT ( 'NONE',  ( 1.450000000000000622, 0.2999999999999999889, -1.250000000000001332 ) ) ;
#3493 = CARTESIAN_POINT ( 'NONE',  ( -1.500000000000000000, 0.8000000000000000444, -0.3750000000000000000 ) ) ;
#3494 = CARTESIAN_POINT ( 'NONE',  ( -0.05119413496672482744, 1.201000000000000068, -0.1056162992748717888 ) ) ;
#3495 = EDGE_CURVE ( 'NONE', #5058, #3737, #996, .T. ) ;
#3496 = AXIS2_PLACEMENT_3D ( 'NONE', #2808, #2190, #2050 ) ;
#3497 = ORIENTED_EDGE ( 'NONE', *, *, #7938, .F. ) ;
#3498 = ORIENTED_EDGE ( 'NONE', *, *, #4852, .T. ) ;
#3499 = CARTESIAN_POINT ( 'NONE',  ( 0.03320271175873339142, 1.200000000000000844, 0.07793444673781323162 ) ) ;
#3500 = AXIS2_PLACEMENT_3D ( 'NONE', #1180, #8111, #648 ) ;
#3501 = CARTESIAN_POINT ( 'NONE',  ( 0.02817217679925545712, 1.199999999999999956, -0.1213282344983276084 ) ) ;
#3502 = EDGE_CURVE ( 'NONE', #4160, #5018, #6649, .T. ) ;
#3503 = LINE ( 'NONE', #1735, #6804 ) ;
#3504 = SURFACE_STYLE_USAGE ( .BOTH. , #973 ) ;
#3505 = EDGE_CURVE ( 'NONE', #3913, #611, #4471, .T. ) ;
#3506 = DIRECTION ( 'NONE',  ( -1.000000000000000000, 0.000000000000000000, 0.000000000000000000 ) ) ;
#3507 = VERTEX_POINT ( 'NONE', #4147 ) ;
#3508 = ORIENTED_EDGE ( 'NONE', *, *, #311, .F. ) ;
#3509 = VERTEX_POINT ( 'NONE', #4269 ) ;
#3510 = CARTESIAN_POINT ( 'NONE',  ( -1.500000000000000000, 0.8006270552791778794, 0.3683809479797038322 ) ) ;
#3511 = ORIENTED_EDGE ( 'NONE', *, *, #3256, .T. ) ;
#3512 = EDGE_CURVE ( 'NONE', #5758, #5181, #501, .T. ) ;
#3513 = DIRECTION ( 'NONE',  ( 0.000000000000000000, -1.000000000000000000, 0.000000000000000000 ) ) ;
#3514 = CARTESIAN_POINT ( 'NONE',  ( 0.06348708085121013145, 1.201000000000000290, 0.05131037806356572584 ) ) ;
#3515 = CARTESIAN_POINT ( 'NONE',  ( 0.2422819831605622920, 1.201000000000000290, 0.03688636731697997329 ) ) ;
#3516 = ORIENTED_EDGE ( 'NONE', *, *, #2813, .F. ) ;
#3517 = UNCERTAINTY_MEASURE_WITH_UNIT (LENGTH_MEASURE( 1.000000000000000082E-05 ), #1644, 'distance_accuracy_value', 'NONE');
#3518 = CARTESIAN_POINT ( 'NONE',  ( 0.1526665131437159872, 1.201000000000000068, 0.08366764526557586568 ) ) ;
#3519 = FACE_OUTER_BOUND ( 'NONE', #2976, .T. ) ;
#3520 = AXIS2_PLACEMENT_3D ( 'NONE', #7572, #4408, #3211 ) ;
#3521 = VECTOR ( 'NONE', #3020, 1000.000000000000000 ) ;
#3522 = LINE ( 'NONE', #7149, #4622 ) ;
#3523 = DIRECTION ( 'NONE',  ( -6.195440985631457289E-16, -0.000000000000000000, -1.000000000000000000 ) ) ;
#3524 = PRESENTATION_STYLE_ASSIGNMENT (( #172 ) ) ;
#3525 = SURFACE_STYLE_FILL_AREA ( #7891 ) ;
#3526 = DIRECTION ( 'NONE',  ( 0.000000000000000000, 0.000000000000000000, -1.000000000000000000 ) ) ;
#3527 = UNCERTAINTY_MEASURE_WITH_UNIT (LENGTH_MEASURE( 1.000000000000000082E-05 ), #4376, 'distance_accuracy_value', 'NONE');
#3528 = ADVANCED_FACE ( 'NONE', ( #1802 ), #6837, .F. ) ;
#3529 = PLANE ( 'NONE',  #4782 ) ;
#3530 = EDGE_CURVE ( 'NONE', #6675, #7440, #3771, .T. ) ;
#3531 = EDGE_CURVE ( 'NONE', #5559, #1697, #4075, .T. ) ;
#3532 = DIRECTION ( 'NONE',  ( 0.000000000000000000, 0.000000000000000000, 1.000000000000000000 ) ) ;
#3533 = DIRECTION ( 'NONE',  ( -0.000000000000000000, 1.000000000000000000, -0.000000000000000000 ) ) ;
#3534 = CARTESIAN_POINT ( 'NONE',  ( -0.009293968027199152326, 1.201000000000000068, -0.1731642232240074575 ) ) ;
#3535 = CARTESIAN_POINT ( 'NONE',  ( -0.08006602691381793646, 1.200999999999999845, 0.04366728661411512641 ) ) ;
#3536 = FACE_OUTER_BOUND ( 'NONE', #4352, .T. ) ;
#3537 = CARTESIAN_POINT ( 'NONE',  ( -0.01102066680419955431, 1.201000000000000290, -0.1434223286406932640 ) ) ;
#3538 = ORIENTED_EDGE ( 'NONE', *, *, #3960, .F. ) ;
#3539 = COLOUR_RGB ( '',1.000000000000000000, 0.8078431372549019773, 0.4980392156862745168 ) ;
#3540 = ORIENTED_EDGE ( 'NONE', *, *, #1065, .T. ) ;
#3541 = CARTESIAN_POINT ( 'NONE',  ( 0.04687040090244701945, 1.200999999999999845, 0.06913981037546580721 ) ) ;
#3542 = DIRECTION ( 'NONE',  ( 0.000000000000000000, 0.000000000000000000, -1.000000000000000000 ) ) ;
#3543 = CARTESIAN_POINT ( 'NONE',  ( 0.06365397542848701129, 1.200000000000000178, -0.1106964433091985750 ) ) ;
#3544 = LINE ( 'NONE', #7370, #7508 ) ;
#3545 = CIRCLE ( 'NONE', #6309, 0.1500000000000014655 ) ;
#3546 = ORIENTED_EDGE ( 'NONE', *, *, #4394, .F. ) ;
#3547 = ORIENTED_EDGE ( 'NONE', *, *, #1703, .T. ) ;
#3548 = ORIENTED_EDGE ( 'NONE', *, *, #1567, .F. ) ;
#3549 = LINE ( 'NONE', #3007, #1246 ) ;
#3550 = ADVANCED_FACE ( 'NONE', ( #2365 ), #38, .T. ) ;
#3551 = EDGE_LOOP ( 'NONE', ( #2652, #3389, #7457, #5503, #3257, #5333, #778 ) ) ;
#3552 = CARTESIAN_POINT ( 'NONE',  ( 1.501000000000000112, 0.8010000000000000453, 0.3608932640206463094 ) ) ;
#3553 = FILL_AREA_STYLE_COLOUR ( '', #2003 ) ;
#3554 = SURFACE_SIDE_STYLE ('',( #7925 ) ) ;
#3555 = VERTEX_POINT ( 'NONE', #541 ) ;
#3556 = LINE ( 'NONE', #405, #8072 ) ;
#3557 = DIRECTION ( 'NONE',  ( -1.000000000000000000, -0.000000000000000000, 2.891205793294682764E-16 ) ) ;
#3558 = VECTOR ( 'NONE', #2797, 1000.000000000000000 ) ;
#3559 = ORIENTED_EDGE ( 'NONE', *, *, #612, .T. ) ;
#3560 = EDGE_CURVE ( 'NONE', #3729, #3614, #3025, .T. ) ;
#3561 = SURFACE_SIDE_STYLE ('',( #6728 ) ) ;
#3562 = LINE ( 'NONE', #580, #2975 ) ;
#3563 = AXIS2_PLACEMENT_3D ( 'NONE', #2540, #1292, #5578 ) ;
#3564 = SURFACE_STYLE_FILL_AREA ( #1076 ) ;
#3565 = AXIS2_PLACEMENT_3D ( 'NONE', #7231, #6537, #3532 ) ;
#3566 = LINE ( 'NONE', #4188, #2362 ) ;
#3567 = VECTOR ( 'NONE', #7833, 1000.000000000000000 ) ;
#3568 = ORIENTED_EDGE ( 'NONE', *, *, #5452, .T. ) ;
#3569 = LINE ( 'NONE', #5310, #2095 ) ;
#3570 = CARTESIAN_POINT ( 'NONE',  ( -1.499999999999999778, 0.2999999999999999889, -1.000000000000000666 ) ) ;
#3571 = STYLED_ITEM ( 'NONE', ( #6461 ), #1025 ) ;
#3572 = VECTOR ( 'NONE', #1840, 1000.000000000000000 ) ;
#3573 = CARTESIAN_POINT ( 'NONE',  ( -1.099999999999998979, 1.201000000000000068, 0.8625000000000025979 ) ) ;
#3574 = EDGE_LOOP ( 'NONE', ( #7745, #6150, #2283, #280, #4315, #5388, #2517, #7240, #6308, #1100 ) ) ;
#3575 = ORIENTED_EDGE ( 'NONE', *, *, #1268, .T. ) ;
#3576 = SURFACE_STYLE_FILL_AREA ( #2168 ) ;
#3577 = DIRECTION ( 'NONE',  ( -0.000000000000000000, -1.000000000000000000, -0.000000000000000000 ) ) ;
#3578 = CARTESIAN_POINT ( 'NONE',  ( 0.06343624307046918931, 1.200999999999999845, -0.1163204886749956563 ) ) ;
#3579 = CARTESIAN_POINT ( 'NONE',  ( -0.01049807639906127389, 1.200000000000000178, 0.08690957757199541112 ) ) ;
#3580 = EDGE_CURVE ( 'NONE', #4010, #6868, #4914, .T. ) ;
#3581 = CARTESIAN_POINT ( 'NONE',  ( -1.599999999999999645, 0.000000000000000000, 0.2749999999999999112 ) ) ;
#3582 = PLANE ( 'NONE',  #2239 ) ;
#3583 = EDGE_CURVE ( 'NONE', #7014, #4856, #2043, .T. ) ;
#3584 = ORIENTED_EDGE ( 'NONE', *, *, #2772, .F. ) ;
#3585 = VECTOR ( 'NONE', #205, 1000.000000000000000 ) ;
#3586 = FILL_AREA_STYLE_COLOUR ( '', #4793 ) ;
#3587 = VECTOR ( 'NONE', #6776, 1000.000000000000000 ) ;
#3588 = PLANE ( 'NONE',  #6189 ) ;
#3589 = LINE ( 'NONE', #6757, #5824 ) ;
#3590 = SURFACE_STYLE_USAGE ( .BOTH. , #6669 ) ;
#3591 = DIRECTION ( 'NONE',  ( 0.000000000000000000, 0.000000000000000000, 1.000000000000000000 ) ) ;
#3592 =( GEOMETRIC_REPRESENTATION_CONTEXT ( 3 ) GLOBAL_UNCERTAINTY_ASSIGNED_CONTEXT ( ( #413 ) ) GLOBAL_UNIT_ASSIGNED_CONTEXT ( ( #5845, #2724, #2074 ) ) REPRESENTATION_CONTEXT ( 'NONE', 'WORKASPACE' ) );
#3593 = ORIENTED_EDGE ( 'NONE', *, *, #1122, .F. ) ;
#3594 = ORIENTED_EDGE ( 'NONE', *, *, #2315, .T. ) ;
#3595 = VERTEX_POINT ( 'NONE', #6450 ) ;
#3596 = DIRECTION ( 'NONE',  ( -0.000000000000000000, -0.000000000000000000, 1.000000000000000000 ) ) ;
#3597 = VERTEX_POINT ( 'NONE', #3355 ) ;
#3598 = PRESENTATION_LAYER_ASSIGNMENT (  '', '', ( #7148 ) ) ;
#3599 = LINE ( 'NONE', #4904, #5271 ) ;
#3600 =( LENGTH_UNIT ( ) NAMED_UNIT ( * ) SI_UNIT ( .MILLI., .METRE. ) );
#3601 = CARTESIAN_POINT ( 'NONE',  ( 0.2435981290695263812, 1.201000000000000068, 0.03237606149799824445 ) ) ;
#3602 = VERTEX_POINT ( 'NONE', #2080 ) ;
#3603 = DIRECTION ( 'NONE',  ( -0.7071067811865473507, 0.000000000000000000, -0.7071067811865477948 ) ) ;
#3604 = EDGE_CURVE ( 'NONE', #4451, #6683, #6184, .T. ) ;
#3605 = ORIENTED_EDGE ( 'NONE', *, *, #3247, .T. ) ;
#3606 = DIRECTION ( 'NONE',  ( 0.000000000000000000, 0.000000000000000000, -1.000000000000000000 ) ) ;
#3607 = DIRECTION ( 'NONE',  ( 0.000000000000000000, -0.000000000000000000, -1.000000000000000000 ) ) ;
#3608 = LINE ( 'NONE', #5566, #5363 ) ;
#3609 = ORIENTED_EDGE ( 'NONE', *, *, #7641, .T. ) ;
#3610 = SURFACE_STYLE_USAGE ( .BOTH. , #1120 ) ;
#3611 = EDGE_CURVE ( 'NONE', #4230, #2804, #5691, .T. ) ;
#3612 = COLOUR_RGB ( '',1.000000000000000000, 0.8078431372549019773, 0.4980392156862745168 ) ;
#3613 = FACE_OUTER_BOUND ( 'NONE', #3304, .T. ) ;
#3614 = VERTEX_POINT ( 'NONE', #7639 ) ;
#3615 = ORIENTED_EDGE ( 'NONE', *, *, #3047, .T. ) ;
#3616 = DIRECTION ( 'NONE',  ( 0.000000000000000000, 0.000000000000000000, -1.000000000000000000 ) ) ;
#3617 = VECTOR ( 'NONE', #6640, 1000.000000000000000 ) ;
#3618 = LINE ( 'NONE', #7480, #7362 ) ;
#3619 = DIRECTION ( 'NONE',  ( 1.000000000000000000, 0.000000000000000000, 0.000000000000000000 ) ) ;
#3620 = CARTESIAN_POINT ( 'NONE',  ( 0.2302014190377578984, 1.200999999999999845, 0.01305057443770205571 ) ) ;
#3621 = CARTESIAN_POINT ( 'NONE',  ( -0.08770177403243258063, 1.201000000000000068, 0.01452060374914958263 ) ) ;
#3622 = DIRECTION ( 'NONE',  ( -1.000000000000000000, -0.000000000000000000, 1.355252715606881036E-16 ) ) ;
#3623 = PRESENTATION_LAYER_ASSIGNMENT (  '', '', ( #7703 ) ) ;
#3624 = ORIENTED_EDGE ( 'NONE', *, *, #742, .F. ) ;
#3625 = CARTESIAN_POINT ( 'NONE',  ( 0.07693403910191567996, 1.201000000000000068, 0.006391710475641142024 ) ) ;
#3626 = CARTESIAN_POINT ( 'NONE',  ( -0.5999999999999996447, 0.2999999999999999889, -1.149999999999999023 ) ) ;
#3627 = CARTESIAN_POINT ( 'NONE',  ( 0.1526665131437159872, 1.201000000000000068, 0.08366764526557586568 ) ) ;
#3628 = LINE ( 'NONE', #354, #7687 ) ;
#3629 = CIRCLE ( 'NONE', #2965, 0.1499999999999999667 ) ;
#3630 = DIRECTION ( 'NONE',  ( -0.7071067811865483499, 0.000000000000000000, 0.7071067811865466846 ) ) ;
#3631 = EDGE_LOOP ( 'NONE', ( #728, #2096, #6763 ) ) ;
#3632 = ORIENTED_EDGE ( 'NONE', *, *, #916, .F. ) ;
#3633 = ADVANCED_FACE ( 'NONE', ( #4585 ), #6494, .F. ) ;
#3634 = PRESENTATION_LAYER_ASSIGNMENT (  '', '', ( #503 ) ) ;
#3635 = UNCERTAINTY_MEASURE_WITH_UNIT (LENGTH_MEASURE( 1.000000000000000082E-05 ), #8013, 'distance_accuracy_value', 'NONE');
#3636 = EDGE_LOOP ( 'NONE', ( #6541, #1511, #1662, #3575 ) ) ;
#3637 = CARTESIAN_POINT ( 'NONE',  ( 0.03083601142429815561, 1.201000000000000068, -0.1067954110542232854 ) ) ;
#3638 = VERTEX_POINT ( 'NONE', #2694 ) ;
#3639 = EDGE_CURVE ( 'NONE', #5799, #314, #6984, .T. ) ;
#3640 = DIRECTION ( 'NONE',  ( 0.000000000000000000, 0.000000000000000000, -1.000000000000000000 ) ) ;
#3641 = CARTESIAN_POINT ( 'NONE',  ( 0.2351471227522140828, 1.200000000000000178, 0.02896321652795967247 ) ) ;
#3642 = CARTESIAN_POINT ( 'NONE',  ( 0.2468149276040078610, 1.200999999999999845, 0.02220808482966069378 ) ) ;
#3643 = ORIENTED_EDGE ( 'NONE', *, *, #4366, .T. ) ;
#3644 = CARTESIAN_POINT ( 'NONE',  ( -0.1140435041339282612, 1.200000000000000178, -0.1435297768598247370 ) ) ;
#3645 = SURFACE_SIDE_STYLE ('',( #2973 ) ) ;
#3646 = VECTOR ( 'NONE', #6204, 1000.000000000000000 ) ;
#3647 = EDGE_LOOP ( 'NONE', ( #7026, #5595, #1455, #6486, #6235, #5417, #2345, #5866, #5835, #8011, #807, #4381, #3674, #2225, #7456, #5713, #3632, #5638, #6360, #3538, #2108, #1715, #4935, #2174, #6142, #4259, #7409, #6792, #7375, #3498, #3317, #4762, #4253, #2431, #5067, #2060, #1845 ) ) ;
#3648 = ORIENTED_EDGE ( 'NONE', *, *, #3757, .T. ) ;
#3649 = CARTESIAN_POINT ( 'NONE',  ( 0.4523036930482297602, 1.201000000000000068, 0.08366764526557586568 ) ) ;
#3650 = CARTESIAN_POINT ( 'NONE',  ( 0.5774269110303344998, 1.201000000000000068, -0.1731642232240074575 ) ) ;
#3651 = ORIENTED_EDGE ( 'NONE', *, *, #6175, .T. ) ;
#3652 =( NAMED_UNIT ( * ) PLANE_ANGLE_UNIT ( ) SI_UNIT ( $, .RADIAN. ) );
#3653 = DIRECTION ( 'NONE',  ( 0.7071067811865544561, 0.000000000000000000, 0.7071067811865406894 ) ) ;
#3654 = PLANE ( 'NONE',  #6475 ) ;
#3655 = ORIENTED_EDGE ( 'NONE', *, *, #4999, .T. ) ;
#3656 = ORIENTED_EDGE ( 'NONE', *, *, #3804, .F. ) ;
#3657 = ADVANCED_FACE ( 'NONE', ( #7069 ), #164, .T. ) ;
#3658 = LINE ( 'NONE', #3939, #7764 ) ;
#3659 = DIRECTION ( 'NONE',  ( 1.000000000000000000, 0.000000000000000000, -0.000000000000000000 ) ) ;
#3660 = CARTESIAN_POINT ( 'NONE',  ( 1.600000000000000089, 0.8000000000000000444, -0.4750000000000000888 ) ) ;
#3661 = FILL_AREA_STYLE_COLOUR ( '', #1203 ) ;
#3662 = DIRECTION ( 'NONE',  ( -1.734723475976807094E-16, -0.000000000000000000, -1.000000000000000000 ) ) ;
#3663 = CARTESIAN_POINT ( 'NONE',  ( 1.350000000000000311, 1.200000000000000178, -0.9999999999999985567 ) ) ;
#3664 = EDGE_LOOP ( 'NONE', ( #6110, #3179, #5727, #2902 ) ) ;
#3665 = EDGE_CURVE ( 'NONE', #5884, #8086, #6940, .T. ) ;
#3666 = CARTESIAN_POINT ( 'NONE',  ( -1.499999999999999556, 0.2999999999999999889, 1.000000000000001998 ) ) ;
#3667 = CARTESIAN_POINT ( 'NONE',  ( 1.500000000000000222, 0.2999999999999999889, -1.000000000000001110 ) ) ;
#3668 = LINE ( 'NONE', #7489, #2465 ) ;
#3669 = CARTESIAN_POINT ( 'NONE',  ( -0.004149098866750781760, 1.201000000000000068, -0.04166136748294676367 ) ) ;
#3670 = DIRECTION ( 'NONE',  ( 1.000000000000000000, 0.000000000000000000, 0.000000000000000000 ) ) ;
#3671 = EDGE_CURVE ( 'NONE', #3760, #437, #5077, .T. ) ;
#3672 = COLOUR_RGB ( '',1.000000000000000000, 0.8078431372549019773, 0.4980392156862745168 ) ;
#3673 = ORIENTED_EDGE ( 'NONE', *, *, #2289, .F. ) ;
#3674 = ORIENTED_EDGE ( 'NONE', *, *, #1092, .T. ) ;
#3675 = VERTEX_POINT ( 'NONE', #6370 ) ;
#3676 = CARTESIAN_POINT ( 'NONE',  ( 1.350000000000000089, 1.200000000000000178, 1.149999999999997913 ) ) ;
#3677 = ORIENTED_EDGE ( 'NONE', *, *, #1895, .T. ) ;
#3678 = VECTOR ( 'NONE', #7023, 1000.000000000000000 ) ;
#3679 = DIRECTION ( 'NONE',  ( 0.9950371902099891530, 0.000000000000000000, -0.09950371902099866550 ) ) ;
#3680 = CARTESIAN_POINT ( 'NONE',  ( 0.07521157894315520787, 1.199999999999999734, -0.01107755526853800195 ) ) ;
#3681 = ORIENTED_EDGE ( 'NONE', *, *, #5827, .T. ) ;
#3682 = CARTESIAN_POINT ( 'NONE',  ( 0.03047230801860492319, 1.199999999999999956, -0.02817665670107535186 ) ) ;
#3683 = EDGE_CURVE ( 'NONE', #6638, #3693, #5110, .T. ) ;
#3684 = VERTEX_POINT ( 'NONE', #6407 ) ;
#3685 = ORIENTED_EDGE ( 'NONE', *, *, #1245, .T. ) ;
#3686 = AXIS2_PLACEMENT_3D ( 'NONE', #3934, #1437, #83 ) ;
#3687 = STYLED_ITEM ( 'NONE', ( #6771 ), #2002 ) ;
#3688 = CARTESIAN_POINT ( 'NONE',  ( -1.500000000000000000, 0.8009948151974900510, -0.3656074348058270251 ) ) ;
#3689 = CARTESIAN_POINT ( 'NONE',  ( 0.3634003539556817652, 1.201000000000000068, 0.08366764526557586568 ) ) ;
#3690 = CARTESIAN_POINT ( 'NONE',  ( -0.02544885719100715982, 1.201000000000000068, -0.03816285645384186881 ) ) ;
#3691 = LINE ( 'NONE', #7012, #3572 ) ;
#3692 = AXIS2_PLACEMENT_3D ( 'NONE', #6586, #6433, #4573 ) ;
#3693 = VERTEX_POINT ( 'NONE', #751 ) ;
#3694 =( BOUNDED_SURFACE ( )  B_SPLINE_SURFACE ( 3, 2, ( 
 ( #2711, #6509, #730 ),
 ( #7084, #844, #7123 ),
 ( #266, #3997, #2747 ),
 ( #186, #5244, #4531 ) ),
 .UNSPECIFIED., .F., .F., .F. ) 
 B_SPLINE_SURFACE_WITH_KNOTS ( ( 4, 4 ),
 ( 3, 3 ),
 ( 6.229318274638480542E-06, 2.060875624949842801E-05 ),
 ( 0.000000000000000000, 1.000000000000000000 ),
 .UNSPECIFIED. ) 
 GEOMETRIC_REPRESENTATION_ITEM ( )  RATIONAL_B_SPLINE_SURFACE ( (
 ( 1.000000000000000000, 0.7071067811864708563, 1.000000000000000000),
 ( 1.000000000000000000, 0.9301851594713567151, 1.000000000000000000),
 ( 1.000000000000000000, 0.9946573295202875142, 1.000000000000000000),
 ( 1.000000000000000000, 1.000000000000000000, 1.000000000000000000) ) ) 
 REPRESENTATION_ITEM ( '' )  SURFACE ( )  );
#3695 = SURFACE_STYLE_FILL_AREA ( #1717 ) ;
#3696 = CIRCLE ( 'NONE', #1468, 0.001000000000000024307 ) ;
#3697 = DIRECTION ( 'NONE',  ( 1.000000000000000000, 0.000000000000000000, -0.000000000000000000 ) ) ;
#3698 = VERTEX_POINT ( 'NONE', #3235 ) ;
#3699 = LINE ( 'NONE', #6124, #5945 ) ;
#3700 =( NAMED_UNIT ( * ) SI_UNIT ( $, .STERADIAN. ) SOLID_ANGLE_UNIT ( ) );
#3701 = AXIS2_PLACEMENT_3D ( 'NONE', #2662, #6499, #7111 ) ;
#3702 = CARTESIAN_POINT ( 'NONE',  ( 0.2336622094860409116, 1.200999999999999845, 0.02405101724558774551 ) ) ;
#3703 = UNCERTAINTY_MEASURE_WITH_UNIT (LENGTH_MEASURE( 1.000000000000000082E-05 ), #2186, 'distance_accuracy_value', 'NONE');
#3704 = DIRECTION ( 'NONE',  ( -0.000000000000000000, -1.000000000000000000, -0.000000000000000000 ) ) ;
#3705 = CARTESIAN_POINT ( 'NONE',  ( -1.350000000000000089, 0.8010000000000000453, -1.149999999999998357 ) ) ;
#3706 = CARTESIAN_POINT ( 'NONE',  ( 0.04424951104479888514, 1.201000000000000068, -0.05146155981636071908 ) ) ;
#3707 = CARTESIAN_POINT ( 'NONE',  ( 0.6000000000000001998, 0.000000000000000000, -0.4999999999999996669 ) ) ;
#3708 = CIRCLE ( 'NONE', #4097, 0.1000000000000001027 ) ;
#3709 = ADVANCED_FACE ( 'NONE', ( #5728 ), #124, .T. ) ;
#3710 = ADVANCED_FACE ( 'NONE', ( #4096 ), #2275, .T. ) ;
#3711 = CARTESIAN_POINT ( 'NONE',  ( -0.4762422930294945012, 1.201000000000000068, 0.08366764526557586568 ) ) ;
#3712 = CIRCLE ( 'NONE', #3314, 0.1499999999999999667 ) ;
#3713 = CARTESIAN_POINT ( 'NONE',  ( 1.500000000000000222, 0.000000000000000000, -1.000000000000001110 ) ) ;
#3714 = CARTESIAN_POINT ( 'NONE',  ( -1.349999999999998535, 0.000000000000000000, -1.149999999999999023 ) ) ;
#3715 = CARTESIAN_POINT ( 'NONE',  ( -0.008264994195109499203, 1.200000000000000178, -0.1435297768598247370 ) ) ;
#3716 = CARTESIAN_POINT ( 'NONE',  ( 0.2399234941049204484, 1.201000000000000068, 0.04477243441258608320 ) ) ;
#3717 = CARTESIAN_POINT ( 'NONE',  ( 1.500000000000000222, 0.000000000000000000, -1.000000000000001110 ) ) ;
#3718 = EDGE_CURVE ( 'NONE', #7209, #156, #1070, .T. ) ;
#3719 = EDGE_LOOP ( 'NONE', ( #6314, #4872, #3013, #1784, #457, #3540, #1740, #2546, #4640, #2421 ) ) ;
#3720 = CARTESIAN_POINT ( 'NONE',  ( 0.06413495862284951388, 1.200000000000000178, -0.03510315066429803982 ) ) ;
#3721 = ORIENTED_EDGE ( 'NONE', *, *, #74, .F. ) ;
#3722 = COLOUR_RGB ( '',1.000000000000000000, 0.8078431372549019773, 0.4980392156862745168 ) ;
#3723 = CARTESIAN_POINT ( 'NONE',  ( -0.04344419018358133128, 1.201000000000000290, 0.04022234142678653146 ) ) ;
#3724 = DIRECTION ( 'NONE',  ( -1.000000000000000000, 0.000000000000000000, 0.000000000000000000 ) ) ;
#3725 = ORIENTED_EDGE ( 'NONE', *, *, #5080, .F. ) ;
#3726 = CARTESIAN_POINT ( 'NONE',  ( 0.04068862752827270141, 1.200000000000000400, -0.01281567348377538398 ) ) ;
#3727 = CARTESIAN_POINT ( 'NONE',  ( 1.600000000000000311, -0.001000000000000024307, 1.100000000000001865 ) ) ;
#3728 = AXIS2_PLACEMENT_3D ( 'NONE', #7338, #3513, #4776 ) ;
#3729 = VERTEX_POINT ( 'NONE', #2850 ) ;
#3730 = ORIENTED_EDGE ( 'NONE', *, *, #2948, .T. ) ;
#3731 = FACE_OUTER_BOUND ( 'NONE', #7386, .T. ) ;
#3732 = CARTESIAN_POINT ( 'NONE',  ( -1.450000000000000178, 0.2999999999999999889, -1.250000000000000888 ) ) ;
#3733 = EDGE_CURVE ( 'NONE', #3795, #1499, #5341, .T. ) ;
#3734 = DIRECTION ( 'NONE',  ( 0.7071067811865474617, 0.000000000000000000, -0.7071067811865474617 ) ) ;
#3735 = VECTOR ( 'NONE', #2585, 1000.000000000000000 ) ;
#3736 = PRESENTATION_STYLE_ASSIGNMENT (( #6862 ) ) ;
#3737 = VERTEX_POINT ( 'NONE', #5426 ) ;
#3738 = CARTESIAN_POINT ( 'NONE',  ( -0.01171484549608728387, 1.201000000000000068, -0.1731223729965914448 ) ) ;
#3739 = MECHANICAL_DESIGN_GEOMETRIC_PRESENTATION_REPRESENTATION (  '', ( #5412 ), #2543 ) ;
#3740 = DIRECTION ( 'NONE',  ( -0.000000000000000000, -1.000000000000000000, -0.000000000000000000 ) ) ;
#3741 = EDGE_CURVE ( 'NONE', #1390, #3799, #7146, .T. ) ;
#3742 =( BOUNDED_SURFACE ( )  B_SPLINE_SURFACE ( 3, 2, ( 
 ( #3068, #452, #2935 ),
 ( #7929, #5519, #3688 ),
 ( #579, #1237, #6155 ),
 ( #2358, #4344, #538 ) ),
 .UNSPECIFIED., .F., .F., .T. ) 
 B_SPLINE_SURFACE_WITH_KNOTS ( ( 4, 4 ),
 ( 3, 3 ),
 ( 6.234218453013218249E-06, 2.061275186545662150E-05 ),
 ( 0.000000000000000000, 1.000000000000000000 ),
 .UNSPECIFIED. ) 
 GEOMETRIC_REPRESENTATION_ITEM ( )  RATIONAL_B_SPLINE_SURFACE ( (
 ( 1.000000000000000000, 0.7071067812018038135, 1.000000000000000000),
 ( 1.000000000000000000, 0.9301597639360987824, 1.000000000000000000),
 ( 1.000000000000000000, 0.9946809230432416271, 1.000000000000000000),
 ( 1.000000000000000000, 1.000000000000000000, 1.000000000000000000) ) ) 
 REPRESENTATION_ITEM ( '' )  SURFACE ( )  );
#3743 = MECHANICAL_DESIGN_GEOMETRIC_PRESENTATION_REPRESENTATION (  '', ( #3214 ), #4916 ) ;
#3744 = CARTESIAN_POINT ( 'NONE',  ( 0.2389217725573917761, 1.200000000000000178, 0.04130007005468876863 ) ) ;
#3745 = FACE_OUTER_BOUND ( 'NONE', #6629, .T. ) ;
#3746 = LINE ( 'NONE', #4925, #1590 ) ;
#3747 = DIRECTION ( 'NONE',  ( 6.195440985631457289E-16, 0.000000000000000000, 1.000000000000000000 ) ) ;
#3748 =( NAMED_UNIT ( * ) SI_UNIT ( $, .STERADIAN. ) SOLID_ANGLE_UNIT ( ) );
#3749 = LINE ( 'NONE', #3667, #2013 ) ;
#3750 = LINE ( 'NONE', #3792, #7194 ) ;
#3751 = DIRECTION ( 'NONE',  ( 0.7071067811865483499, 0.000000000000000000, -0.7071067811865466846 ) ) ;
#3752 = DIRECTION ( 'NONE',  ( -0.9542223647567409373, 0.000000000000000000, 0.2990981086500769104 ) ) ;
#3753 = ORIENTED_EDGE ( 'NONE', *, *, #3474, .F. ) ;
#3754 = CARTESIAN_POINT ( 'NONE',  ( 0.07689643080899724592, 1.200000000000000178, 0.004366363806560216027 ) ) ;
#3755 = EDGE_LOOP ( 'NONE', ( #5645, #2253, #2277, #399 ) ) ;
#3756 = VECTOR ( 'NONE', #2488, 1000.000000000000000 ) ;
#3757 = EDGE_CURVE ( 'NONE', #1628, #5483, #2192, .T. ) ;
#3758 = CARTESIAN_POINT ( 'NONE',  ( -0.01587640557001166255, 1.201000000000000290, 0.05673167592557083749 ) ) ;
#3759 = CARTESIAN_POINT ( 'NONE',  ( 1.600000000000000533, 0.2999999999999999889, -1.250000000000001332 ) ) ;
#3760 = VERTEX_POINT ( 'NONE', #1512 ) ;
#3761 = PRESENTATION_STYLE_ASSIGNMENT (( #2354 ) ) ;
#3762 = PRESENTATION_STYLE_ASSIGNMENT (( #7587 ) ) ;
#3763 = B_SPLINE_SURFACE_WITH_KNOTS ( 'NONE', 3, 1, ( 
 ( #797, #6951 ),
 ( #6337, #3868 ),
 ( #5698, #7695 ),
 ( #2702, #93 ),
 ( #2663, #1407 ),
 ( #7604, #2085 ),
 ( #5159, #6500 ),
 ( #3285, #3944 ),
 ( #2053, #7567 ),
 ( #5775, #6462 ),
 ( #3984, #176 ),
 ( #4480, #3204 ),
 ( #3245, #1445 ),
 ( #835, #7651 ),
 ( #4561, #879 ),
 ( #3325, #7735 ),
 ( #3363, #7077 ),
 ( #5821, #3906 ),
 ( #5197, #4594 ) ),
 .UNSPECIFIED., .F., .F., .F.,
 ( 4, 1, 1, 1, 1, 1, 1, 1, 1, 1, 1, 1, 1, 1, 1, 1, 4 ),
 ( 2, 2 ),
 ( 0.000000000000000000, 0.06705099218804647099, 0.1311799203918655454, 0.1937216912651207601, 0.2544994837594224957, 0.3147627139698850329, 0.3751170680683988956, 0.4360228218750032414, 0.4982967466743265517, 0.5605706714736496954, 0.6216191234624538486, 0.6819734775609676003, 0.7428529083782500209, 0.8042715696802856806, 0.8674725557694046296, 0.9322728234051279594, 1.000000000000000000 ),
 ( 0.000000000000000000, 1.000000000000000000 ),
 .UNSPECIFIED. ) ;
#3764 = VERTEX_POINT ( 'NONE', #4019 ) ;
#3765 = COLOUR_RGB ( '',1.000000000000000000, 0.8078431372549019773, 0.4980392156862745168 ) ;
#3766 = ORIENTED_EDGE ( 'NONE', *, *, #3096, .F. ) ;
#3767 = VECTOR ( 'NONE', #252, 1000.000000000000000 ) ;
#3768 = CARTESIAN_POINT ( 'NONE',  ( -0.01800644472572756824, 1.201000000000000068, -0.06746463928698642754 ) ) ;
#3769 = CARTESIAN_POINT ( 'NONE',  ( -0.03960674325207853841, 1.199999999999999956, -0.1310626068962569835 ) ) ;
#3770 = EDGE_CURVE ( 'NONE', #3372, #4788, #3218, .T. ) ;
#3771 = B_SPLINE_CURVE_WITH_KNOTS ( 'NONE', 3,
 ( #1842, #1885, #625, #3074, #2486, #4992, #5646, #2983, #5569, #1279, #1164, #3147, #666, #4393, #6865 ),
 .UNSPECIFIED., .F., .F.,
 ( 4, 1, 1, 1, 1, 1, 1, 1, 1, 1, 1, 1, 4 ),
 ( 0.000000000000000000, 0.1297890756576322024, 0.2546053700922402685, 0.3784354924817376342, 0.5029195826750446630, 0.5650179669759706202, 0.6248477746307943281, 0.6834480871906746247, 0.7427645197557700696, 0.8027569578129470917, 0.8652203742489510407, 0.9307788121001258075, 1.000000000000000000 ),
 .UNSPECIFIED. ) ;
#3772 = DIRECTION ( 'NONE',  ( 1.668003342285392290E-16, -0.000000000000000000, 1.000000000000000000 ) ) ;
#3773 = VECTOR ( 'NONE', #1015, 1000.000000000000000 ) ;
#3774 = VERTEX_POINT ( 'NONE', #6018 ) ;
#3775 = CARTESIAN_POINT ( 'NONE',  ( -1.500000000000000000, 0.8002401427464317374, 0.3702333690842796177 ) ) ;
#3776 = CARTESIAN_POINT ( 'NONE',  ( -0.5124621719190511904, 1.200000000000000178, 0.08366764526557586568 ) ) ;
#3777 = LINE ( 'NONE', #7559, #5450 ) ;
#3778 = LINE ( 'NONE', #4880, #4896 ) ;
#3779 = LINE ( 'NONE', #4232, #3420 ) ;
#3780 = LINE ( 'NONE', #7214, #4424 ) ;
#3781 = FILL_AREA_STYLE ('',( #3661 ) ) ;
#3782 = CARTESIAN_POINT ( 'NONE',  ( -1.500999999999999890, 0.8010000000000069287, 0.3891067359793587976 ) ) ;
#3783 = DIRECTION ( 'NONE',  ( 0.000000000000000000, -1.000000000000000000, 0.000000000000000000 ) ) ;
#3784 = ADVANCED_FACE ( 'NONE', ( #7217 ), #2154, .F. ) ;
#3785 = B_SPLINE_CURVE_WITH_KNOTS ( 'NONE', 3,
 ( #2991, #2375, #7482, #552, #5444, #5614, #7444, #4882, #8064, #1209, #3117, #6870, #1849, #2950, #4234, #1769, #1810, #6169, #3035 ),
 .UNSPECIFIED., .F., .F.,
 ( 4, 1, 1, 1, 1, 1, 1, 1, 1, 1, 1, 1, 1, 1, 1, 1, 4 ),
 ( 0.000000000000000000, 0.08256648184309024752, 0.1597600173463218642, 0.2331545001529424233, 0.3013562791316531930, 0.3657520143271566493, 0.4264371723179326557, 0.4841852540351044287, 0.5395491542935744178, 0.5931555898196898546, 0.6470483404201384792, 0.7014463748055865810, 0.7569996743770369685, 0.8138396236591048938, 0.8730579525107786676, 0.9349625940127609391, 1.000000000000000000 ),
 .UNSPECIFIED. ) ;
#3786 = ADVANCED_FACE ( 'NONE', ( #4780 ), #4659, .T. ) ;
#3787 = AXIS2_PLACEMENT_3D ( 'NONE', #5829, #6471, #4530 ) ;
#3788 = CARTESIAN_POINT ( 'NONE',  ( -0.5999999999999997558, 0.000000000000000000, -0.4999999999999995559 ) ) ;
#3789 = FACE_OUTER_BOUND ( 'NONE', #4425, .T. ) ;
#3790 = CARTESIAN_POINT ( 'NONE',  ( 0.5774269110303344998, 1.200000000000000178, -0.1731642232240074575 ) ) ;
#3791 = ORIENTED_EDGE ( 'NONE', *, *, #4410, .T. ) ;
#3792 = CARTESIAN_POINT ( 'NONE',  ( -1.349999999999998312, 0.2999999999999999889, 1.150000000000000355 ) ) ;
#3793 = PLANE ( 'NONE',  #3500 ) ;
#3794 = CARTESIAN_POINT ( 'NONE',  ( 1.500000000000000444, 0.8000000000000000444, 0.3750000000000000000 ) ) ;
#3795 = VERTEX_POINT ( 'NONE', #7184 ) ;
#3796 = VERTEX_POINT ( 'NONE', #3478 ) ;
#3797 = CARTESIAN_POINT ( 'NONE',  ( -0.08770177403243258063, 1.201000000000000068, 0.01452060374914958263 ) ) ;
#3798 = CARTESIAN_POINT ( 'NONE',  ( -1.500999999999999890, 0.8010000000000000453, -0.9999999999999985567 ) ) ;
#3799 = VERTEX_POINT ( 'NONE', #4055 ) ;
#3800 = CARTESIAN_POINT ( 'NONE',  ( 0.03023396923561810085, 1.200999999999999845, -0.1143951195476921034 ) ) ;
#3801 = CARTESIAN_POINT ( 'NONE',  ( -0.5999999999999996447, 0.2999999999999999889, -1.149999999999999023 ) ) ;
#3802 = ORIENTED_EDGE ( 'NONE', *, *, #3907, .F. ) ;
#3803 = VERTEX_POINT ( 'NONE', #6561 ) ;
#3804 = EDGE_CURVE ( 'NONE', #6153, #4227, #3556, .T. ) ;
#3805 = CARTESIAN_POINT ( 'NONE',  ( -0.01958834799909427160, 1.199999999999999734, -0.06752795707594276553 ) ) ;
#3806 = CARTESIAN_POINT ( 'NONE',  ( -0.04946052010476825050, 1.201000000000000290, -0.1132348698196174452 ) ) ;
#3807 = VECTOR ( 'NONE', #6332, 1000.000000000000000 ) ;
#3808 = AXIS2_PLACEMENT_3D ( 'NONE', #6906, #631, #2491 ) ;
#3809 = DIRECTION ( 'NONE',  ( 0.000000000000000000, 0.000000000000000000, -1.000000000000000000 ) ) ;
#3810 = SURFACE_STYLE_USAGE ( .BOTH. , #1956 ) ;
#3811 = CARTESIAN_POINT ( 'NONE',  ( 0.2451731522950253428, 1.201000000000000068, 0.02750875160700918046 ) ) ;
#3812 = ORIENTED_EDGE ( 'NONE', *, *, #6418, .F. ) ;
#3813 = PRESENTATION_STYLE_ASSIGNMENT (( #1472 ) ) ;
#3814 = CARTESIAN_POINT ( 'NONE',  ( -0.3412409262593289472, 1.200000000000000178, -0.1731642232240074575 ) ) ;
#3815 = EDGE_CURVE ( 'NONE', #4544, #7989, #2931, .T. ) ;
#3816 = CYLINDRICAL_SURFACE ( 'NONE', #2400, 0.1499999999999999667 ) ;
#3817 = LINE ( 'NONE', #5611, #6266 ) ;
#3818 = VECTOR ( 'NONE', #2422, 1000.000000000000000 ) ;
#3819 = CARTESIAN_POINT ( 'NONE',  ( -0.08288918689777971527, 1.200000000000000400, 0.03690018652823368744 ) ) ;
#3820 = CARTESIAN_POINT ( 'NONE',  ( 1.500000000000000222, 0.8000660148462328536, -0.3743399678858529978 ) ) ;
#3821 = DIRECTION ( 'NONE',  ( -0.000000000000000000, -1.000000000000000000, -0.000000000000000000 ) ) ;
#3822 = CARTESIAN_POINT ( 'NONE',  ( 1.500000000000000444, 0.2999999999999999889, 0.5000000000000003331 ) ) ;
#3823 = CARTESIAN_POINT ( 'NONE',  ( 0.07385448199770729139, 1.201000000000000290, -0.01643137398134957017 ) ) ;
#3824 = CARTESIAN_POINT ( 'NONE',  ( 0.04363973627445606740, 1.200999999999999845, -0.1541292236904824309 ) ) ;
#3825 =( GEOMETRIC_REPRESENTATION_CONTEXT ( 3 ) GLOBAL_UNCERTAINTY_ASSIGNED_CONTEXT ( ( #725 ) ) GLOBAL_UNIT_ASSIGNED_CONTEXT ( ( #3072, #6391, #4988 ) ) REPRESENTATION_CONTEXT ( 'NONE', 'WORKASPACE' ) );
#3826 = B_SPLINE_CURVE_WITH_KNOTS ( 'NONE', 3,
 ( #7236, #3537, #5357, #2909, #1007, #471, #2252, #7361, #309, #4118, #6618, #5401, #3455, #3494, #4199 ),
 .UNSPECIFIED., .F., .F.,
 ( 4, 1, 1, 1, 1, 1, 1, 1, 1, 1, 1, 1, 4 ),
 ( 0.000000000000000000, 0.1277971582348373103, 0.2467952527166548948, 0.3622843155839154394, 0.4776524647273058810, 0.5362368417287129985, 0.5955904355162847663, 0.6563437591396387161, 0.7190851405078753089, 0.7843491651281218058, 0.8528755346365584078, 0.9245512555167001434, 1.000000000000000000 ),
 .UNSPECIFIED. ) ;
#3827 = AXIS2_PLACEMENT_3D ( 'NONE', #878, #7603, #3202 ) ;
#3828 = CARTESIAN_POINT ( 'NONE',  ( -1.500000000000000000, 1.050000000000000044, -1.149999999999998357 ) ) ;
#3829 = EDGE_CURVE ( 'NONE', #3167, #4332, #332, .T. ) ;
#3830 = VECTOR ( 'NONE', #2666, 1000.000000000000000 ) ;
#3831 = UNCERTAINTY_MEASURE_WITH_UNIT (LENGTH_MEASURE( 1.000000000000000082E-05 ), #5117, 'distance_accuracy_value', 'NONE');
#3832 = DIRECTION ( 'NONE',  ( 1.000000000000000000, 0.000000000000000000, -2.891205793294682764E-16 ) ) ;
#3833 = CARTESIAN_POINT ( 'NONE',  ( 0.2283475384939116226, 1.200000000000000178, 0.007060543466499426615 ) ) ;
#3834 = VERTEX_POINT ( 'NONE', #371 ) ;
#3835 = EDGE_CURVE ( 'NONE', #3252, #616, #5380, .T. ) ;
#3836 = DIRECTION ( 'NONE',  ( -0.000000000000000000, -1.000000000000000000, -0.000000000000000000 ) ) ;
#3837 = LINE ( 'NONE', #7490, #1800 ) ;
#3838 = CIRCLE ( 'NONE', #5373, 0.001000000000000024307 ) ;
#3839 = ORIENTED_EDGE ( 'NONE', *, *, #4625, .F. ) ;
#3840 = DIRECTION ( 'NONE',  ( 0.000000000000000000, -1.000000000000000000, 0.000000000000000000 ) ) ;
#3841 = VERTEX_POINT ( 'NONE', #909 ) ;
#3842 = CARTESIAN_POINT ( 'NONE',  ( -0.05477461140556289659, 1.201000000000000068, 0.01122788748646262255 ) ) ;
#3843 = CARTESIAN_POINT ( 'NONE',  ( -1.349999999999998535, 0.2999999999999999889, -1.149999999999999023 ) ) ;
#3844 = ORIENTED_EDGE ( 'NONE', *, *, #3611, .T. ) ;
#3845 = MECHANICAL_DESIGN_GEOMETRIC_PRESENTATION_REPRESENTATION (  '', ( #3049 ), #1359 ) ;
#3846 = ORIENTED_EDGE ( 'NONE', *, *, #2492, .F. ) ;
#3847 = ORIENTED_EDGE ( 'NONE', *, *, #6350, .F. ) ;
#3848 = LINE ( 'NONE', #5601, #5797 ) ;
#3849 = PLANE ( 'NONE',  #5822 ) ;
#3850 = CARTESIAN_POINT ( 'NONE',  ( 1.350000000000000089, 1.050000000000000044, -0.9999999999999985567 ) ) ;
#3851 = CARTESIAN_POINT ( 'NONE',  ( 0.6000000000000001998, 0.2999999999999999889, -0.4999999999999996669 ) ) ;
#3852 = PRESENTATION_LAYER_ASSIGNMENT (  '', '', ( #5806 ) ) ;
#3853 = CARTESIAN_POINT ( 'NONE',  ( -0.004149098866750781760, 1.200000000000000178, -0.04166136748294676367 ) ) ;
#3854 = ORIENTED_EDGE ( 'NONE', *, *, #639, .F. ) ;
#3855 =( LENGTH_UNIT ( ) NAMED_UNIT ( * ) SI_UNIT ( .MILLI., .METRE. ) );
#3856 = EDGE_CURVE ( 'NONE', #2687, #1205, #4738, .T. ) ;
#3857 = STYLED_ITEM ( 'NONE', ( #5968 ), #7332 ) ;
#3858 = VECTOR ( 'NONE', #2706, 999.9999999999998863 ) ;
#3859 = CARTESIAN_POINT ( 'NONE',  ( 0.01405158302405999822, 1.200000000000000622, 0.05370641542404015756 ) ) ;
#3860 = CARTESIAN_POINT ( 'NONE',  ( 1.349999999999998979, 0.000000000000000000, -1.149999999999999467 ) ) ;
#3861 = CIRCLE ( 'NONE', #6628, 0.1499999999999999667 ) ;
#3862 = CARTESIAN_POINT ( 'NONE',  ( 0.03682852770470441267, 1.199999999999999956, -0.06091995265421428635 ) ) ;
#3863 = EDGE_CURVE ( 'NONE', #6760, #3602, #944, .T. ) ;
#3864 = CARTESIAN_POINT ( 'NONE',  ( -0.01171484549608728387, 1.200000000000000178, -0.1731223729965914448 ) ) ;
#3865 = ADVANCED_FACE ( 'NONE', ( #7927 ), #4139, .F. ) ;
#3866 = CARTESIAN_POINT ( 'NONE',  ( 1.600000000000000533, 0.2999999999999999889, -1.250000000000001332 ) ) ;
#3867 = VECTOR ( 'NONE', #1584, 1000.000000000000000 ) ;
#3868 = CARTESIAN_POINT ( 'NONE',  ( 0.04396829658951284525, 1.199999999999999956, 0.004434899774773526544 ) ) ;
#3869 = DIRECTION ( 'NONE',  ( 0.000000000000000000, 0.000000000000000000, -1.000000000000000000 ) ) ;
#3870 = DIRECTION ( 'NONE',  ( 0.000000000000000000, -1.000000000000000000, 0.000000000000000000 ) ) ;
#3871 = CARTESIAN_POINT ( 'NONE',  ( 1.500000000000000444, 0.2999999999999999889, 0.5000000000000003331 ) ) ;
#3872 = CARTESIAN_POINT ( 'NONE',  ( -0.4762422930294945012, 1.200000000000000178, -0.1435297768598247370 ) ) ;
#3873 = ORIENTED_EDGE ( 'NONE', *, *, #1771, .F. ) ;
#3874 = LINE ( 'NONE', #2588, #1307 ) ;
#3875 = CARTESIAN_POINT ( 'NONE',  ( 0.6000000000000004219, 0.2999999999999999889, 1.150000000000000133 ) ) ;
#3876 = VECTOR ( 'NONE', #8128, 1000.000000000000000 ) ;
#3877 = UNCERTAINTY_MEASURE_WITH_UNIT (LENGTH_MEASURE( 1.000000000000000082E-05 ), #3264, 'distance_accuracy_value', 'NONE');
#3878 = VERTEX_POINT ( 'NONE', #5513 ) ;
#3879 = ORIENTED_EDGE ( 'NONE', *, *, #4975, .F. ) ;
#3880 = CARTESIAN_POINT ( 'NONE',  ( -0.01102066680419955431, 1.200000000000000400, -0.1434223286406932640 ) ) ;
#3881 = CARTESIAN_POINT ( 'NONE',  ( 0.6000000000000000888, 0.2999999999999999889, -1.149999999999999245 ) ) ;
#3882 = PRESENTATION_STYLE_ASSIGNMENT (( #7013 ) ) ;
#3883 = ORIENTED_EDGE ( 'NONE', *, *, #6445, .T. ) ;
#3884 = CARTESIAN_POINT ( 'NONE',  ( 0.007378846931168720792, 1.201000000000000068, -0.1409561995324493389 ) ) ;
#3885 = FACE_OUTER_BOUND ( 'NONE', #7165, .T. ) ;
#3886 = EDGE_CURVE ( 'NONE', #7548, #7285, #7997, .T. ) ;
#3887 = VERTEX_POINT ( 'NONE', #6889 ) ;
#3888 = ORIENTED_EDGE ( 'NONE', *, *, #4213, .T. ) ;
#3889 = AXIS2_PLACEMENT_3D ( 'NONE', #4955, #7476, #542 ) ;
#3890 = EDGE_CURVE ( 'NONE', #4332, #4844, #3137, .T. ) ;
#3891 = DIRECTION ( 'NONE',  ( 0.000000000000000000, 0.000000000000000000, 1.000000000000000000 ) ) ;
#3892 = CARTESIAN_POINT ( 'NONE',  ( -0.04208598807773997891, 1.201000000000000068, -0.1281104162194585117 ) ) ;
#3893 =( LENGTH_UNIT ( ) NAMED_UNIT ( * ) SI_UNIT ( .MILLI., .METRE. ) );
#3894 = DIRECTION ( 'NONE',  ( 0.000000000000000000, -1.000000000000000000, 0.000000000000000000 ) ) ;
#3895 = VERTEX_POINT ( 'NONE', #6810 ) ;
#3896 = DIRECTION ( 'NONE',  ( 0.9537054296867863989, -0.000000000000000000, 0.3007423372023669828 ) ) ;
#3897 = CIRCLE ( 'NONE', #3102, 0.0009999999999999158867 ) ;
#3898 =( NAMED_UNIT ( * ) PLANE_ANGLE_UNIT ( ) SI_UNIT ( $, .RADIAN. ) );
#3899 = FACE_OUTER_BOUND ( 'NONE', #3092, .T. ) ;
#3900 = B_SPLINE_SURFACE_WITH_KNOTS ( 'NONE', 3, 1, ( 
 ( #3842, #6968 ),
 ( #110, #4418 ),
 ( #2440, #7583 ),
 ( #2596, #7621 ),
 ( #655, #3134 ),
 ( #1908, #2515 ),
 ( #2476, #3177 ),
 ( #3723, #4977 ),
 ( #3097, #5677 ),
 ( #6928, #68 ),
 ( #4379, #2555 ),
 ( #1269, #7498 ),
 ( #1945, #5062 ),
 ( #5020, #6886 ),
 ( #1987, #4497 ),
 ( #3758, #1230 ),
 ( #6238, #6274 ),
 ( #1308, #5593 ),
 ( #1188, #7544 ) ),
 .UNSPECIFIED., .F., .F., .F.,
 ( 4, 1, 1, 1, 1, 1, 1, 1, 1, 1, 1, 1, 1, 1, 1, 1, 4 ),
 ( 2, 2 ),
 ( 0.000000000000000000, 0.08256648184309024752, 0.1597600173463218642, 0.2331545001529424233, 0.3013562791316531930, 0.3657520143271566493, 0.4264371723179326557, 0.4841852540351044287, 0.5395491542935744178, 0.5931555898196898546, 0.6470483404201384792, 0.7014463748055865810, 0.7569996743770369685, 0.8138396236591048938, 0.8730579525107786676, 0.9349625940127609391, 1.000000000000000000 ),
 ( 0.000000000000000000, 1.000000000000000000 ),
 .UNSPECIFIED. ) ;
#3901 = FACE_OUTER_BOUND ( 'NONE', #1108, .T. ) ;
#3902 =( GEOMETRIC_REPRESENTATION_CONTEXT ( 3 ) GLOBAL_UNCERTAINTY_ASSIGNED_CONTEXT ( ( #4737 ) ) GLOBAL_UNIT_ASSIGNED_CONTEXT ( ( #5997, #2825, #5448 ) ) REPRESENTATION_CONTEXT ( 'NONE', 'WORKASPACE' ) );
#3903 = CARTESIAN_POINT ( 'NONE',  ( 0.02872661506851431623, 1.201000000000000068, -0.05694162888947846418 ) ) ;
#3904 = FACE_OUTER_BOUND ( 'NONE', #5285, .T. ) ;
#3905 = DIRECTION ( 'NONE',  ( 1.000000000000000000, 0.000000000000000000, 0.000000000000000000 ) ) ;
#3906 = CARTESIAN_POINT ( 'NONE',  ( -0.002432387054272662150, 1.200000000000000178, -0.04162278803702693097 ) ) ;
#3907 = EDGE_CURVE ( 'NONE', #2769, #1183, #7290, .T. ) ;
#3908 = DIRECTION ( 'NONE',  ( -1.000000000000000000, 0.000000000000000000, 0.000000000000000000 ) ) ;
#3909 = UNCERTAINTY_MEASURE_WITH_UNIT (LENGTH_MEASURE( 1.000000000000000082E-05 ), #7307, 'distance_accuracy_value', 'NONE');
#3910 = DIRECTION ( 'NONE',  ( -0.000000000000000000, -0.000000000000000000, -1.000000000000000000 ) ) ;
#3911 = PLANE ( 'NONE',  #983 ) ;
#3912 = FILL_AREA_STYLE_COLOUR ( '', #3444 ) ;
#3913 = VERTEX_POINT ( 'NONE', #3014 ) ;
#3914 = SURFACE_STYLE_FILL_AREA ( #7161 ) ;
#3915 = DIRECTION ( 'NONE',  ( 0.000000000000000000, 0.000000000000000000, -1.000000000000000000 ) ) ;
#3916 = AXIS2_PLACEMENT_3D ( 'NONE', #1451, #4599, #2021 ) ;
#3917 = EDGE_LOOP ( 'NONE', ( #1503, #4263, #324, #7134 ) ) ;
#3918 = EDGE_CURVE ( 'NONE', #156, #3252, #7385, .T. ) ;
#3919 = ORIENTED_EDGE ( 'NONE', *, *, #7180, .F. ) ;
#3920 = FILL_AREA_STYLE ('',( #5836 ) ) ;
#3921 = PRESENTATION_STYLE_ASSIGNMENT (( #1424 ) ) ;
#3922 = ORIENTED_EDGE ( 'NONE', *, *, #5343, .T. ) ;
#3923 = CARTESIAN_POINT ( 'NONE',  ( -1.500000000000000000, 0.8000000000000000444, 0.3749999999999996669 ) ) ;
#3924 = CARTESIAN_POINT ( 'NONE',  ( 1.500000000000000222, 0.8010000000000000453, -1.149999999999998357 ) ) ;
#3925 = ORIENTED_EDGE ( 'NONE', *, *, #3148, .T. ) ;
#3926 = EDGE_LOOP ( 'NONE', ( #2986, #5798, #5451, #6431 ) ) ;
#3927 = PLANE ( 'NONE',  #2409 ) ;
#3928 =( NAMED_UNIT ( * ) SI_UNIT ( $, .STERADIAN. ) SOLID_ANGLE_UNIT ( ) );
#3929 = APPLICATION_PROTOCOL_DEFINITION ( 'draft international standard', 'automotive_design', 1998, #2782 ) ;
#3930 = EDGE_CURVE ( 'NONE', #6100, #6675, #4746, .T. ) ;
#3931 = CARTESIAN_POINT ( 'NONE',  ( 0.04400687647504605143, 1.200000000000000178, 0.006134467017618715733 ) ) ;
#3932 = CARTESIAN_POINT ( 'NONE',  ( 0.2505259276868462281, 1.201000000000000068, 0.01037709011405613981 ) ) ;
#3933 = ORIENTED_EDGE ( 'NONE', *, *, #4435, .F. ) ;
#3934 = CARTESIAN_POINT ( 'NONE',  ( -1.099999999999998979, 1.200000000000000178, 0.8000000000000022649 ) ) ;
#3935 = ADVANCED_FACE ( 'NONE', ( #7342 ), #8087, .T. ) ;
#3936 = VECTOR ( 'NONE', #6645, 1000.000000000000114 ) ;
#3937 =( NAMED_UNIT ( * ) SI_UNIT ( $, .STERADIAN. ) SOLID_ANGLE_UNIT ( ) );
#3938 = CARTESIAN_POINT ( 'NONE',  ( 1.349999999999998979, 0.2999999999999999889, -1.149999999999999467 ) ) ;
#3939 = CARTESIAN_POINT ( 'NONE',  ( -1.499999999999999556, 0.2999999999999999889, 0.5000000000000006661 ) ) ;
#3940 = DIRECTION ( 'NONE',  ( 0.000000000000000000, 0.000000000000000000, 1.000000000000000000 ) ) ;
#3941 = CARTESIAN_POINT ( 'NONE',  ( -1.600000000000000089, 0.2999999999999999889, -1.250000000000000888 ) ) ;
#3942 = AXIS2_PLACEMENT_3D ( 'NONE', #5042, #2376, #674 ) ;
#3943 = FACE_OUTER_BOUND ( 'NONE', #2265, .T. ) ;
#3944 = CARTESIAN_POINT ( 'NONE',  ( 0.03646546018470422923, 1.200000000000000178, -0.02099276114133308280 ) ) ;
#3945 = SURFACE_STYLE_USAGE ( .BOTH. , #5088 ) ;
#3946 = CARTESIAN_POINT ( 'NONE',  ( 1.600000000000000311, 0.8000000000000000444, 1.250000000000001776 ) ) ;
#3947 = CARTESIAN_POINT ( 'NONE',  ( -0.3412409262593289472, 1.200000000000000178, -0.1435297768598247370 ) ) ;
#3948 = CIRCLE ( 'NONE', #2106, 0.1000000000000001027 ) ;
#3949 = EDGE_LOOP ( 'NONE', ( #4731, #3436, #2071, #2749 ) ) ;
#3950 =( NAMED_UNIT ( * ) SI_UNIT ( $, .STERADIAN. ) SOLID_ANGLE_UNIT ( ) );
#3951 = CARTESIAN_POINT ( 'NONE',  ( 0.04065885146851301590, 1.200999999999999845, 0.02615855993532342771 ) ) ;
#3952 = ADVANCED_FACE ( 'NONE', ( #4576 ), #1911, .T. ) ;
#3953 = VERTEX_POINT ( 'NONE', #6437 ) ;
#3954 = FILL_AREA_STYLE_COLOUR ( '', #1370 ) ;
#3955 = ORIENTED_EDGE ( 'NONE', *, *, #3368, .F. ) ;
#3956 = CARTESIAN_POINT ( 'NONE',  ( -0.03086553751467309425, 1.199999999999999734, -0.1381885677039300653 ) ) ;
#3957 = B_SPLINE_CURVE_WITH_KNOTS ( 'NONE', 3,
 ( #8, #1815, #6830, #1211, #3706, #1852, #4361, #6873, #2496, #4403, #6294, #5891, #2811, #3823, #6335, #2081, #7147, #3319, #7726 ),
 .UNSPECIFIED., .F., .F.,
 ( 4, 1, 1, 1, 1, 1, 1, 1, 1, 1, 1, 1, 1, 1, 1, 1, 4 ),
 ( 0.000000000000000000, 0.06582824467818962355, 0.1289383166014421711, 0.1908583237191151527, 0.2511862310452449010, 0.3109740177800718319, 0.3700498785126953849, 0.4296723095349300747, 0.4895072568266741198, 0.5499752717322410334, 0.6100748076115777296, 0.6709148653422591924, 0.7329088543890388552, 0.7967107088217866284, 0.8618253836021726455, 0.9298919770519397110, 0.9999999999999998890 ),
 .UNSPECIFIED. ) ;
#3958 = CARTESIAN_POINT ( 'NONE',  ( 0.03047230801860492319, 1.200999999999999845, -0.02817665670107535186 ) ) ;
#3959 = VECTOR ( 'NONE', #6961, 1000.000000000000000 ) ;
#3960 = EDGE_CURVE ( 'NONE', #809, #7588, #2947, .T. ) ;
#3961 = PLANE ( 'NONE',  #341 ) ;
#3962 = VECTOR ( 'NONE', #3622, 1000.000000000000000 ) ;
#3963 = VERTEX_POINT ( 'NONE', #740 ) ;
#3964 = CARTESIAN_POINT ( 'NONE',  ( 1.600000000000000755, 0.000000000000000000, 0.3750000000000000000 ) ) ;
#3965 = DIRECTION ( 'NONE',  ( 1.000000000000000000, 0.000000000000000000, 0.000000000000000000 ) ) ;
#3966 = ORIENTED_EDGE ( 'NONE', *, *, #7323, .F. ) ;
#3967 = ORIENTED_EDGE ( 'NONE', *, *, #6501, .F. ) ;
#3968 = PLANE ( 'NONE',  #6742 ) ;
#3969 = CARTESIAN_POINT ( 'NONE',  ( -1.599999999999999867, 0.2999999999999999889, 1.250000000000002220 ) ) ;
#3970 = VECTOR ( 'NONE', #1844, 1000.000000000000000 ) ;
#3971 = FACE_OUTER_BOUND ( 'NONE', #2273, .T. ) ;
#3972 = CARTESIAN_POINT ( 'NONE',  ( 0.07674820536997686848, 1.201000000000000068, 0.01459107594744134435 ) ) ;
#3973 = EDGE_LOOP ( 'NONE', ( #5508, #3605, #5808, #28 ) ) ;
#3974 = CARTESIAN_POINT ( 'NONE',  ( 0.6000000000000003109, 0.000000000000000000, 0.5000000000000005551 ) ) ;
#3975 = SURFACE_STYLE_FILL_AREA ( #5810 ) ;
#3976 = VECTOR ( 'NONE', #6245, 999.9999999999998863 ) ;
#3977 = EDGE_CURVE ( 'NONE', #29, #1236, #1438, .T. ) ;
#3978 = CARTESIAN_POINT ( 'NONE',  ( -0.05895570330960506894, 1.199999999999999512, -0.1560069433595828448 ) ) ;
#3979 = PRESENTATION_STYLE_ASSIGNMENT (( #6566 ) ) ;
#3980 = FACE_OUTER_BOUND ( 'NONE', #4974, .T. ) ;
#3981 = CARTESIAN_POINT ( 'NONE',  ( 0.05890740846727900853, 1.200999999999999845, -0.08495471445623789530 ) ) ;
#3982 = SURFACE_STYLE_USAGE ( .BOTH. , #4478 ) ;
#3983 = AXIS2_PLACEMENT_3D ( 'NONE', #6476, #5208, #4536 ) ;
#3984 = CARTESIAN_POINT ( 'NONE',  ( 0.02701080828233819175, 1.201000000000000068, -0.03137519368045488255 ) ) ;
#3985 = STYLED_ITEM ( 'NONE', ( #2023 ), #2568 ) ;
#3986 = EDGE_CURVE ( 'NONE', #3887, #3139, #1311, .T. ) ;
#3987 = CARTESIAN_POINT ( 'NONE',  ( -0.2325812895906590461, 1.201000000000000068, 0.08366764526557586568 ) ) ;
#3988 = ADVANCED_FACE ( 'NONE', ( #7625 ), #24, .F. ) ;
#3989 = UNCERTAINTY_MEASURE_WITH_UNIT (LENGTH_MEASURE( 1.000000000000000082E-05 ), #118, 'distance_accuracy_value', 'NONE');
#3990 = LINE ( 'NONE', #416, #6584 ) ;
#3991 = VECTOR ( 'NONE', #2810, 1000.000000000000000 ) ;
#3992 = LINE ( 'NONE', #6538, #6578 ) ;
#3993 = LINE ( 'NONE', #5906, #7404 ) ;
#3994 = FILL_AREA_STYLE_COLOUR ( '', #1607 ) ;
#3995 = VERTEX_POINT ( 'NONE', #5636 ) ;
#3996 = SURFACE_STYLE_FILL_AREA ( #7122 ) ;
#3997 = CARTESIAN_POINT ( 'NONE',  ( 1.499999999999999334, 0.8002401427464588268, 0.3797666309157122777 ) ) ;
#3998 = ORIENTED_EDGE ( 'NONE', *, *, #6849, .F. ) ;
#3999 = VECTOR ( 'NONE', #1891, 1000.000000000000000 ) ;
#4000 = CARTESIAN_POINT ( 'NONE',  ( -0.3609972238354506868, 1.201000000000000068, -0.03157742392846793478 ) ) ;
#4001 = ORIENTED_EDGE ( 'NONE', *, *, #968, .T. ) ;
#4002 = DIRECTION ( 'NONE',  ( 0.000000000000000000, 0.000000000000000000, -1.000000000000000000 ) ) ;
#4003 =( NAMED_UNIT ( * ) PLANE_ANGLE_UNIT ( ) SI_UNIT ( $, .RADIAN. ) );
#4004 = DIRECTION ( 'NONE',  ( -1.734723475976807094E-16, -0.000000000000000000, -1.000000000000000000 ) ) ;
#4005 = DIRECTION ( 'NONE',  ( -2.409338161078897701E-16, 0.000000000000000000, -1.000000000000000000 ) ) ;
#4006 = CIRCLE ( 'NONE', #871, 0.1000000000000001027 ) ;
#4007 = ORIENTED_EDGE ( 'NONE', *, *, #2915, .F. ) ;
#4008 = DIRECTION ( 'NONE',  ( -0.000000000000000000, -1.000000000000000000, -0.000000000000000000 ) ) ;
#4009 = CARTESIAN_POINT ( 'NONE',  ( 0.1526665131437159872, 1.201000000000000068, -0.1336516280717638394 ) ) ;
#4010 = VERTEX_POINT ( 'NONE', #5065 ) ;
#4011 = ORIENTED_EDGE ( 'NONE', *, *, #604, .F. ) ;
#4012 = AXIS2_PLACEMENT_3D ( 'NONE', #6601, #5935, #4182 ) ;
#4013 = DIRECTION ( 'NONE',  ( -1.355252715606880543E-16, 0.000000000000000000, -1.000000000000000000 ) ) ;
#4014 =( NAMED_UNIT ( * ) PLANE_ANGLE_UNIT ( ) SI_UNIT ( $, .RADIAN. ) );
#4015 = EDGE_CURVE ( 'NONE', #5405, #1681, #3222, .T. ) ;
#4016 = CARTESIAN_POINT ( 'NONE',  ( -0.008351362009310173487, 1.200000000000000178, -0.06777957974068361813 ) ) ;
#4017 = DIRECTION ( 'NONE',  ( -0.7071067811865466846, 0.000000000000000000, 0.7071067811865483499 ) ) ;
#4018 = ORIENTED_EDGE ( 'NONE', *, *, #2136, .F. ) ;
#4019 = CARTESIAN_POINT ( 'NONE',  ( 0.1526665131437159872, 1.200000000000000178, -0.1336516280717638394 ) ) ;
#4020 = COLOUR_RGB ( '',1.000000000000000000, 0.8078431372549019773, 0.4980392156862745168 ) ;
#4021 = PRESENTATION_LAYER_ASSIGNMENT (  '', '', ( #3246 ) ) ;
#4022 = EDGE_CURVE ( 'NONE', #7440, #4079, #2298, .T. ) ;
#4023 = CARTESIAN_POINT ( 'NONE',  ( 1.600000000000000755, 0.8000000000000000444, 0.3750000000000000000 ) ) ;
#4024 = LINE ( 'NONE', #2122, #5225 ) ;
#4025 = DIRECTION ( 'NONE',  ( 0.000000000000000000, -1.000000000000000000, 0.000000000000000000 ) ) ;
#4026 = PRESENTATION_STYLE_ASSIGNMENT (( #3243 ) ) ;
#4027 = CARTESIAN_POINT ( 'NONE',  ( 0.3271804750661250760, 1.200000000000000178, 0.08366764526557586568 ) ) ;
#4028 = STYLED_ITEM ( 'NONE', ( #7133 ), #4628 ) ;
#4029 = VECTOR ( 'NONE', #7150, 1000.000000000000000 ) ;
#4030 = CARTESIAN_POINT ( 'NONE',  ( 0.04320614403361354439, 1.200000000000000178, 0.01654837404462890238 ) ) ;
#4031 = CARTESIAN_POINT ( 'NONE',  ( -1.500000000000000000, 1.050000000000000044, 1.149999999999997913 ) ) ;
#4032 = SURFACE_SIDE_STYLE ('',( #7818 ) ) ;
#4033 = EDGE_CURVE ( 'NONE', #4788, #858, #240, .T. ) ;
#4034 = CARTESIAN_POINT ( 'NONE',  ( -0.3412409262593289472, 1.201000000000000068, -0.1731642232240074575 ) ) ;
#4035 = ORIENTED_EDGE ( 'NONE', *, *, #6140, .T. ) ;
#4036 =( LENGTH_UNIT ( ) NAMED_UNIT ( * ) SI_UNIT ( .MILLI., .METRE. ) );
#4037 = COLOUR_RGB ( '',1.000000000000000000, 0.8078431372549019773, 0.4980392156862745168 ) ;
#4038 = VECTOR ( 'NONE', #6113, 1000.000000000000000 ) ;
#4039 = EDGE_CURVE ( 'NONE', #1689, #5258, #4127, .T. ) ;
#4040 = ORIENTED_EDGE ( 'NONE', *, *, #2212, .F. ) ;
#4041 =( NAMED_UNIT ( * ) PLANE_ANGLE_UNIT ( ) SI_UNIT ( $, .RADIAN. ) );
#4042 = EDGE_LOOP ( 'NONE', ( #3879, #4939, #1153, #6738 ) ) ;
#4043 = CARTESIAN_POINT ( 'NONE',  ( -1.499999999999999556, 0.000000000000000000, 1.000000000000001998 ) ) ;
#4044 = DIRECTION ( 'NONE',  ( 0.000000000000000000, -0.000000000000000000, 1.000000000000000000 ) ) ;
#4045 = SURFACE_SIDE_STYLE ('',( #4574 ) ) ;
#4046 = FACE_OUTER_BOUND ( 'NONE', #5794, .T. ) ;
#4047 =( NAMED_UNIT ( * ) SI_UNIT ( $, .STERADIAN. ) SOLID_ANGLE_UNIT ( ) );
#4048 = CARTESIAN_POINT ( 'NONE',  ( 0.07693403910191567996, 1.200000000000000178, 0.006391710475641142024 ) ) ;
#4049 = VERTEX_POINT ( 'NONE', #5840 ) ;
#4050 = ORIENTED_EDGE ( 'NONE', *, *, #3665, .F. ) ;
#4051 = CARTESIAN_POINT ( 'NONE',  ( -0.08440905776974561014, 1.200000000000000178, -0.1073098979702681449 ) ) ;
#4052 = DIRECTION ( 'NONE',  ( 0.000000000000000000, -0.000000000000000000, 1.000000000000000000 ) ) ;
#4053 = PRESENTATION_STYLE_ASSIGNMENT (( #7143 ) ) ;
#4054 = VERTEX_POINT ( 'NONE', #4168 ) ;
#4055 = CARTESIAN_POINT ( 'NONE',  ( -0.007801955970669150267, 1.200000000000000178, 0.08696036152826282228 ) ) ;
#4056 = DIRECTION ( 'NONE',  ( 2.409338161078897701E-16, 0.000000000000000000, 1.000000000000000000 ) ) ;
#4057 = EDGE_CURVE ( 'NONE', #4079, #3963, #4683, .T. ) ;
#4058 = LINE ( 'NONE', #7187, #6734 ) ;
#4059 = SURFACE_SIDE_STYLE ('',( #1516 ) ) ;
#4060 = CARTESIAN_POINT ( 'NONE',  ( -0.5999999999999997558, 0.2999999999999999889, 0.8000000000000005995 ) ) ;
#4061 = PLANE ( 'NONE',  #2100 ) ;
#4062 = CARTESIAN_POINT ( 'NONE',  ( 1.349999999999998979, 0.2999999999999999889, -1.149999999999999467 ) ) ;
#4063 = ADVANCED_FACE ( 'NONE', ( #7915 ), #7752, .F. ) ;
#4064 = CARTESIAN_POINT ( 'NONE',  ( 0.2410450370220751926, 1.199999999999999956, 0.04096214426229461553 ) ) ;
#4065 = DIRECTION ( 'NONE',  ( 5.744117470121882566E-15, 0.000000000000000000, 1.000000000000000000 ) ) ;
#4066 = CARTESIAN_POINT ( 'NONE',  ( 0.6000000000000004219, 0.2999999999999999889, 1.150000000000000133 ) ) ;
#4067 = MECHANICAL_DESIGN_GEOMETRIC_PRESENTATION_REPRESENTATION (  '', ( #7614 ), #7219 ) ;
#4068 = VECTOR ( 'NONE', #1918, 1000.000000000000000 ) ;
#4069 = DIRECTION ( 'NONE',  ( 0.000000000000000000, 0.000000000000000000, 1.000000000000000000 ) ) ;
#4070 = CARTESIAN_POINT ( 'NONE',  ( -0.03807755230116102035, 1.201000000000000068, 0.08201118222462283613 ) ) ;
#4071 =( NAMED_UNIT ( * ) PLANE_ANGLE_UNIT ( ) SI_UNIT ( $, .RADIAN. ) );
#4072 = CARTESIAN_POINT ( 'NONE',  ( -1.499999999999999556, 0.2999999999999999889, 0.5000000000000006661 ) ) ;
#4073 = SURFACE_STYLE_USAGE ( .BOTH. , #4673 ) ;
#4074 = B_SPLINE_CURVE_WITH_KNOTS ( 'NONE', 3,
 ( #4477, #794, #7564, #4440, #6947, #3282, #5772, #1324, #3820, #2660 ),
 .UNSPECIFIED., .F., .F.,
 ( 4, 3, 3, 4 ),
 ( 0.000000000000000000, 7.496965976026235785E-06, 1.215340483770477042E-05, 1.414338050706770132E-05 ),
 .UNSPECIFIED. ) ;
#4075 = CIRCLE ( 'NONE', #2357, 0.1499999999999999667 ) ;
#4076 = PRODUCT_DEFINITION_FORMATION_WITH_SPECIFIED_SOURCE ( 'ANY', '', #6263, .NOT_KNOWN. ) ;
#4077 = VERTEX_POINT ( 'NONE', #7794 ) ;
#4078 = ADVANCED_FACE ( 'NONE', ( #5366 ), #7289, .T. ) ;
#4079 = VERTEX_POINT ( 'NONE', #899 ) ;
#4080 = PRESENTATION_STYLE_ASSIGNMENT (( #4847 ) ) ;
#4081 = CIRCLE ( 'NONE', #1718, 0.1499999999999999667 ) ;
#4082 = FACE_OUTER_BOUND ( 'NONE', #5180, .T. ) ;
#4083 = CARTESIAN_POINT ( 'NONE',  ( -0.005660559346620632273, 1.201000000000000068, -0.04162132413408473758 ) ) ;
#4084 = FILL_AREA_STYLE ('',( #6006 ) ) ;
#4085 = CARTESIAN_POINT ( 'NONE',  ( 0.2207845808280525512, 1.201000000000000068, 0.08366764526557586568 ) ) ;
#4086 = COLOUR_RGB ( '',1.000000000000000000, 0.8078431372549019773, 0.4980392156862745168 ) ;
#4087 = ORIENTED_EDGE ( 'NONE', *, *, #3224, .T. ) ;
#4088 = VECTOR ( 'NONE', #6950, 1000.000000000000114 ) ;
#4089 = ORIENTED_EDGE ( 'NONE', *, *, #74, .T. ) ;
#4090 = CARTESIAN_POINT ( 'NONE',  ( 1.500000000000000444, 0.8000000000000000444, -0.3750000000000000000 ) ) ;
#4091 = FILL_AREA_STYLE_COLOUR ( '', #3339 ) ;
#4092 = LINE ( 'NONE', #1779, #4243 ) ;
#4093 = PRESENTATION_LAYER_ASSIGNMENT (  '', '', ( #27 ) ) ;
#4094 = FACE_OUTER_BOUND ( 'NONE', #5464, .T. ) ;
#4095 = EDGE_LOOP ( 'NONE', ( #7707, #3967, #5170, #979, #2761 ) ) ;
#4096 = FACE_OUTER_BOUND ( 'NONE', #3215, .T. ) ;
#4097 = AXIS2_PLACEMENT_3D ( 'NONE', #61, #563, #732 ) ;
#4098 = CARTESIAN_POINT ( 'NONE',  ( -0.06803193431306790717, 1.201000000000000068, -0.1464637271849310030 ) ) ;
#4099 = LINE ( 'NONE', #2158, #6529 ) ;
#4100 = DIRECTION ( 'NONE',  ( 0.000000000000000000, 0.000000000000000000, 1.000000000000000000 ) ) ;
#4101 = CARTESIAN_POINT ( 'NONE',  ( 0.03147757299751132581, 1.200000000000000178, -0.05829244588740942201 ) ) ;
#4102 = EDGE_CURVE ( 'NONE', #3073, #7684, #5158, .T. ) ;
#4103 = DIRECTION ( 'NONE',  ( -0.000000000000000000, -1.000000000000000000, -0.000000000000000000 ) ) ;
#4104 = CARTESIAN_POINT ( 'NONE',  ( -0.3148991961578331833, 1.201000000000000068, -0.1435297768598247370 ) ) ;
#4105 = UNCERTAINTY_MEASURE_WITH_UNIT (LENGTH_MEASURE( 1.000000000000000082E-05 ), #681, 'distance_accuracy_value', 'NONE');
#4106 = TOROIDAL_SURFACE ( 'NONE', #1483, 0.1509999999999999953, 0.001000000000000000021 ) ;
#4107 = CYLINDRICAL_SURFACE ( 'NONE', #4142, 0.0009999999999999158867 ) ;
#4108 = EDGE_CURVE ( 'NONE', #5828, #5403, #2870, .T. ) ;
#4109 = EDGE_CURVE ( 'NONE', #5999, #3878, #4648, .T. ) ;
#4110 = CARTESIAN_POINT ( 'NONE',  ( 0.4160838141586731265, 1.201000000000000068, -0.1731642232240074575 ) ) ;
#4111 = VECTOR ( 'NONE', #77, 1000.000000000000000 ) ;
#4112 = CARTESIAN_POINT ( 'NONE',  ( -1.350000000000000089, 1.050000000000000044, -1.149999999999998357 ) ) ;
#4113 =( NAMED_UNIT ( * ) PLANE_ANGLE_UNIT ( ) SI_UNIT ( $, .RADIAN. ) );
#4114 =( NAMED_UNIT ( * ) PLANE_ANGLE_UNIT ( ) SI_UNIT ( $, .RADIAN. ) );
#4115 = CARTESIAN_POINT ( 'NONE',  ( 0.07693403910191567996, 1.201000000000000068, 0.006391710475641142024 ) ) ;
#4116 = LINE ( 'NONE', #5447, #5121 ) ;
#4117 =( GEOMETRIC_REPRESENTATION_CONTEXT ( 3 ) GLOBAL_UNCERTAINTY_ASSIGNED_CONTEXT ( ( #187 ) ) GLOBAL_UNIT_ASSIGNED_CONTEXT ( ( #7045, #7661, #4861 ) ) REPRESENTATION_CONTEXT ( 'NONE', 'WORKASPACE' ) );
#4118 = CARTESIAN_POINT ( 'NONE',  ( -0.04626566017255619168, 1.200999999999999845, -0.1212835305697368277 ) ) ;
#4119 = ORIENTED_EDGE ( 'NONE', *, *, #7872, .F. ) ;
#4120 = EDGE_CURVE ( 'NONE', #163, #5022, #7124, .T. ) ;
#4121 = COLOUR_RGB ( '',1.000000000000000000, 0.8078431372549019773, 0.4980392156862745168 ) ;
#4122 = VERTEX_POINT ( 'NONE', #6046 ) ;
#4123 = CARTESIAN_POINT ( 'NONE',  ( 0.02576636020521533982, 1.201000000000000068, 0.08122803785758696271 ) ) ;
#4124 = DIRECTION ( 'NONE',  ( 0.000000000000000000, -1.000000000000000000, 0.000000000000000000 ) ) ;
#4125 = LINE ( 'NONE', #5328, #1264 ) ;
#4126 = DIRECTION ( 'NONE',  ( 0.000000000000000000, 0.000000000000000000, -1.000000000000000000 ) ) ;
#4127 = LINE ( 'NONE', #3424, #5029 ) ;
#4128 = FACE_OUTER_BOUND ( 'NONE', #1464, .T. ) ;
#4129 = VECTOR ( 'NONE', #274, 1000.000000000000000 ) ;
#4130 = ORIENTED_EDGE ( 'NONE', *, *, #6063, .F. ) ;
#4131 = VERTEX_POINT ( 'NONE', #434 ) ;
#4132 = ORIENTED_EDGE ( 'NONE', *, *, #126, .T. ) ;
#4133 = CARTESIAN_POINT ( 'NONE',  ( 1.500000000000000222, 0.8000000000000000444, -0.3750000000000002220 ) ) ;
#4134 = EDGE_LOOP ( 'NONE', ( #1339, #5371, #2035, #3042 ) ) ;
#4135 = VECTOR ( 'NONE', #4680, 1000.000000000000000 ) ;
#4136 = DIRECTION ( 'NONE',  ( 0.000000000000000000, 0.000000000000000000, -1.000000000000000000 ) ) ;
#4137 = CARTESIAN_POINT ( 'NONE',  ( 0.2451731522950253428, 1.201000000000000068, 0.02750875160700918046 ) ) ;
#4138 = ORIENTED_EDGE ( 'NONE', *, *, #1755, .T. ) ;
#4139 = PLANE ( 'NONE',  #7022 ) ;
#4140 = CARTESIAN_POINT ( 'NONE',  ( 0.07693403910191567996, 1.200000000000000178, 0.006391710475641142024 ) ) ;
#4141 = ADVANCED_FACE ( 'NONE', ( #5410 ), #2742, .F. ) ;
#4142 = AXIS2_PLACEMENT_3D ( 'NONE', #7815, #4669, #7736 ) ;
#4143 = EDGE_CURVE ( 'NONE', #7793, #1791, #5280, .T. ) ;
#4144 = DIRECTION ( 'NONE',  ( -1.000000000000000000, 0.000000000000000000, -0.000000000000000000 ) ) ;
#4145 = CARTESIAN_POINT ( 'NONE',  ( -1.599999999999999867, 0.000000000000000000, 1.100000000000002309 ) ) ;
#4146 = CARTESIAN_POINT ( 'NONE',  ( 0.03682852770470441267, 1.199999999999999956, -0.06091995265421428635 ) ) ;
#4147 = CARTESIAN_POINT ( 'NONE',  ( 1.449999999999999956, 0.000000000000000000, -1.249999999999998224 ) ) ;
#4148 = CARTESIAN_POINT ( 'NONE',  ( -0.5999999999999997558, 0.000000000000000000, 0.8000000000000005995 ) ) ;
#4149 = CARTESIAN_POINT ( 'NONE',  ( 0.04397405074612446840, 1.200000000000000178, 0.007920378208044911647 ) ) ;
#4150 = CIRCLE ( 'NONE', #3227, 0.1000000000000001027 ) ;
#4151 = CARTESIAN_POINT ( 'NONE',  ( 0.06376317405116789516, 1.201000000000000068, -0.1078758335779174682 ) ) ;
#4152 = DIRECTION ( 'NONE',  ( 0.000000000000000000, -1.000000000000000000, -0.000000000000000000 ) ) ;
#4153 = CARTESIAN_POINT ( 'NONE',  ( 1.500000000000000222, 1.200000000000000178, 0.9999999999999978906 ) ) ;
#4154 = CARTESIAN_POINT ( 'NONE',  ( -0.01049807639906127389, 1.201000000000000068, 0.08690957757199541112 ) ) ;
#4155 = FACE_OUTER_BOUND ( 'NONE', #6385, .T. ) ;
#4156 = CARTESIAN_POINT ( 'NONE',  ( -1.500000000000000000, 0.8002401427464408412, -0.3797666309157174958 ) ) ;
#4157 = PRESENTATION_STYLE_ASSIGNMENT (( #4073 ) ) ;
#4158 = MECHANICAL_DESIGN_GEOMETRIC_PRESENTATION_REPRESENTATION (  '', ( #2447 ), #5061 ) ;
#4159 = EDGE_CURVE ( 'NONE', #4550, #3052, #6539, .T. ) ;
#4160 = VERTEX_POINT ( 'NONE', #4753 ) ;
#4161 = ORIENTED_EDGE ( 'NONE', *, *, #5813, .F. ) ;
#4162 = B_SPLINE_CURVE_WITH_KNOTS ( 'NONE', 3,
 ( #4656, #4849, #4016, #7181, #7213, #6524, #4617, #7366, #7413, #6756, #6490, #5970, #5300, #4245, #2727 ),
 .UNSPECIFIED., .F., .F.,
 ( 4, 1, 1, 1, 1, 1, 1, 1, 1, 1, 1, 1, 4 ),
 ( 0.000000000000000000, 0.1297890756576322024, 0.2546053700922402685, 0.3784354924817376342, 0.5029195826750446630, 0.5650179669759706202, 0.6248477746307943281, 0.6834480871906746247, 0.7427645197557700696, 0.8027569578129470917, 0.8652203742489510407, 0.9307788121001258075, 1.000000000000000000 ),
 .UNSPECIFIED. ) ;
#4163 = CARTESIAN_POINT ( 'NONE',  ( 0.06768582389431396229, 1.200000000000000844, 0.04462598412352573873 ) ) ;
#4164 = VECTOR ( 'NONE', #5744, 1000.000000000000000 ) ;
#4165 = CARTESIAN_POINT ( 'NONE',  ( -0.008264994195109499203, 1.200000000000000178, -0.1435297768598247370 ) ) ;
#4166 = DIRECTION ( 'NONE',  ( 0.000000000000000000, 0.000000000000000000, -1.000000000000000000 ) ) ;
#4167 =( NAMED_UNIT ( * ) PLANE_ANGLE_UNIT ( ) SI_UNIT ( $, .RADIAN. ) );
#4168 = CARTESIAN_POINT ( 'NONE',  ( -1.499999999999999556, 0.2999999999999999889, 1.000000000000001998 ) ) ;
#4169 = CARTESIAN_POINT ( 'NONE',  ( 1.500000000000000444, 0.2999999999999999889, 0.5000000000000003331 ) ) ;
#4170 = PRESENTATION_LAYER_ASSIGNMENT (  '', '', ( #3113 ) ) ;
#4171 = EDGE_CURVE ( 'NONE', #7665, #5912, #5925, .T. ) ;
#4172 = ORIENTED_EDGE ( 'NONE', *, *, #1616, .T. ) ;
#4173 = EDGE_LOOP ( 'NONE', ( #4161, #4934, #2458, #4769 ) ) ;
#4174 = ORIENTED_EDGE ( 'NONE', *, *, #4973, .T. ) ;
#4175 = CARTESIAN_POINT ( 'NONE',  ( -1.499999999999999556, 0.8009948151974900510, 0.3843925651941718646 ) ) ;
#4176 = ORIENTED_EDGE ( 'NONE', *, *, #7596, .T. ) ;
#4177 = CARTESIAN_POINT ( 'NONE',  ( 1.500000000000000222, 1.050000000000000044, 1.149999999999997913 ) ) ;
#4178 = CARTESIAN_POINT ( 'NONE',  ( 0.2396015758389879180, 1.200000000000000400, 0.04365653796857119073 ) ) ;
#4179 = DIRECTION ( 'NONE',  ( 1.000000000000000000, 0.000000000000000000, -0.000000000000000000 ) ) ;
#4180 = ORIENTED_EDGE ( 'NONE', *, *, #3127, .T. ) ;
#4181 = UNCERTAINTY_MEASURE_WITH_UNIT (LENGTH_MEASURE( 1.000000000000000082E-05 ), #1427, 'distance_accuracy_value', 'NONE');
#4182 = DIRECTION ( 'NONE',  ( 0.000000000000000000, 0.000000000000000000, -1.000000000000000000 ) ) ;
#4183 = PLANE ( 'NONE',  #1868 ) ;
#4184 = VERTEX_POINT ( 'NONE', #5994 ) ;
#4185 = LINE ( 'NONE', #3689, #108 ) ;
#4186 = ADVANCED_FACE ( 'NONE', ( #6034 ), #2130, .T. ) ;
#4187 =( LENGTH_UNIT ( ) NAMED_UNIT ( * ) SI_UNIT ( .MILLI., .METRE. ) );
#4188 = CARTESIAN_POINT ( 'NONE',  ( -1.500000000000000000, 1.050000000000000044, 1.149999999999997913 ) ) ;
#4189 = VERTEX_POINT ( 'NONE', #7858 ) ;
#4190 = CARTESIAN_POINT ( 'NONE',  ( -0.02544885719100715982, 1.200000000000000178, -0.03816285645384186881 ) ) ;
#4191 = CARTESIAN_POINT ( 'NONE',  ( 0.2283475384939116226, 1.201000000000000068, 0.007060543466499426615 ) ) ;
#4192 = CARTESIAN_POINT ( 'NONE',  ( -1.500000000000000000, 1.050000000000000044, -1.149999999999998357 ) ) ;
#4193 = ORIENTED_EDGE ( 'NONE', *, *, #4365, .F. ) ;
#4194 = ORIENTED_EDGE ( 'NONE', *, *, #5859, .T. ) ;
#4195 =( NAMED_UNIT ( * ) PLANE_ANGLE_UNIT ( ) SI_UNIT ( $, .RADIAN. ) );
#4196 = CARTESIAN_POINT ( 'NONE',  ( -1.500000000000000000, 0.8000000000000000444, -0.3750000000000002220 ) ) ;
#4197 = CARTESIAN_POINT ( 'NONE',  ( -0.005942897313539772207, 1.200999999999999845, -0.1730555562423336524 ) ) ;
#4198 = CARTESIAN_POINT ( 'NONE',  ( -0.4762422930294945012, 1.201000000000000068, -0.06121187029265061363 ) ) ;
#4199 = CARTESIAN_POINT ( 'NONE',  ( -0.05148189514287597468, 1.201000000000000068, -0.1040171817075811744 ) ) ;
#4200 = ORIENTED_EDGE ( 'NONE', *, *, #1214, .T. ) ;
#4201 = CARTESIAN_POINT ( 'NONE',  ( 0.05856008770056402718, 1.200000000000001066, 0.05767116176649229875 ) ) ;
#4202 = PLANE ( 'NONE',  #4989 ) ;
#4203 = EDGE_CURVE ( 'NONE', #1766, #1391, #2493, .T. ) ;
#4204 = CARTESIAN_POINT ( 'NONE',  ( -0.3148991961578331833, 1.200000000000000178, -0.1435297768598247370 ) ) ;
#4205 = CARTESIAN_POINT ( 'NONE',  ( 0.06168496539642959881, 1.200000000000000178, -0.1246277965743420590 ) ) ;
#4206 = DIRECTION ( 'NONE',  ( 0.000000000000000000, 0.000000000000000000, -1.000000000000000000 ) ) ;
#4207 = ORIENTED_EDGE ( 'NONE', *, *, #5896, .F. ) ;
#4208 = EDGE_LOOP ( 'NONE', ( #6143, #743, #1060, #8003 ) ) ;
#4209 = PRESENTATION_LAYER_ASSIGNMENT (  '', '', ( #5901 ) ) ;
#4210 = ORIENTED_EDGE ( 'NONE', *, *, #4525, .T. ) ;
#4211 = LINE ( 'NONE', #6191, #5274 ) ;
#4212 = ORIENTED_EDGE ( 'NONE', *, *, #2201, .T. ) ;
#4213 = EDGE_CURVE ( 'NONE', #7418, #6925, #3785, .T. ) ;
#4214 = CARTESIAN_POINT ( 'NONE',  ( 0.05890740846727900853, 1.200999999999999845, -0.08495471445623789530 ) ) ;
#4215 = PRESENTATION_STYLE_ASSIGNMENT (( #6148 ) ) ;
#4216 = FILL_AREA_STYLE ('',( #7880 ) ) ;
#4217 = ORIENTED_EDGE ( 'NONE', *, *, #6849, .T. ) ;
#4218 = DIRECTION ( 'NONE',  ( 0.000000000000000000, -0.000000000000000000, -1.000000000000000000 ) ) ;
#4219 = DIRECTION ( 'NONE',  ( 0.7071067811865474617, 0.000000000000000000, -0.7071067811865474617 ) ) ;
#4220 = AXIS2_PLACEMENT_3D ( 'NONE', #6479, #7169, #7827 ) ;
#4221 = EDGE_LOOP ( 'NONE', ( #6276, #4899, #2866, #1824 ) ) ;
#4222 = FILL_AREA_STYLE ('',( #8046 ) ) ;
#4223 = COLOUR_RGB ( '',1.000000000000000000, 0.8078431372549019773, 0.4980392156862745168 ) ;
#4224 = MECHANICAL_DESIGN_GEOMETRIC_PRESENTATION_REPRESENTATION (  '', ( #6861 ), #4869 ) ;
#4225 = DIRECTION ( 'NONE',  ( -0.7071067811865474617, 0.000000000000000000, 0.7071067811865474617 ) ) ;
#4226 = CIRCLE ( 'NONE', #7377, 0.1000000000000001027 ) ;
#4227 = VERTEX_POINT ( 'NONE', #7974 ) ;
#4228 =( GEOMETRIC_REPRESENTATION_CONTEXT ( 3 ) GLOBAL_UNCERTAINTY_ASSIGNED_CONTEXT ( ( #2583 ) ) GLOBAL_UNIT_ASSIGNED_CONTEXT ( ( #5039, #7561, #5613 ) ) REPRESENTATION_CONTEXT ( 'NONE', 'WORKASPACE' ) );
#4229 = EDGE_LOOP ( 'NONE', ( #403, #1904, #6209, #688 ) ) ;
#4230 = VERTEX_POINT ( 'NONE', #2329 ) ;
#4231 = SURFACE_SIDE_STYLE ('',( #1250 ) ) ;
#4232 = CARTESIAN_POINT ( 'NONE',  ( -0.1963614107011024124, 1.200000000000000178, 0.08366764526557586568 ) ) ;
#4233 = FACE_OUTER_BOUND ( 'NONE', #6133, .T. ) ;
#4234 = CARTESIAN_POINT ( 'NONE',  ( -0.02015924097788958369, 1.200000000000000622, 0.05585549645092948573 ) ) ;
#4235 = CARTESIAN_POINT ( 'NONE',  ( -0.08738567358062651613, 1.201000000000000068, 0.01713441752177097613 ) ) ;
#4236 = VECTOR ( 'NONE', #2322, 1000.000000000000114 ) ;
#4237 = DIRECTION ( 'NONE',  ( 0.000000000000000000, 0.000000000000000000, 1.000000000000000000 ) ) ;
#4238 = DIRECTION ( 'NONE',  ( 0.000000000000000000, -1.000000000000000000, 0.000000000000000000 ) ) ;
#4239 = EDGE_CURVE ( 'NONE', #5717, #3895, #4401, .T. ) ;
#4240 = ADVANCED_FACE ( 'NONE', ( #8101 ), #831, .T. ) ;
#4241 = VERTEX_POINT ( 'NONE', #3660 ) ;
#4242 = MECHANICAL_DESIGN_GEOMETRIC_PRESENTATION_REPRESENTATION (  '', ( #3055 ), #1615 ) ;
#4243 = VECTOR ( 'NONE', #6598, 1000.000000000000000 ) ;
#4244 = SURFACE_STYLE_USAGE ( .BOTH. , #6092 ) ;
#4245 = CARTESIAN_POINT ( 'NONE',  ( 0.03080964797892494014, 1.200000000000000400, -0.1051796340550136682 ) ) ;
#4246 = DIRECTION ( 'NONE',  ( 1.000000000000000000, 0.000000000000000000, -0.000000000000000000 ) ) ;
#4247 = PLANE ( 'NONE',  #6923 ) ;
#4248 =( GEOMETRIC_REPRESENTATION_CONTEXT ( 3 ) GLOBAL_UNCERTAINTY_ASSIGNED_CONTEXT ( ( #8080 ) ) GLOBAL_UNIT_ASSIGNED_CONTEXT ( ( #7788, #4041, #2175 ) ) REPRESENTATION_CONTEXT ( 'NONE', 'WORKASPACE' ) );
#4249 = ORIENTED_EDGE ( 'NONE', *, *, #3079, .T. ) ;
#4250 = VECTOR ( 'NONE', #8108, 1000.000000000000000 ) ;
#4251 = VERTEX_POINT ( 'NONE', #5530 ) ;
#4252 = VECTOR ( 'NONE', #7610, 1000.000000000000000 ) ;
#4253 = ORIENTED_EDGE ( 'NONE', *, *, #2670, .T. ) ;
#4254 = CARTESIAN_POINT ( 'NONE',  ( -0.5999999999999997558, 0.000000000000000000, 0.8000000000000005995 ) ) ;
#4255 = VERTEX_POINT ( 'NONE', #4278 ) ;
#4256 = CARTESIAN_POINT ( 'NONE',  ( 0.03147757299751132581, 1.201000000000000068, -0.05829244588740942201 ) ) ;
#4257 = DIRECTION ( 'NONE',  ( -0.000000000000000000, 1.000000000000000000, -0.000000000000000000 ) ) ;
#4258 = DIRECTION ( 'NONE',  ( 0.000000000000000000, 0.000000000000000000, 1.000000000000000000 ) ) ;
#4259 = ORIENTED_EDGE ( 'NONE', *, *, #3265, .T. ) ;
#4260 = CARTESIAN_POINT ( 'NONE',  ( 0.1164466342541592564, 1.201000000000000068, 0.08366764526557586568 ) ) ;
#4261 = LINE ( 'NONE', #5561, #6451 ) ;
#4262 = ORIENTED_EDGE ( 'NONE', *, *, #812, .T. ) ;
#4263 = ORIENTED_EDGE ( 'NONE', *, *, #3560, .F. ) ;
#4264 = EDGE_CURVE ( 'NONE', #1921, #65, #4641, .T. ) ;
#4265 = FACE_OUTER_BOUND ( 'NONE', #279, .T. ) ;
#4266 = CARTESIAN_POINT ( 'NONE',  ( -0.02341410417408456082, 1.200000000000000622, -0.03870424316334224180 ) ) ;
#4267 = CARTESIAN_POINT ( 'NONE',  ( 1.600000000000000533, 0.2999999999999999889, -1.100000000000001421 ) ) ;
#4268 = ORIENTED_EDGE ( 'NONE', *, *, #7852, .F. ) ;
#4269 = CARTESIAN_POINT ( 'NONE',  ( -0.5999999999999997558, 0.2999999999999999889, -0.4999999999999995559 ) ) ;
#4270 = CARTESIAN_POINT ( 'NONE',  ( -0.06371119067244213063, 1.201000000000000290, -0.1514606556756880607 ) ) ;
#4271 = EDGE_CURVE ( 'NONE', #5058, #3760, #1252, .T. ) ;
#4272 = DIRECTION ( 'NONE',  ( 0.000000000000000000, -1.000000000000000000, 0.000000000000000000 ) ) ;
#4273 = VERTEX_POINT ( 'NONE', #5575 ) ;
#4274 = ORIENTED_EDGE ( 'NONE', *, *, #3741, .T. ) ;
#4275 = VECTOR ( 'NONE', #4008, 1000.000000000000000 ) ;
#4276 = LINE ( 'NONE', #1809, #428 ) ;
#4277 = DIRECTION ( 'NONE',  ( 0.000000000000000000, 0.000000000000000000, -1.000000000000000000 ) ) ;
#4278 = CARTESIAN_POINT ( 'NONE',  ( 1.500000000000000222, 0.8010000000000000453, 0.3608932640206463094 ) ) ;
#4279 =( NAMED_UNIT ( * ) SI_UNIT ( $, .STERADIAN. ) SOLID_ANGLE_UNIT ( ) );
#4280 = CARTESIAN_POINT ( 'NONE',  ( 1.350000000000000089, 1.050000000000000044, 1.149999999999997913 ) ) ;
#4281 = CARTESIAN_POINT ( 'NONE',  ( 1.600000000000000755, 1.201000000000000068, 0.3750000000000000000 ) ) ;
#4282 = DIRECTION ( 'NONE',  ( -0.000000000000000000, -1.000000000000000000, -0.000000000000000000 ) ) ;
#4283 = VECTOR ( 'NONE', #220, 1000.000000000000000 ) ;
#4284 = VERTEX_POINT ( 'NONE', #635 ) ;
#4285 = PRESENTATION_STYLE_ASSIGNMENT (( #4928 ) ) ;
#4286 = EDGE_CURVE ( 'NONE', #7042, #5143, #5001, .T. ) ;
#4287 = CARTESIAN_POINT ( 'NONE',  ( 1.600000000000000755, 0.8000000000000000444, -0.3750000000000000000 ) ) ;
#4288 = DIRECTION ( 'NONE',  ( 1.000000000000000000, 0.000000000000000000, 0.000000000000000000 ) ) ;
#4289 = DIRECTION ( 'NONE',  ( 0.9950371902099890420, 0.000000000000000000, 0.09950371902099924837 ) ) ;
#4290 = FACE_OUTER_BOUND ( 'NONE', #2099, .T. ) ;
#4291 = FACE_OUTER_BOUND ( 'NONE', #5324, .T. ) ;
#4292 = ORIENTED_EDGE ( 'NONE', *, *, #4654, .T. ) ;
#4293 = ORIENTED_EDGE ( 'NONE', *, *, #1543, .T. ) ;
#4294 = VECTOR ( 'NONE', #6346, 1000.000000000000000 ) ;
#4295 = ORIENTED_EDGE ( 'NONE', *, *, #1694, .F. ) ;
#4296 = CARTESIAN_POINT ( 'NONE',  ( -1.500000000000000000, 0.8001327125472035284, 0.3736800037124868301 ) ) ;
#4297 = ORIENTED_EDGE ( 'NONE', *, *, #1054, .F. ) ;
#4298 = LINE ( 'NONE', #401, #190 ) ;
#4299 = CARTESIAN_POINT ( 'NONE',  ( 0.06768582389431396229, 1.201000000000000068, 0.04462598412352573873 ) ) ;
#4300 = CARTESIAN_POINT ( 'NONE',  ( 0.07385448199770729139, 1.201000000000000290, -0.01643137398134957017 ) ) ;
#4301 = ORIENTED_EDGE ( 'NONE', *, *, #1744, .F. ) ;
#4302 = DIRECTION ( 'NONE',  ( 0.000000000000000000, 0.000000000000000000, -1.000000000000000000 ) ) ;
#4303 = CARTESIAN_POINT ( 'NONE',  ( -1.450000000000000178, 0.000000000000000000, -1.250000000000000888 ) ) ;
#4304 = AXIS2_PLACEMENT_3D ( 'NONE', #3570, #3112, #3653 ) ;
#4305 = EDGE_LOOP ( 'NONE', ( #4783, #6823, #6165, #1061, #7979, #225, #3217 ) ) ;
#4306 = ORIENTED_EDGE ( 'NONE', *, *, #1814, .T. ) ;
#4307 = FACE_OUTER_BOUND ( 'NONE', #7494, .T. ) ;
#4308 = CARTESIAN_POINT ( 'NONE',  ( 1.500000000000000444, 0.000000000000000000, 1.000000000000001554 ) ) ;
#4309 = ORIENTED_EDGE ( 'NONE', *, *, #1994, .F. ) ;
#4310 = EDGE_CURVE ( 'NONE', #7343, #163, #66, .T. ) ;
#4311 = CARTESIAN_POINT ( 'NONE',  ( -1.499999999999999778, 0.8009948041765527771, 0.3656082890487091230 ) ) ;
#4312 = LINE ( 'NONE', #4395, #1402 ) ;
#4313 = COLOUR_RGB ( '',1.000000000000000000, 0.8078431372549019773, 0.4980392156862745168 ) ;
#4314 = CARTESIAN_POINT ( 'NONE',  ( -1.599999999999998979, 0.8000000000000000444, -1.249999999999997780 ) ) ;
#4315 = ORIENTED_EDGE ( 'NONE', *, *, #4975, .T. ) ;
#4316 = DIRECTION ( 'NONE',  ( -0.7071067811865466846, 0.000000000000000000, -0.7071067811865483499 ) ) ;
#4317 = SURFACE_STYLE_USAGE ( .BOTH. , #3 ) ;
#4318 = ADVANCED_FACE ( 'NONE', ( #6413 ), #5084, .T. ) ;
#4319 = CARTESIAN_POINT ( 'NONE',  ( 0.2399234941049204484, 1.201000000000000068, 0.04477243441258608320 ) ) ;
#4320 = SURFACE_STYLE_FILL_AREA ( #3781 ) ;
#4321 = DIRECTION ( 'NONE',  ( -0.7071067811865474617, 0.000000000000000000, 0.7071067811865474617 ) ) ;
#4322 = CARTESIAN_POINT ( 'NONE',  ( -1.450000000000000178, 0.000000000000000000, -1.250000000000000888 ) ) ;
#4323 = ORIENTED_EDGE ( 'NONE', *, *, #717, .T. ) ;
#4324 =( NAMED_UNIT ( * ) PLANE_ANGLE_UNIT ( ) SI_UNIT ( $, .RADIAN. ) );
#4325 = CARTESIAN_POINT ( 'NONE',  ( 0.3093792277709736527, 1.201000000000000068, -0.1731642232240074575 ) ) ;
#4326 = DIRECTION ( 'NONE',  ( -0.000000000000000000, -1.000000000000000000, -0.000000000000000000 ) ) ;
#4327 = CARTESIAN_POINT ( 'NONE',  ( 0.01083870705432462243, 1.200000000000000178, -0.1395532983664406479 ) ) ;
#4328 = CARTESIAN_POINT ( 'NONE',  ( 0.2389217725573917761, 1.201000000000000068, 0.04130007005468876863 ) ) ;
#4329 = FACE_OUTER_BOUND ( 'NONE', #7538, .T. ) ;
#4330 = EDGE_CURVE ( 'NONE', #1943, #4728, #330, .T. ) ;
#4331 = AXIS2_PLACEMENT_3D ( 'NONE', #4516, #3322, #7030 ) ;
#4332 = VERTEX_POINT ( 'NONE', #1364 ) ;
#4333 = ORIENTED_EDGE ( 'NONE', *, *, #20, .T. ) ;
#4334 = CARTESIAN_POINT ( 'NONE',  ( -0.01731996391749868192, 1.200000000000000400, -0.06743716197679318347 ) ) ;
#4335 = VERTEX_POINT ( 'NONE', #130 ) ;
#4336 =( GEOMETRIC_REPRESENTATION_CONTEXT ( 3 ) GLOBAL_UNCERTAINTY_ASSIGNED_CONTEXT ( ( #3831 ) ) GLOBAL_UNIT_ASSIGNED_CONTEXT ( ( #5117, #3361, #2699 ) ) REPRESENTATION_CONTEXT ( 'NONE', 'WORKASPACE' ) );
#4337 = LINE ( 'NONE', #6844, #5040 ) ;
#4338 = SURFACE_SIDE_STYLE ('',( #7741 ) ) ;
#4339 = DIRECTION ( 'NONE',  ( -0.000000000000000000, -1.000000000000000000, -0.000000000000000000 ) ) ;
#4340 = EDGE_LOOP ( 'NONE', ( #4249, #5361, #943, #6271, #3844, #4212, #2223, #6250, #1148, #3791 ) ) ;
#4341 = ORIENTED_EDGE ( 'NONE', *, *, #2987, .F. ) ;
#4342 = ORIENTED_EDGE ( 'NONE', *, *, #4697, .T. ) ;
#4343 = VECTOR ( 'NONE', #6109, 1000.000000000000000 ) ;
#4344 = CARTESIAN_POINT ( 'NONE',  ( -1.500000000000000000, 0.8000000000000000444, -0.3750000000000000000 ) ) ;
#4345 = DIRECTION ( 'NONE',  ( 0.7071067811865475727, 0.000000000000000000, 0.7071067811865475727 ) ) ;
#4346 = CARTESIAN_POINT ( 'NONE',  ( 0.3093792277709736527, 1.200000000000000178, -0.1731642232240074575 ) ) ;
#4347 = ORIENTED_EDGE ( 'NONE', *, *, #7796, .F. ) ;
#4348 = CARTESIAN_POINT ( 'NONE',  ( -1.500000000000000000, 0.8000000000000000444, 0.3750000000000000000 ) ) ;
#4349 = CARTESIAN_POINT ( 'NONE',  ( 0.6000000000000003109, 0.2999999999999999889, 0.5000000000000005551 ) ) ;
#4350 = AXIS2_PLACEMENT_3D ( 'NONE', #724, #3206, #7036 ) ;
#4351 = FILL_AREA_STYLE ('',( #4791 ) ) ;
#4352 = EDGE_LOOP ( 'NONE', ( #5675, #6188, #6049, #249 ) ) ;
#4353 = B_SPLINE_SURFACE_WITH_KNOTS ( 'NONE', 3, 1, ( 
 ( #2852, #5895 ),
 ( #7151, #3359 ),
 ( #7810, #337 ),
 ( #295, #5345 ),
 ( #3400, #376 ),
 ( #2240, #2893 ),
 ( #4700, #5854 ),
 ( #5270, #2777 ),
 ( #7931, #7189 ),
 ( #1591, #5941 ),
 ( #6606, #5386 ),
 ( #7264, #994 ),
 ( #4664, #1552 ),
 ( #6567, #253 ),
 ( #2280, #2814 ) ),
 .UNSPECIFIED., .F., .F., .F.,
 ( 4, 1, 1, 1, 1, 1, 1, 1, 1, 1, 1, 1, 4 ),
 ( 2, 2 ),
 ( 0.000000000000000000, 0.1297890756576322024, 0.2546053700922402685, 0.3784354924817376342, 0.5029195826750446630, 0.5650179669759706202, 0.6248477746307943281, 0.6834480871906746247, 0.7427645197557700696, 0.8027569578129470917, 0.8652203742489510407, 0.9307788121001258075, 1.000000000000000000 ),
 ( 0.000000000000000000, 1.000000000000000000 ),
 .UNSPECIFIED. ) ;
#4354 = ADVANCED_FACE ( 'NONE', ( #1963 ), #6991, .T. ) ;
#4355 = SURFACE_STYLE_FILL_AREA ( #5573 ) ;
#4356 = CIRCLE ( 'NONE', #6856, 0.1499999999999999667 ) ;
#4357 = CARTESIAN_POINT ( 'NONE',  ( 0.2351471227522140828, 1.200000000000000178, 0.02896321652795967247 ) ) ;
#4358 = UNCERTAINTY_MEASURE_WITH_UNIT (LENGTH_MEASURE( 1.000000000000000082E-05 ), #4618, 'distance_accuracy_value', 'NONE');
#4359 = CARTESIAN_POINT ( 'NONE',  ( 0.2525284235480190764, 1.201000000000000068, 0.003973621970230402194 ) ) ;
#4360 = CARTESIAN_POINT ( 'NONE',  ( -0.03798375865413246288, 1.201000000000000512, 0.04654964834412208402 ) ) ;
#4361 = CARTESIAN_POINT ( 'NONE',  ( 0.05313296325196131820, 1.201000000000000068, -0.04599198140895250503 ) ) ;
#4362 = AXIS2_PLACEMENT_3D ( 'NONE', #592, #4400, #509 ) ;
#4363 = CARTESIAN_POINT ( 'NONE',  ( 1.600000000000000755, 0.8000000000000000444, -0.3750000000000000000 ) ) ;
#4364 =( GEOMETRIC_REPRESENTATION_CONTEXT ( 3 ) GLOBAL_UNCERTAINTY_ASSIGNED_CONTEXT ( ( #5746 ) ) GLOBAL_UNIT_ASSIGNED_CONTEXT ( ( #4865, #3062, #406 ) ) REPRESENTATION_CONTEXT ( 'NONE', 'WORKASPACE' ) );
#4365 = EDGE_CURVE ( 'NONE', #1236, #3073, #7648, .T. ) ;
#4366 = EDGE_CURVE ( 'NONE', #370, #2027, #2009, .T. ) ;
#4367 = CARTESIAN_POINT ( 'NONE',  ( 0.07693403910191567996, 1.201000000000000068, 0.006391710475641142024 ) ) ;
#4368 =( NAMED_UNIT ( * ) PLANE_ANGLE_UNIT ( ) SI_UNIT ( $, .RADIAN. ) );
#4369 = CARTESIAN_POINT ( 'NONE',  ( -1.349999999999998312, 0.000000000000000000, 1.150000000000000355 ) ) ;
#4370 = CARTESIAN_POINT ( 'NONE',  ( 0.01711324206459058014, 1.199999999999999956, -0.1356068894117085921 ) ) ;
#4371 = CARTESIAN_POINT ( 'NONE',  ( -0.1963614107011024124, 1.200000000000000178, -0.1435297768598247370 ) ) ;
#4372 = FACE_OUTER_BOUND ( 'NONE', #5439, .T. ) ;
#4373 = CIRCLE ( 'NONE', #8055, 0.0009999999999999158867 ) ;
#4374 = ORIENTED_EDGE ( 'NONE', *, *, #2360, .T. ) ;
#4375 = EDGE_CURVE ( 'NONE', #7793, #202, #3780, .T. ) ;
#4376 =( LENGTH_UNIT ( ) NAMED_UNIT ( * ) SI_UNIT ( .MILLI., .METRE. ) );
#4377 = ORIENTED_EDGE ( 'NONE', *, *, #5083, .T. ) ;
#4378 = AXIS2_PLACEMENT_3D ( 'NONE', #5334, #7757, #1505 ) ;
#4379 = CARTESIAN_POINT ( 'NONE',  ( -0.03489593081511018630, 1.201000000000000068, 0.04909721771220977582 ) ) ;
#4380 = DIRECTION ( 'NONE',  ( -1.734723475976807094E-16, -0.000000000000000000, -1.000000000000000000 ) ) ;
#4381 = ORIENTED_EDGE ( 'NONE', *, *, #4109, .T. ) ;
#4382 = SURFACE_STYLE_USAGE ( .BOTH. , #5597 ) ;
#4383 = STYLED_ITEM ( 'NONE', ( #7682 ), #2843 ) ;
#4384 = VERTEX_POINT ( 'NONE', #673 ) ;
#4385 = ORIENTED_EDGE ( 'NONE', *, *, #1054, .T. ) ;
#4386 = STYLED_ITEM ( 'NONE', ( #2371 ), #7754 ) ;
#4387 = CARTESIAN_POINT ( 'NONE',  ( 0.000000000000000000, 1.201000000000000068, 0.000000000000000000 ) ) ;
#4388 = CARTESIAN_POINT ( 'NONE',  ( -0.01634227901653866402, 1.200000000000000400, -0.1432148302051976518 ) ) ;
#4389 = PRESENTATION_STYLE_ASSIGNMENT (( #1882 ) ) ;
#4390 = ADVANCED_FACE ( 'NONE', ( #3904 ), #1442, .T. ) ;
#4391 =( LENGTH_UNIT ( ) NAMED_UNIT ( * ) SI_UNIT ( .MILLI., .METRE. ) );
#4392 = EDGE_LOOP ( 'NONE', ( #1397, #6930, #5432, #6883 ) ) ;
#4393 = CARTESIAN_POINT ( 'NONE',  ( 0.03080964797892494014, 1.201000000000000290, -0.1051796340550136682 ) ) ;
#4394 = EDGE_CURVE ( 'NONE', #1185, #3913, #1530, .T. ) ;
#4395 = CARTESIAN_POINT ( 'NONE',  ( -1.500000000000000000, 0.8010000000000000453, -1.149999999999998357 ) ) ;
#4396 = VECTOR ( 'NONE', #469, 1000.000000000000000 ) ;
#4397 =( LENGTH_UNIT ( ) NAMED_UNIT ( * ) SI_UNIT ( .MILLI., .METRE. ) );
#4398 =( GEOMETRIC_REPRESENTATION_CONTEXT ( 3 ) GLOBAL_UNCERTAINTY_ASSIGNED_CONTEXT ( ( #3703 ) ) GLOBAL_UNIT_ASSIGNED_CONTEXT ( ( #2186, #7758, #3351 ) ) REPRESENTATION_CONTEXT ( 'NONE', 'WORKASPACE' ) );
#4399 = DIRECTION ( 'NONE',  ( -0.9950371902099891530, 0.000000000000000000, 0.09950371902099866550 ) ) ;
#4400 = DIRECTION ( 'NONE',  ( -0.000000000000000000, 1.000000000000000000, -0.000000000000000000 ) ) ;
#4401 = LINE ( 'NONE', #5487, #67 ) ;
#4402 = CARTESIAN_POINT ( 'NONE',  ( -0.05477461140556289659, 1.201000000000000068, 0.01122788748646262255 ) ) ;
#4403 = CARTESIAN_POINT ( 'NONE',  ( 0.06413495862284951388, 1.201000000000000068, -0.03510315066429803982 ) ) ;
#4404 = CARTESIAN_POINT ( 'NONE',  ( -0.8999999999999995781, 0.000000000000000000, 0.5000000000000006661 ) ) ;
#4405 = FACE_OUTER_BOUND ( 'NONE', #4736, .T. ) ;
#4406 = UNCERTAINTY_MEASURE_WITH_UNIT (LENGTH_MEASURE( 1.000000000000000082E-05 ), #366, 'distance_accuracy_value', 'NONE');
#4407 = ORIENTED_EDGE ( 'NONE', *, *, #7796, .T. ) ;
#4408 = DIRECTION ( 'NONE',  ( -0.000000000000000000, 1.000000000000000000, 0.000000000000000000 ) ) ;
#4409 = CARTESIAN_POINT ( 'NONE',  ( 0.1526665131437159872, 1.201000000000000068, 0.08366764526557586568 ) ) ;
#4410 = EDGE_CURVE ( 'NONE', #2356, #7500, #4074, .T. ) ;
#4411 = DIRECTION ( 'NONE',  ( 0.000000000000000000, 1.694065894504886129E-15, -1.000000000000000000 ) ) ;
#4412 = VECTOR ( 'NONE', #4742, 1000.000000000000000 ) ;
#4413 = ORIENTED_EDGE ( 'NONE', *, *, #6480, .T. ) ;
#4414 = CARTESIAN_POINT ( 'NONE',  ( 0.02872661506851431623, 1.200000000000000178, -0.05694162888947846418 ) ) ;
#4415 = ORIENTED_EDGE ( 'NONE', *, *, #6647, .T. ) ;
#4416 =( GEOMETRIC_REPRESENTATION_CONTEXT ( 3 ) GLOBAL_UNCERTAINTY_ASSIGNED_CONTEXT ( ( #5701 ) ) GLOBAL_UNIT_ASSIGNED_CONTEXT ( ( #4717, #1733, #6754 ) ) REPRESENTATION_CONTEXT ( 'NONE', 'WORKASPACE' ) );
#4417 = EDGE_CURVE ( 'NONE', #7007, #11, #3200, .T. ) ;
#4418 = CARTESIAN_POINT ( 'NONE',  ( -0.05433565289376342256, 1.200000000000000178, 0.01320634642549402618 ) ) ;
#4419 = CARTESIAN_POINT ( 'NONE',  ( 0.04424951104479888514, 1.201000000000000068, -0.05146155981636071908 ) ) ;
#4420 = ORIENTED_EDGE ( 'NONE', *, *, #5735, .T. ) ;
#4421 = FILL_AREA_STYLE ('',( #1873 ) ) ;
#4422 = B_SPLINE_SURFACE_WITH_KNOTS ( 'NONE', 3, 1, ( 
 ( #4606, #7749 ),
 ( #5137, #5877 ),
 ( #5838, #7054 ),
 ( #317, #237 ),
 ( #2718, #5252 ),
 ( #7671, #2066 ),
 ( #2144, #3383 ) ),
 .UNSPECIFIED., .F., .F., .F.,
 ( 4, 1, 1, 1, 4 ),
 ( 2, 2 ),
 ( 0.000000000000000000, 0.2094025526291401207, 0.4444010364151514403, 0.7082720668673796460, 1.000000000000000000 ),
 ( 0.000000000000000000, 1.000000000000000000 ),
 .UNSPECIFIED. ) ;
#4423 = ORIENTED_EDGE ( 'NONE', *, *, #3733, .T. ) ;
#4424 = VECTOR ( 'NONE', #4519, 1000.000000000000000 ) ;
#4425 = EDGE_LOOP ( 'NONE', ( #5340, #5916, #868, #4726 ) ) ;
#4426 = CARTESIAN_POINT ( 'NONE',  ( -1.350000000000000089, 1.200000000000000178, -0.9999999999999985567 ) ) ;
#4427 = DIRECTION ( 'NONE',  ( 0.000000000000000000, -0.000000000000000000, -1.000000000000000000 ) ) ;
#4428 = DIRECTION ( 'NONE',  ( 0.000000000000000000, -1.000000000000000000, 0.000000000000000000 ) ) ;
#4429 = CARTESIAN_POINT ( 'NONE',  ( -1.599999999999999867, 0.000000000000000000, 1.250000000000002220 ) ) ;
#4430 = CARTESIAN_POINT ( 'NONE',  ( -0.3609972238354506868, 1.201000000000000068, -0.06121187029265061363 ) ) ;
#4431 = AXIS2_PLACEMENT_3D ( 'NONE', #964, #6661, #346 ) ;
#4432 = EDGE_LOOP ( 'NONE', ( #360, #7250, #4714, #6394 ) ) ;
#4433 = CARTESIAN_POINT ( 'NONE',  ( -1.600000000000000089, 0.2999999999999999889, -1.250000000000000888 ) ) ;
#4434 = VECTOR ( 'NONE', #4582, 1000.000000000000000 ) ;
#4435 = EDGE_CURVE ( 'NONE', #4788, #6449, #3897, .T. ) ;
#4436 = CARTESIAN_POINT ( 'NONE',  ( 0.03630255683970168984, 1.200000000000000400, 0.03486077181076586984 ) ) ;
#4437 = ADVANCED_FACE ( 'NONE', ( #7298 ), #4735, .F. ) ;
#4438 = CYLINDRICAL_SURFACE ( 'NONE', #4331, 0.0009999999999999158867 ) ;
#4439 = CARTESIAN_POINT ( 'NONE',  ( 0.06376317405116789516, 1.200000000000000178, -0.1078758335779174682 ) ) ;
#4440 = CARTESIAN_POINT ( 'NONE',  ( 1.500000000000000222, 0.8006270552791480144, -0.3683809479800730924 ) ) ;
#4441 = SURFACE_STYLE_USAGE ( .BOTH. , #2084 ) ;
#4442 = DIRECTION ( 'NONE',  ( 1.000000000000000000, -0.000000000000000000, -0.000000000000000000 ) ) ;
#4443 = CARTESIAN_POINT ( 'NONE',  ( 0.03645839952416794760, 1.201000000000000290, -0.1597824942411063820 ) ) ;
#4444 = FILL_AREA_STYLE_COLOUR ( '', #6463 ) ;
#4445 =( NAMED_UNIT ( * ) PLANE_ANGLE_UNIT ( ) SI_UNIT ( $, .RADIAN. ) );
#4446 = DIRECTION ( 'NONE',  ( -1.000000000000000000, 0.000000000000000000, 0.000000000000000000 ) ) ;
#4447 = ORIENTED_EDGE ( 'NONE', *, *, #2655, .F. ) ;
#4448 = DIRECTION ( 'NONE',  ( 0.000000000000000000, 0.000000000000000000, 1.000000000000000000 ) ) ;
#4449 = CARTESIAN_POINT ( 'NONE',  ( 0.5774269110303344998, 1.201000000000000068, -0.1731642232240074575 ) ) ;
#4450 = PLANE ( 'NONE',  #30 ) ;
#4451 = VERTEX_POINT ( 'NONE', #2883 ) ;
#4452 = VECTOR ( 'NONE', #1320, 1000.000000000000000 ) ;
#4453 = PLANE ( 'NONE',  #5547 ) ;
#4454 = ORIENTED_EDGE ( 'NONE', *, *, #2016, .T. ) ;
#4455 = EDGE_CURVE ( 'NONE', #4335, #1379, #6149, .T. ) ;
#4456 = DIRECTION ( 'NONE',  ( 0.000000000000000000, 0.000000000000000000, 1.000000000000000000 ) ) ;
#4457 = PLANE ( 'NONE',  #4802 ) ;
#4458 = ORIENTED_EDGE ( 'NONE', *, *, #2212, .T. ) ;
#4459 = CARTESIAN_POINT ( 'NONE',  ( 0.02469310995164461509, 1.201000000000000290, -0.1275702085692185239 ) ) ;
#4460 = SURFACE_SIDE_STYLE ('',( #25 ) ) ;
#4461 = ORIENTED_EDGE ( 'NONE', *, *, #661, .T. ) ;
#4462 = ORIENTED_EDGE ( 'NONE', *, *, #3198, .F. ) ;
#4463 = ADVANCED_FACE ( 'NONE', ( #6016 ), #5511, .T. ) ;
#4464 = LINE ( 'NONE', #157, #3449 ) ;
#4465 = CARTESIAN_POINT ( 'NONE',  ( -0.05063300485966915065, 1.201000000000000068, -0.1087345661029300720 ) ) ;
#4466 =( GEOMETRIC_REPRESENTATION_CONTEXT ( 3 ) GLOBAL_UNCERTAINTY_ASSIGNED_CONTEXT ( ( #5048 ) ) GLOBAL_UNIT_ASSIGNED_CONTEXT ( ( #884, #137, #7859 ) ) REPRESENTATION_CONTEXT ( 'NONE', 'WORKASPACE' ) );
#4467 = PRESENTATION_LAYER_ASSIGNMENT (  '', '', ( #1327 ) ) ;
#4468 = LINE ( 'NONE', #4583, #1493 ) ;
#4469 = CARTESIAN_POINT ( 'NONE',  ( -0.4762422930294945012, 1.200000000000000178, -0.1435297768598247370 ) ) ;
#4470 = ORIENTED_EDGE ( 'NONE', *, *, #281, .F. ) ;
#4471 = CIRCLE ( 'NONE', #7605, 0.001000000000000024307 ) ;
#4472 = CARTESIAN_POINT ( 'NONE',  ( 1.349999999999998979, 0.2999999999999999889, -1.149999999999999467 ) ) ;
#4473 = CARTESIAN_POINT ( 'NONE',  ( 0.2525284235480190764, 1.201000000000000068, 0.003973621970230402194 ) ) ;
#4474 = MECHANICAL_DESIGN_GEOMETRIC_PRESENTATION_REPRESENTATION (  '', ( #2235 ), #1586 ) ;
#4475 = CARTESIAN_POINT ( 'NONE',  ( -0.07657313506263550840, 1.200000000000000400, 0.05000467469885305771 ) ) ;
#4476 = CARTESIAN_POINT ( 'NONE',  ( 0.05506386484715815322, 1.200000000000000400, -0.07804146731245151236 ) ) ;
#4477 = CARTESIAN_POINT ( 'NONE',  ( 1.500000000000000222, 0.8010000000000000453, -0.3608932640203373898 ) ) ;
#4478 = SURFACE_SIDE_STYLE ('',( #91 ) ) ;
#4479 = CARTESIAN_POINT ( 'NONE',  ( 0.6000000000000000888, 0.2999999999999999889, -1.149999999999999245 ) ) ;
#4480 = CARTESIAN_POINT ( 'NONE',  ( 0.02322272850602060540, 1.201000000000000290, -0.03409596107001270499 ) ) ;
#4481 = CIRCLE ( 'NONE', #154, 0.1000000000000001027 ) ;
#4483 = UNCERTAINTY_MEASURE_WITH_UNIT (LENGTH_MEASURE( 1.000000000000000082E-05 ), #2163, 'distance_accuracy_value', 'NONE');
#4482 = VECTOR ( 'NONE', #1296, 1000.000000000000000 ) ;
#4484 = CARTESIAN_POINT ( 'NONE',  ( 0.4523036930482297602, 1.200000000000000178, -0.1079787309611264234 ) ) ;
#4485 = EDGE_CURVE ( 'NONE', #7203, #750, #2403, .T. ) ;
#4486 = ORIENTED_EDGE ( 'NONE', *, *, #3409, .F. ) ;
#4487 = CARTESIAN_POINT ( 'NONE',  ( -1.599999999999999867, 0.000000000000000000, 1.100000000000002309 ) ) ;
#4488 = DIRECTION ( 'NONE',  ( -1.000000000000000000, 0.000000000000000000, -0.000000000000000000 ) ) ;
#4489 = AXIS2_PLACEMENT_3D ( 'NONE', #7416, #3630, #4725 ) ;
#4490 = PLANE ( 'NONE',  #7115 ) ;
#4491 = EDGE_CURVE ( 'NONE', #1332, #764, #361, .T. ) ;
#4492 = ORIENTED_EDGE ( 'NONE', *, *, #2044, .T. ) ;
#4493 = VECTOR ( 'NONE', #5574, 1000.000000000000000 ) ;
#4494 = CARTESIAN_POINT ( 'NONE',  ( 0.04888137404108545275, 1.200000000000000400, -0.04895563895204705501 ) ) ;
#4495 = VERTEX_POINT ( 'NONE', #4862 ) ;
#4496 = CARTESIAN_POINT ( 'NONE',  ( -1.500999999999999890, 0.8000000000000000444, 1.250000000000002220 ) ) ;
#4497 = CARTESIAN_POINT ( 'NONE',  ( -0.02015924097788958369, 1.200000000000000844, 0.05585549645092948573 ) ) ;
#4498 = ORIENTED_EDGE ( 'NONE', *, *, #3829, .F. ) ;
#4499 =( NAMED_UNIT ( * ) PLANE_ANGLE_UNIT ( ) SI_UNIT ( $, .RADIAN. ) );
#4500 = DIRECTION ( 'NONE',  ( 1.000000000000000000, 0.000000000000000000, 0.000000000000000000 ) ) ;
#4501 = VECTOR ( 'NONE', #4272, 1000.000000000000000 ) ;
#4502 = ORIENTED_EDGE ( 'NONE', *, *, #5354, .F. ) ;
#4503 = ORIENTED_EDGE ( 'NONE', *, *, #3890, .F. ) ;
#4504 = CARTESIAN_POINT ( 'NONE',  ( 1.350000000000000311, 1.200000000000000178, -1.149999999999998357 ) ) ;
#4505 = LINE ( 'NONE', #6938, #3678 ) ;
#4506 = PRESENTATION_STYLE_ASSIGNMENT (( #3810 ) ) ;
#4507 = VECTOR ( 'NONE', #4288, 1000.000000000000000 ) ;
#4508 = LINE ( 'NONE', #3145, #4775 ) ;
#4509 = ORIENTED_EDGE ( 'NONE', *, *, #5080, .T. ) ;
#4510 = CARTESIAN_POINT ( 'NONE',  ( 0.3271804750661250760, 1.201000000000000068, -0.1336516280717638394 ) ) ;
#4511 = ADVANCED_FACE ( 'NONE', ( #4094 ), #2642, .T. ) ;
#4512 = VECTOR ( 'NONE', #6144, 1000.000000000000000 ) ;
#4513 = MECHANICAL_DESIGN_GEOMETRIC_PRESENTATION_REPRESENTATION (  '', ( #2269 ), #2793 ) ;
#4514 = CYLINDRICAL_SURFACE ( 'NONE', #5938, 0.06250000000000027756 ) ;
#4515 = CARTESIAN_POINT ( 'NONE',  ( 0.03023381082862729857, 1.201000000000000068, 0.04266615193816902102 ) ) ;
#4516 = CARTESIAN_POINT ( 'NONE',  ( -1.500999999999999890, 0.8010000000000000453, -1.149999999999998357 ) ) ;
#4517 = PRESENTATION_LAYER_ASSIGNMENT (  '', '', ( #5276 ) ) ;
#4518 = FILL_AREA_STYLE_COLOUR ( '', #958 ) ;
#4519 = DIRECTION ( 'NONE',  ( 0.000000000000000000, 0.000000000000000000, -1.000000000000000000 ) ) ;
#4520 = CARTESIAN_POINT ( 'NONE',  ( 1.500000000000000222, 0.8001327125472076363, 0.3763199962875126703 ) ) ;
#4521 = CARTESIAN_POINT ( 'NONE',  ( -0.1140435041339282612, 1.201000000000000068, -0.1731642232240074575 ) ) ;
#4522 = VECTOR ( 'NONE', #7883, 1000.000000000000114 ) ;
#4523 = ADVANCED_FACE ( 'NONE', ( #6356 ), #4457, .T. ) ;
#4524 = CARTESIAN_POINT ( 'NONE',  ( 0.05875403035988786826, 1.200000000000001066, -0.1326503212566545464 ) ) ;
#4525 = EDGE_CURVE ( 'NONE', #1573, #4495, #738, .T. ) ;
#4526 = LINE ( 'NONE', #5700, #954 ) ;
#4527 = DIRECTION ( 'NONE',  ( 0.000000000000000000, -1.000000000000000000, 0.000000000000000000 ) ) ;
#4528 = DIRECTION ( 'NONE',  ( 2.891205793294683257E-16, 0.000000000000000000, 1.000000000000000000 ) ) ;
#4529 = ORIENTED_EDGE ( 'NONE', *, *, #8036, .F. ) ;
#4530 = DIRECTION ( 'NONE',  ( 0.000000000000000000, 0.000000000000000000, 1.000000000000000000 ) ) ;
#4531 = CARTESIAN_POINT ( 'NONE',  ( 1.500000000000000444, 0.8000000000000000444, 0.3750000000000000000 ) ) ;
#4532 =( BOUNDED_SURFACE ( )  B_SPLINE_SURFACE ( 3, 2, ( 
 ( #1417, #6425, #5167 ),
 ( #5786, #2061, #4567 ),
 ( #4801, #6581, #1561 ),
 ( #4843, #7903, #1605 ) ),
 .UNSPECIFIED., .F., .F., .F. ) 
 B_SPLINE_SURFACE_WITH_KNOTS ( ( 4, 4 ),
 ( 3, 3 ),
 ( 6.229318274638480542E-06, 2.060875624949842801E-05 ),
 ( 0.000000000000000000, 1.000000000000000000 ),
 .UNSPECIFIED. ) 
 GEOMETRIC_REPRESENTATION_ITEM ( )  RATIONAL_B_SPLINE_SURFACE ( (
 ( 1.000000000000000000, 0.7071067811864708563, 1.000000000000000000),
 ( 1.000000000000000000, 0.9301851594713570481, 1.000000000000000000),
 ( 1.000000000000000000, 0.9946573295202878473, 1.000000000000000000),
 ( 1.000000000000000000, 1.000000000000000000, 1.000000000000000000) ) ) 
 REPRESENTATION_ITEM ( '' )  SURFACE ( )  );
#4533 = UNCERTAINTY_MEASURE_WITH_UNIT (LENGTH_MEASURE( 1.000000000000000082E-05 ), #7083, 'distance_accuracy_value', 'NONE');
#4534 = ORIENTED_EDGE ( 'NONE', *, *, #7528, .F. ) ;
#4535 = EDGE_CURVE ( 'NONE', #3336, #3060, #6785, .T. ) ;
#4536 = DIRECTION ( 'NONE',  ( 0.000000000000000000, -0.000000000000000000, -1.000000000000000000 ) ) ;
#4537 = EDGE_LOOP ( 'NONE', ( #7010, #1177, #3394, #6885, #5177, #4502, #500 ) ) ;
#4538 = CARTESIAN_POINT ( 'NONE',  ( -0.05063300485966915065, 1.200000000000000178, -0.1087345661029300720 ) ) ;
#4539 = CARTESIAN_POINT ( 'NONE',  ( 0.005858284295576251036, 1.201000000000000068, -0.04092653308088153169 ) ) ;
#4540 = FILL_AREA_STYLE ('',( #7132 ) ) ;
#4541 = VERTEX_POINT ( 'NONE', #69 ) ;
#4542 = CARTESIAN_POINT ( 'NONE',  ( 0.02249262793480108491, 1.201000000000000068, -0.1304824225276882965 ) ) ;
#4543 = DIRECTION ( 'NONE',  ( 0.000000000000000000, 0.000000000000000000, 1.000000000000000000 ) ) ;
#4544 = VERTEX_POINT ( 'NONE', #615 ) ;
#4545 = ORIENTED_EDGE ( 'NONE', *, *, #5441, .T. ) ;
#4546 = VECTOR ( 'NONE', #5917, 1000.000000000000000 ) ;
#4547 = CARTESIAN_POINT ( 'NONE',  ( -0.02116231393831108365, 1.200000000000000178, -0.06769994855225296149 ) ) ;
#4548 = FILL_AREA_STYLE ('',( #6979 ) ) ;
#4549 = CARTESIAN_POINT ( 'NONE',  ( 0.2422819831605622920, 1.201000000000000290, 0.03688636731697997329 ) ) ;
#4550 = VERTEX_POINT ( 'NONE', #3843 ) ;
#4551 = CARTESIAN_POINT ( 'NONE',  ( 0.6000000000000001998, 0.000000000000000000, -0.4999999999999996669 ) ) ;
#4552 = SURFACE_STYLE_FILL_AREA ( #6409 ) ;
#4553 = CARTESIAN_POINT ( 'NONE',  ( 0.04212950612260672051, 1.200999999999999845, 0.02145394330855341508 ) ) ;
#4554 = CARTESIAN_POINT ( 'NONE',  ( -0.5999999999999995337, 0.000000000000000000, 1.150000000000000355 ) ) ;
#4555 = AXIS2_PLACEMENT_3D ( 'NONE', #3090, #3751, #2471 ) ;
#4556 = FACE_OUTER_BOUND ( 'NONE', #231, .T. ) ;
#4557 = EDGE_CURVE ( 'NONE', #8012, #4844, #6195, .T. ) ;
#4558 = CARTESIAN_POINT ( 'NONE',  ( -0.04835998948107996659, 1.199999999999999956, -0.1635698657294747949 ) ) ;
#4559 =( NAMED_UNIT ( * ) SI_UNIT ( $, .STERADIAN. ) SOLID_ANGLE_UNIT ( ) );
#4560 = DIRECTION ( 'NONE',  ( -0.7071067811865467956, 0.000000000000000000, -0.7071067811865483499 ) ) ;
#4561 = CARTESIAN_POINT ( 'NONE',  ( 0.01054311002127904760, 1.201000000000000290, -0.03984495190251929886 ) ) ;
#4562 = EDGE_CURVE ( 'NONE', #4122, #7547, #7177, .T. ) ;
#4563 = FACE_OUTER_BOUND ( 'NONE', #4042, .T. ) ;
#4564 = SURFACE_STYLE_FILL_AREA ( #762 ) ;
#4565 =( NAMED_UNIT ( * ) PLANE_ANGLE_UNIT ( ) SI_UNIT ( $, .RADIAN. ) );
#4566 = ORIENTED_EDGE ( 'NONE', *, *, #146, .T. ) ;
#4567 = CARTESIAN_POINT ( 'NONE',  ( 1.500340844438840637, 0.8000000000000002665, -0.3655184630304460502 ) ) ;
#4568 = CIRCLE ( 'NONE', #2326, 0.1000000000000001027 ) ;
#4569 = EDGE_LOOP ( 'NONE', ( #4268, #4779, #5705, #5303 ) ) ;
#4570 = FILL_AREA_STYLE ('',( #3954 ) ) ;
#4571 = ORIENTED_EDGE ( 'NONE', *, *, #2412, .F. ) ;
#4572 = FACE_OUTER_BOUND ( 'NONE', #3385, .T. ) ;
#4573 = DIRECTION ( 'NONE',  ( 0.000000000000000000, 0.000000000000000000, 1.000000000000000000 ) ) ;
#4574 = SURFACE_STYLE_FILL_AREA ( #4540 ) ;
#4575 = ORIENTED_EDGE ( 'NONE', *, *, #1925, .T. ) ;
#4576 = FACE_OUTER_BOUND ( 'NONE', #2966, .T. ) ;
#4577 = PLANE ( 'NONE',  #2118 ) ;
#4578 = EDGE_CURVE ( 'NONE', #7333, #6186, #3629, .T. ) ;
#4579 = EDGE_LOOP ( 'NONE', ( #75, #6362, #5719, #3308, #123, #6732, #2877, #2436, #3873, #229 ) ) ;
#4580 = EDGE_LOOP ( 'NONE', ( #4295, #7921, #4420, #650 ) ) ;
#4581 = CARTESIAN_POINT ( 'NONE',  ( 1.500000000000000444, 0.8004787574421150520, -0.3797514664208901936 ) ) ;
#4582 = DIRECTION ( 'NONE',  ( 0.000000000000000000, -1.000000000000000000, 0.000000000000000000 ) ) ;
#4583 = CARTESIAN_POINT ( 'NONE',  ( -0.006618636063766012226, 1.201000000000000068, 0.05732591516408013649 ) ) ;
#4584 = ORIENTED_EDGE ( 'NONE', *, *, #5647, .F. ) ;
#4585 = FACE_OUTER_BOUND ( 'NONE', #6507, .T. ) ;
#4586 = SURFACE_SIDE_STYLE ('',( #1585 ) ) ;
#4587 = EDGE_CURVE ( 'NONE', #4857, #709, #2556, .T. ) ;
#4588 =( GEOMETRIC_REPRESENTATION_CONTEXT ( 3 ) GLOBAL_UNCERTAINTY_ASSIGNED_CONTEXT ( ( #3635 ) ) GLOBAL_UNIT_ASSIGNED_CONTEXT ( ( #8013, #7396, #1169 ) ) REPRESENTATION_CONTEXT ( 'NONE', 'WORKASPACE' ) );
#4589 = CARTESIAN_POINT ( 'NONE',  ( -0.04259047022997918680, 1.200999999999999845, -0.1665388061332676861 ) ) ;
#4590 = CARTESIAN_POINT ( 'NONE',  ( -0.02205324354511123061, 1.200000000000000178, -0.06779730281802456848 ) ) ;
#4591 = PLANE ( 'NONE',  #6993 ) ;
#4592 = CARTESIAN_POINT ( 'NONE',  ( 1.500000000000000222, 0.8000000000000000444, 0.3749999999999996669 ) ) ;
#4593 = PRESENTATION_LAYER_ASSIGNMENT (  '', '', ( #3149 ) ) ;
#4594 = CARTESIAN_POINT ( 'NONE',  ( -0.004149098866750781760, 1.200000000000000178, -0.04166136748294676367 ) ) ;
#4595 = CARTESIAN_POINT ( 'NONE',  ( -1.499999999999999778, 0.000000000000000000, -0.4999999999999993339 ) ) ;
#4596 = VECTOR ( 'NONE', #4720, 1000.000000000000000 ) ;
#4597 = FILL_AREA_STYLE ('',( #3994 ) ) ;
#4598 = ORIENTED_EDGE ( 'NONE', *, *, #6164, .T. ) ;
#4599 = DIRECTION ( 'NONE',  ( -0.000000000000000000, 0.000000000000000000, -1.000000000000000000 ) ) ;
#4600 = CARTESIAN_POINT ( 'NONE',  ( 0.04400687647504605143, 1.201000000000000068, 0.006134467017618715733 ) ) ;
#4601 = EDGE_CURVE ( 'NONE', #7989, #506, #5063, .T. ) ;
#4602 = ORIENTED_EDGE ( 'NONE', *, *, #2645, .F. ) ;
#4603 = SURFACE_STYLE_FILL_AREA ( #7166 ) ;
#4604 = ORIENTED_EDGE ( 'NONE', *, *, #5803, .F. ) ;
#4605 = AXIS2_PLACEMENT_3D ( 'NONE', #6880, #1263, #7455 ) ;
#4606 = CARTESIAN_POINT ( 'NONE',  ( -0.004149098866750781760, 1.201000000000000068, -0.04166136748294676367 ) ) ;
#4607 = SURFACE_SIDE_STYLE ('',( #1498 ) ) ;
#4608 = ORIENTED_EDGE ( 'NONE', *, *, #1243, .F. ) ;
#4609 =( LENGTH_UNIT ( ) NAMED_UNIT ( * ) SI_UNIT ( .MILLI., .METRE. ) );
#4610 = DIRECTION ( 'NONE',  ( 0.000000000000000000, 0.000000000000000000, -1.000000000000000000 ) ) ;
#4611 = ADVANCED_FACE ( 'NONE', ( #5021 ), #699, .T. ) ;
#4612 = AXIS2_PLACEMENT_3D ( 'NONE', #6024, #4627, #2778 ) ;
#4613 = ORIENTED_EDGE ( 'NONE', *, *, #5162, .F. ) ;
#4614 = ORIENTED_EDGE ( 'NONE', *, *, #8036, .T. ) ;
#4615 = CARTESIAN_POINT ( 'NONE',  ( 1.500000000000000444, 0.8000000000666659394, -0.3798054334174664759 ) ) ;
#4616 = AXIS2_PLACEMENT_3D ( 'NONE', #6128, #3533, #7357 ) ;
#4617 = CARTESIAN_POINT ( 'NONE',  ( 0.01955807141835357726, 1.200000000000000400, -0.07950125307307943923 ) ) ;
#4618 =( LENGTH_UNIT ( ) NAMED_UNIT ( * ) SI_UNIT ( .MILLI., .METRE. ) );
#4619 = ORIENTED_EDGE ( 'NONE', *, *, #991, .F. ) ;
#4620 = CARTESIAN_POINT ( 'NONE',  ( -0.2325812895906590461, 1.201000000000000068, -0.1435297768598247370 ) ) ;
#4621 = FACE_OUTER_BOUND ( 'NONE', #5171, .T. ) ;
#4622 = VECTOR ( 'NONE', #5226, 1000.000000000000000 ) ;
#4623 = DIRECTION ( 'NONE',  ( 0.000000000000000000, -1.000000000000000000, 0.000000000000000000 ) ) ;
#4624 = FILL_AREA_STYLE ('',( #375 ) ) ;
#4625 = EDGE_CURVE ( 'NONE', #6306, #5550, #2031, .T. ) ;
#4626 = CARTESIAN_POINT ( 'NONE',  ( -0.5124621719190511904, 1.201000000000000068, -0.1731642232240074575 ) ) ;
#4627 = DIRECTION ( 'NONE',  ( -1.000000000000000000, 0.000000000000000000, -0.000000000000000000 ) ) ;
#4628 = ADVANCED_FACE ( 'NONE', ( #2682 ), #4646, .T. ) ;
#4629 = AXIS2_PLACEMENT_3D ( 'NONE', #1086, #230, #1494 ) ;
#4630 = SURFACE_STYLE_USAGE ( .BOTH. , #6073 ) ;
#4631 = DIRECTION ( 'NONE',  ( 0.000000000000000000, 0.000000000000000000, 1.000000000000000000 ) ) ;
#4632 = CARTESIAN_POINT ( 'NONE',  ( 1.501000000000000112, 0.8000000000000000444, 0.3891067359796626657 ) ) ;
#4633 =( GEOMETRIC_REPRESENTATION_CONTEXT ( 3 ) GLOBAL_UNCERTAINTY_ASSIGNED_CONTEXT ( ( #4181 ) ) GLOBAL_UNIT_ASSIGNED_CONTEXT ( ( #1427, #4499, #5140 ) ) REPRESENTATION_CONTEXT ( 'NONE', 'WORKASPACE' ) );
#4634 = DIRECTION ( 'NONE',  ( -1.000000000000000000, 0.000000000000000000, 0.000000000000000000 ) ) ;
#4635 = PRESENTATION_STYLE_ASSIGNMENT (( #2860 ) ) ;
#4636 = PRESENTATION_STYLE_ASSIGNMENT (( #2786 ) ) ;
#4637 = ORIENTED_EDGE ( 'NONE', *, *, #4805, .F. ) ;
#4638 = CARTESIAN_POINT ( 'NONE',  ( 0.4543616407124090317, 1.201000000000000068, -0.1731642232240074575 ) ) ;
#4639 = CARTESIAN_POINT ( 'NONE',  ( 0.02271710421901379853, 1.200999999999999845, 0.04910403478154545115 ) ) ;
#4640 = ORIENTED_EDGE ( 'NONE', *, *, #1944, .T. ) ;
#4641 = CIRCLE ( 'NONE', #2934, 0.1499999999999999667 ) ;
#4642 =( NAMED_UNIT ( * ) PLANE_ANGLE_UNIT ( ) SI_UNIT ( $, .RADIAN. ) );
#4643 = ORIENTED_EDGE ( 'NONE', *, *, #2111, .T. ) ;
#4644 = DIRECTION ( 'NONE',  ( -0.000000000000000000, 5.082197683514659374E-15, 1.000000000000000000 ) ) ;
#4645 = ADVANCED_FACE ( 'NONE', ( #238 ), #7713, .T. ) ;
#4646 = PLANE ( 'NONE',  #1286 ) ;
#4647 = ORIENTED_EDGE ( 'NONE', *, *, #4696, .F. ) ;
#4648 = LINE ( 'NONE', #7173, #1128 ) ;
#4649 = CARTESIAN_POINT ( 'NONE',  ( 0.06768582389431396229, 1.200000000000000178, 0.04462598412352573873 ) ) ;
#4650 = ORIENTED_EDGE ( 'NONE', *, *, #5936, .T. ) ;
#4651 = EDGE_LOOP ( 'NONE', ( #1029, #3854, #1430, #7628, #3839, #7742 ) ) ;
#4652 = VECTOR ( 'NONE', #7259, 1000.000000000000000 ) ;
#4653 = CARTESIAN_POINT ( 'NONE',  ( 1.500000000000000666, 0.8004855439755816926, -0.3856015991668792497 ) ) ;
#4654 = EDGE_CURVE ( 'NONE', #4131, #7793, #5309, .T. ) ;
#4655 = APPLICATION_PROTOCOL_DEFINITION ( 'draft international standard', 'automotive_design', 1998, #291 ) ;
#4656 = CARTESIAN_POINT ( 'NONE',  ( -0.01731996391749868192, 1.200000000000000400, -0.06743716197679318347 ) ) ;
#4657 = CARTESIAN_POINT ( 'NONE',  ( -0.08006602691381793646, 1.200999999999999845, 0.04366728661411512641 ) ) ;
#4658 = ORIENTED_EDGE ( 'NONE', *, *, #4696, .T. ) ;
#4659 = CYLINDRICAL_SURFACE ( 'NONE', #1380, 0.1499999999999999667 ) ;
#4660 = SURFACE_STYLE_USAGE ( .BOTH. , #6495 ) ;
#4661 = COLOUR_RGB ( '',1.000000000000000000, 0.8078431372549019773, 0.4980392156862745168 ) ;
#4662 = CARTESIAN_POINT ( 'NONE',  ( -0.02344892719182351329, 1.200000000000000178, -0.1721679778392642135 ) ) ;
#4663 = CARTESIAN_POINT ( 'NONE',  ( 0.5774269110303344998, 1.201000000000000068, 0.01848215300269484204 ) ) ;
#4664 = CARTESIAN_POINT ( 'NONE',  ( 0.03075831607595253328, 1.200999999999999845, -0.1020335768165041290 ) ) ;
#4665 = DIRECTION ( 'NONE',  ( 0.000000000000000000, -1.000000000000000000, -0.000000000000000000 ) ) ;
#4666 = VECTOR ( 'NONE', #1790, 1000.000000000000114 ) ;
#4667 =( NAMED_UNIT ( * ) SI_UNIT ( $, .STERADIAN. ) SOLID_ANGLE_UNIT ( ) );
#4668 = ADVANCED_FACE ( 'NONE', ( #4046 ), #6552, .F. ) ;
#4669 = DIRECTION ( 'NONE',  ( 0.000000000000000000, -0.000000000000000000, -1.000000000000000000 ) ) ;
#4670 = CARTESIAN_POINT ( 'NONE',  ( 1.501000000000000112, 0.8010000000000000453, -0.9999999999999985567 ) ) ;
#4671 = DIRECTION ( 'NONE',  ( 0.000000000000000000, -0.000000000000000000, 1.000000000000000000 ) ) ;
#4672 = VECTOR ( 'NONE', #8054, 1000.000000000000000 ) ;
#4673 = SURFACE_SIDE_STYLE ('',( #6543 ) ) ;
#4674 = VECTOR ( 'NONE', #2979, 1000.000000000000000 ) ;
#4675 = ORIENTED_EDGE ( 'NONE', *, *, #2449, .F. ) ;
#4676 = LINE ( 'NONE', #5133, #5395 ) ;
#4677 = ORIENTED_EDGE ( 'NONE', *, *, #5871, .T. ) ;
#4678 = SURFACE_STYLE_FILL_AREA ( #7909 ) ;
#4679 = DIRECTION ( 'NONE',  ( -6.505213034913020293E-15, 0.000000000000000000, 1.000000000000000000 ) ) ;
#4680 = DIRECTION ( 'NONE',  ( 0.000000000000000000, -1.000000000000000000, 0.000000000000000000 ) ) ;
#4681 = PLANE ( 'NONE',  #4555 ) ;
#4682 = VECTOR ( 'NONE', #6542, 1000.000000000000000 ) ;
#4683 = LINE ( 'NONE', #1655, #4275 ) ;
#4684 = CARTESIAN_POINT ( 'NONE',  ( 0.001093908632315699790, 1.200000000000000178, 0.08676069169970106187 ) ) ;
#4685 = EDGE_LOOP ( 'NONE', ( #7507, #2504, #4347, #6922 ) ) ;
#4686 = ORIENTED_EDGE ( 'NONE', *, *, #178, .T. ) ;
#4687 = ADVANCED_FACE ( 'NONE', ( #2145 ), #4247, .T. ) ;
#4688 = FILL_AREA_STYLE ('',( #6487 ) ) ;
#4689 = SURFACE_SIDE_STYLE ('',( #206 ) ) ;
#4690 = CARTESIAN_POINT ( 'NONE',  ( -1.349999999999999867, 1.200000000000000178, -1.149999999999998357 ) ) ;
#4691 =( NAMED_UNIT ( * ) SI_UNIT ( $, .STERADIAN. ) SOLID_ANGLE_UNIT ( ) );
#4692 = DIRECTION ( 'NONE',  ( 0.000000000000000000, 0.000000000000000000, -1.000000000000000000 ) ) ;
#4693 = ORIENTED_EDGE ( 'NONE', *, *, #7450, .F. ) ;
#4694 = DIRECTION ( 'NONE',  ( 0.000000000000000000, 0.000000000000000000, 1.000000000000000000 ) ) ;
#4695 =( NAMED_UNIT ( * ) SI_UNIT ( $, .STERADIAN. ) SOLID_ANGLE_UNIT ( ) );
#4696 = EDGE_CURVE ( 'NONE', #3602, #5143, #6138, .T. ) ;
#4697 = EDGE_CURVE ( 'NONE', #4772, #2481, #5823, .T. ) ;
#4698 = CARTESIAN_POINT ( 'NONE',  ( 1.349999999999999201, 0.2999999999999999889, 1.149999999999999911 ) ) ;
#4699 = LINE ( 'NONE', #3358, #4412 ) ;
#4700 = CARTESIAN_POINT ( 'NONE',  ( 0.01955807141835357726, 1.201000000000000290, -0.07950125307307943923 ) ) ;
#4701 = LINE ( 'NONE', #7223, #7513 ) ;
#4702 = DIRECTION ( 'NONE',  ( -0.9950371902099890420, 0.000000000000000000, -0.09950371902099923449 ) ) ;
#4703 = PLANE ( 'NONE',  #4304 ) ;
#4704 = AXIS2_PLACEMENT_3D ( 'NONE', #3690, #5430, #1712 ) ;
#4705 = EDGE_CURVE ( 'NONE', #1379, #1938, #6652, .T. ) ;
#4706 = DIRECTION ( 'NONE',  ( 0.000000000000000000, 0.000000000000000000, 1.000000000000000000 ) ) ;
#4707 = FILL_AREA_STYLE_COLOUR ( '', #7239 ) ;
#4708 = MECHANICAL_DESIGN_GEOMETRIC_PRESENTATION_REPRESENTATION (  '', ( #7355 ), #2222 ) ;
#4709 = FACE_OUTER_BOUND ( 'NONE', #4134, .T. ) ;
#4710 = CARTESIAN_POINT ( 'NONE',  ( 0.05875403035988786826, 1.201000000000000512, -0.1326503212566545464 ) ) ;
#4711 = SURFACE_STYLE_FILL_AREA ( #4798 ) ;
#4712 = SURFACE_STYLE_FILL_AREA ( #2952 ) ;
#4713 = PRESENTATION_STYLE_ASSIGNMENT (( #2210 ) ) ;
#4714 = ORIENTED_EDGE ( 'NONE', *, *, #3918, .T. ) ;
#4715 = COLOUR_RGB ( '',1.000000000000000000, 0.8078431372549019773, 0.4980392156862745168 ) ;
#4716 = ORIENTED_EDGE ( 'NONE', *, *, #3104, .T. ) ;
#4717 =( LENGTH_UNIT ( ) NAMED_UNIT ( * ) SI_UNIT ( .MILLI., .METRE. ) );
#4718 = VECTOR ( 'NONE', #519, 1000.000000000000000 ) ;
#4719 = EDGE_CURVE ( 'NONE', #2567, #4948, #7245, .T. ) ;
#4720 = DIRECTION ( 'NONE',  ( -1.668003342285392537E-16, 0.000000000000000000, 1.000000000000000000 ) ) ;
#4721 = ADVANCED_FACE ( 'NONE', ( #2798 ), #1612, .F. ) ;
#4722 = CARTESIAN_POINT ( 'NONE',  ( 1.500000000000000222, 0.2999999999999999889, -0.4999999999999996669 ) ) ;
#4723 = DIRECTION ( 'NONE',  ( 0.000000000000000000, 0.000000000000000000, -1.000000000000000000 ) ) ;
#4724 = CARTESIAN_POINT ( 'NONE',  ( 0.05479314643531289775, 1.199999999999999956, -0.1403788274795657598 ) ) ;
#4725 = DIRECTION ( 'NONE',  ( 0.7071067811865466846, 0.000000000000000000, 0.7071067811865483499 ) ) ;
#4726 = ORIENTED_EDGE ( 'NONE', *, *, #6230, .T. ) ;
#4727 = VECTOR ( 'NONE', #3084, 1000.000000000000000 ) ;
#4728 = VERTEX_POINT ( 'NONE', #1693 ) ;
#4729 = ORIENTED_EDGE ( 'NONE', *, *, #7576, .T. ) ;
#4730 = SURFACE_STYLE_USAGE ( .BOTH. , #364 ) ;
#4731 = ORIENTED_EDGE ( 'NONE', *, *, #7201, .F. ) ;
#4732 = VECTOR ( 'NONE', #2377, 1000.000000000000000 ) ;
#4733 = VECTOR ( 'NONE', #2544, 1000.000000000000000 ) ;
#4734 = FACE_OUTER_BOUND ( 'NONE', #3917, .T. ) ;
#4735 = PLANE ( 'NONE',  #2703 ) ;
#4736 = EDGE_LOOP ( 'NONE', ( #1942, #1200, #2511, #4001 ) ) ;
#4737 = UNCERTAINTY_MEASURE_WITH_UNIT (LENGTH_MEASURE( 1.000000000000000082E-05 ), #5997, 'distance_accuracy_value', 'NONE');
#4738 = LINE ( 'NONE', #1630, #3203 ) ;
#4739 = DIRECTION ( 'NONE',  ( 0.000000000000000000, 0.000000000000000000, 1.000000000000000000 ) ) ;
#4740 = VECTOR ( 'NONE', #3506, 1000.000000000000000 ) ;
#4741 = CARTESIAN_POINT ( 'NONE',  ( -0.06803193431306790717, 1.200000000000000178, -0.1464637271849310030 ) ) ;
#4742 = DIRECTION ( 'NONE',  ( 1.668003342285392290E-16, -0.000000000000000000, 1.000000000000000000 ) ) ;
#4743 = MECHANICAL_DESIGN_GEOMETRIC_PRESENTATION_REPRESENTATION (  '', ( #6996 ), #836 ) ;
#4744 = CARTESIAN_POINT ( 'NONE',  ( -0.1963614107011024124, 1.201000000000000068, -0.1435297768598247370 ) ) ;
#4745 = CARTESIAN_POINT ( 'NONE',  ( 0.04396869926150060587, 1.200000000000000178, -0.06596810365565428103 ) ) ;
#4746 = B_SPLINE_CURVE_WITH_KNOTS ( 'NONE', 3,
 ( #1192, #6197, #2312, #8042, #5560 ),
 .UNSPECIFIED., .F., .F.,
 ( 4, 1, 4 ),
 ( 0.000000000000000000, 0.5660412240200516365, 0.9999999999999998890 ),
 .UNSPECIFIED. ) ;
#4747 = ADVANCED_FACE ( 'NONE', ( #433 ), #4681, .T. ) ;
#4748 = UNCERTAINTY_MEASURE_WITH_UNIT (LENGTH_MEASURE( 1.000000000000000082E-05 ), #4397, 'distance_accuracy_value', 'NONE');
#4749 = CIRCLE ( 'NONE', #5538, 0.1499999999999999667 ) ;
#4750 = CARTESIAN_POINT ( 'NONE',  ( -1.599999999999999867, 0.8000000000000000444, 1.150999999999997803 ) ) ;
#4751 = EDGE_CURVE ( 'NONE', #5258, #4908, #3170, .T. ) ;
#4752 = DIRECTION ( 'NONE',  ( -0.000000000000000000, -1.000000000000000000, -0.000000000000000000 ) ) ;
#4753 = CARTESIAN_POINT ( 'NONE',  ( -0.05148189514287597468, 1.201000000000000068, -0.1040171817075811744 ) ) ;
#4754 = CARTESIAN_POINT ( 'NONE',  ( -0.08770177403243258063, 1.200000000000000178, 0.01452060374914958263 ) ) ;
#4755 =( NAMED_UNIT ( * ) SI_UNIT ( $, .STERADIAN. ) SOLID_ANGLE_UNIT ( ) );
#4756 = FILL_AREA_STYLE_COLOUR ( '', #4223 ) ;
#4757 = AXIS2_PLACEMENT_3D ( 'NONE', #1150, #4136, #6635 ) ;
#4758 = DIRECTION ( 'NONE',  ( 0.000000000000000000, 1.000000000000000000, 0.000000000000000000 ) ) ;
#4759 = PRESENTATION_LAYER_ASSIGNMENT (  '', '', ( #3857 ) ) ;
#4760 = ORIENTED_EDGE ( 'NONE', *, *, #1794, .F. ) ;
#4761 = VECTOR ( 'NONE', #4446, 1000.000000000000000 ) ;
#4762 = ORIENTED_EDGE ( 'NONE', *, *, #3886, .T. ) ;
#4763 = CARTESIAN_POINT ( 'NONE',  ( 0.01083870705432462243, 1.200000000000000178, -0.1395532983664406479 ) ) ;
#4764 = DIRECTION ( 'NONE',  ( 0.000000000000000000, -1.000000000000000000, 0.000000000000000000 ) ) ;
#4765 = DIRECTION ( 'NONE',  ( 0.5403350958123753767, 0.000000000000000000, 0.8414499297245385812 ) ) ;
#4766 = FACE_OUTER_BOUND ( 'NONE', #3755, .T. ) ;
#4767 = MECHANICAL_DESIGN_GEOMETRIC_PRESENTATION_REPRESENTATION (  '', ( #7154 ), #3337 ) ;
#4768 = EDGE_CURVE ( 'NONE', #3638, #4184, #3837, .T. ) ;
#4769 = ORIENTED_EDGE ( 'NONE', *, *, #5621, .T. ) ;
#4770 = ORIENTED_EDGE ( 'NONE', *, *, #4954, .F. ) ;
#4771 = STYLED_ITEM ( 'NONE', ( #6559 ), #420 ) ;
#4772 = VERTEX_POINT ( 'NONE', #3669 ) ;
#4773 = DIRECTION ( 'NONE',  ( 1.000000000000000000, 0.000000000000000000, 0.000000000000000000 ) ) ;
#4774 = VERTEX_POINT ( 'NONE', #2506 ) ;
#4775 = VECTOR ( 'NONE', #1318, 1000.000000000000000 ) ;
#4776 = DIRECTION ( 'NONE',  ( 0.000000000000000000, -0.000000000000000000, -1.000000000000000000 ) ) ;
#4777 = CARTESIAN_POINT ( 'NONE',  ( 0.2302014190377578984, 1.199999999999999956, 0.01305057443770205571 ) ) ;
#4778 =( NAMED_UNIT ( * ) PLANE_ANGLE_UNIT ( ) SI_UNIT ( $, .RADIAN. ) );
#4779 = ORIENTED_EDGE ( 'NONE', *, *, #3741, .F. ) ;
#4780 = FACE_OUTER_BOUND ( 'NONE', #8059, .T. ) ;
#4781 = PRESENTATION_STYLE_ASSIGNMENT (( #5470 ) ) ;
#4782 = AXIS2_PLACEMENT_3D ( 'NONE', #3987, #2165, #4631 ) ;
#4783 = ORIENTED_EDGE ( 'NONE', *, *, #7304, .F. ) ;
#4784 = PRESENTATION_STYLE_ASSIGNMENT (( #2410 ) ) ;
#4785 = FILL_AREA_STYLE ('',( #2936 ) ) ;
#4786 = CARTESIAN_POINT ( 'NONE',  ( -1.499999999999999778, 0.000000000000000000, -1.000000000000000666 ) ) ;
#4787 = DIRECTION ( 'NONE',  ( 1.734723475976807094E-16, 0.000000000000000000, 1.000000000000000000 ) ) ;
#4788 = VERTEX_POINT ( 'NONE', #5053 ) ;
#4789 = DIRECTION ( 'NONE',  ( 0.000000000000000000, 0.000000000000000000, -1.000000000000000000 ) ) ;
#4790 = CARTESIAN_POINT ( 'NONE',  ( 1.501000000000000112, 0.8000000000000000444, 1.250000000000002220 ) ) ;
#4791 = FILL_AREA_STYLE_COLOUR ( '', #2654 ) ;
#4792 = ORIENTED_EDGE ( 'NONE', *, *, #302, .T. ) ;
#4793 = COLOUR_RGB ( '',1.000000000000000000, 1.000000000000000000, 1.000000000000000000 ) ;
#4794 = EDGE_CURVE ( 'NONE', #1185, #782, #1220, .T. ) ;
#4795 = SURFACE_SIDE_STYLE ('',( #2858 ) ) ;
#4796 = CARTESIAN_POINT ( 'NONE',  ( 0.6136467899198910780, 1.201000000000000068, 0.08366764526557586568 ) ) ;
#4797 = DIRECTION ( 'NONE',  ( -0.000000000000000000, 1.000000000000000000, 0.000000000000000000 ) ) ;
#4798 = FILL_AREA_STYLE ('',( #5397 ) ) ;
#4799 = FACE_OUTER_BOUND ( 'NONE', #6349, .T. ) ;
#4800 =( NAMED_UNIT ( * ) SI_UNIT ( $, .STERADIAN. ) SOLID_ANGLE_UNIT ( ) );
#4801 = CARTESIAN_POINT ( 'NONE',  ( 1.500000000000000444, 0.8004788673774990704, -0.3702474352528735135 ) ) ;
#4802 = AXIS2_PLACEMENT_3D ( 'NONE', #7464, #1831, #4978 ) ;
#4803 = CLOSED_SHELL ( 'NONE', ( #7332, #5416, #5564, #5699, #6315, #4141, #7709, #6882, #6997, #6942 ) ) ;
#4804 = VERTEX_POINT ( 'NONE', #1301 ) ;
#4805 = EDGE_CURVE ( 'NONE', #858, #4122, #903, .T. ) ;
#4806 = CARTESIAN_POINT ( 'NONE',  ( 0.009728560938623672522, 1.200000000000000844, 0.08567055296371647866 ) ) ;
#4807 = MECHANICAL_DESIGN_GEOMETRIC_PRESENTATION_REPRESENTATION (  '', ( #7312 ), #7447 ) ;
#4808 = CARTESIAN_POINT ( 'NONE',  ( 0.03076409428962216877, 1.201000000000000290, -0.1106529703994414832 ) ) ;
#4809 = DIRECTION ( 'NONE',  ( 0.000000000000000000, 1.000000000000000000, 0.000000000000000000 ) ) ;
#4810 = DIRECTION ( 'NONE',  ( -0.2990981086500769104, 0.000000000000000000, -0.9542223647567409373 ) ) ;
#4811 = CARTESIAN_POINT ( 'NONE',  ( -0.3148991961578331833, 1.201000000000000068, -0.1435297768598247370 ) ) ;
#4812 = MECHANICAL_DESIGN_GEOMETRIC_PRESENTATION_REPRESENTATION (  '', ( #3113 ), #2977 ) ;
#4813 = ORIENTED_EDGE ( 'NONE', *, *, #5057, .T. ) ;
#4814 = ORIENTED_EDGE ( 'NONE', *, *, #6127, .T. ) ;
#4815 = VERTEX_POINT ( 'NONE', #5626 ) ;
#4816 = LINE ( 'NONE', #6677, #1623 ) ;
#4817 = ORIENTED_EDGE ( 'NONE', *, *, #261, .T. ) ;
#4818 = EDGE_CURVE ( 'NONE', #7919, #2344, #1861, .T. ) ;
#4819 = SURFACE_STYLE_FILL_AREA ( #6059 ) ;
#4820 = EDGE_LOOP ( 'NONE', ( #7468, #3656, #1546, #6726 ) ) ;
#4821 = CARTESIAN_POINT ( 'NONE',  ( 0.03364593370816822138, 1.200000000000000178, -0.02470484252496516625 ) ) ;
#4822 = PLANE ( 'NONE',  #3018 ) ;
#4823 = EDGE_LOOP ( 'NONE', ( #2803, #7019, #1488, #8115 ) ) ;
#4824 = MECHANICAL_DESIGN_GEOMETRIC_PRESENTATION_REPRESENTATION (  '', ( #5206 ), #2592 ) ;
#4825 = LINE ( 'NONE', #7263, #2132 ) ;
#4826 = CARTESIAN_POINT ( 'NONE',  ( -1.599999999999998979, 0.8000000000000000444, -1.249999999999997780 ) ) ;
#4827 = FACE_OUTER_BOUND ( 'NONE', #5599, .T. ) ;
#4828 = ADVANCED_FACE ( 'NONE', ( #6229 ), #3793, .F. ) ;
#4829 = ORIENTED_EDGE ( 'NONE', *, *, #6905, .F. ) ;
#4830 = ADVANCED_FACE ( 'NONE', ( #13 ), #3109, .F. ) ;
#4831 = CARTESIAN_POINT ( 'NONE',  ( -0.07831490811569494226, 1.201000000000000068, -0.1288336409919699221 ) ) ;
#4832 = COLOUR_RGB ( '',1.000000000000000000, 0.8078431372549019773, 0.4980392156862745168 ) ;
#4833 = CARTESIAN_POINT ( 'NONE',  ( -1.500000000000000000, 1.200000000000000178, 0.9999999999999972244 ) ) ;
#4834 = ORIENTED_EDGE ( 'NONE', *, *, #1229, .T. ) ;
#4835 = EDGE_LOOP ( 'NONE', ( #5516, #7746, #4566, #6518 ) ) ;
#4836 = CARTESIAN_POINT ( 'NONE',  ( 0.1164466342541592564, 1.200000000000000178, 0.08366764526557586568 ) ) ;
#4837 = DIRECTION ( 'NONE',  ( 0.000000000000000000, -1.000000000000000000, 0.000000000000000000 ) ) ;
#4838 = CARTESIAN_POINT ( 'NONE',  ( -1.099999999999998979, 1.201000000000000068, 0.8000000000000022649 ) ) ;
#4839 = CARTESIAN_POINT ( 'NONE',  ( 0.2377617871511735759, 1.200999999999999845, 0.03759220746460899959 ) ) ;
#4840 = CARTESIAN_POINT ( 'NONE',  ( -0.07657313506263550840, 1.200000000000000400, 0.05000467469885305771 ) ) ;
#4841 =( LENGTH_UNIT ( ) NAMED_UNIT ( * ) SI_UNIT ( .MILLI., .METRE. ) );
#4842 = LINE ( 'NONE', #1560, #2892 ) ;
#4843 = CARTESIAN_POINT ( 'NONE',  ( 1.500000000000000444, 0.8000000000000000444, -0.3750000000000000000 ) ) ;
#4844 = VERTEX_POINT ( 'NONE', #4371 ) ;
#4845 = PRESENTATION_LAYER_ASSIGNMENT (  '', '', ( #7355 ) ) ;
#4846 = VECTOR ( 'NONE', #7770, 1000.000000000000000 ) ;
#4847 = SURFACE_STYLE_USAGE ( .BOTH. , #6708 ) ;
#4848 = CARTESIAN_POINT ( 'NONE',  ( 0.003751638605786162400, 1.199999999999999956, -0.1421096130203857999 ) ) ;
#4849 = CARTESIAN_POINT ( 'NONE',  ( -0.01429175535601883915, 1.200000000000000400, -0.06755277781244188595 ) ) ;
#4850 = CARTESIAN_POINT ( 'NONE',  ( -1.599999999999998979, 0.000000000000000000, -1.099999999999997868 ) ) ;
#4851 = CARTESIAN_POINT ( 'NONE',  ( -0.01953889532721897471, 1.201000000000000512, -0.03973531993225856013 ) ) ;
#4852 = EDGE_CURVE ( 'NONE', #5336, #1191, #7536, .T. ) ;
#4853 = CARTESIAN_POINT ( 'NONE',  ( 1.500000000000000222, 0.8010000000000000453, -0.3608932640203373898 ) ) ;
#4854 = VECTOR ( 'NONE', #1678, 1000.000000000000000 ) ;
#4855 = ORIENTED_EDGE ( 'NONE', *, *, #7475, .T. ) ;
#4856 = VERTEX_POINT ( 'NONE', #2388 ) ;
#4857 = VERTEX_POINT ( 'NONE', #3046 ) ;
#4858 = DIRECTION ( 'NONE',  ( 0.000000000000000000, 0.000000000000000000, 1.000000000000000000 ) ) ;
#4859 = ORIENTED_EDGE ( 'NONE', *, *, #6780, .T. ) ;
#4860 = ADVANCED_FACE ( 'NONE', ( #4290 ), #1940, .T. ) ;
#4861 =( NAMED_UNIT ( * ) SI_UNIT ( $, .STERADIAN. ) SOLID_ANGLE_UNIT ( ) );
#4862 = CARTESIAN_POINT ( 'NONE',  ( 1.600000000000000089, 0.8000000000000000444, -0.2749999999999999112 ) ) ;
#4863 = ORIENTED_EDGE ( 'NONE', *, *, #956, .T. ) ;
#4864 = CARTESIAN_POINT ( 'NONE',  ( 0.01054311002127904760, 1.200000000000000400, -0.03984495190251929886 ) ) ;
#4865 =( LENGTH_UNIT ( ) NAMED_UNIT ( * ) SI_UNIT ( .MILLI., .METRE. ) );
#4866 = ORIENTED_EDGE ( 'NONE', *, *, #3301, .F. ) ;
#4867 = COLOUR_RGB ( '',1.000000000000000000, 0.8078431372549019773, 0.4980392156862745168 ) ;
#4868 = DIRECTION ( 'NONE',  ( -0.5403350958123748216, 0.000000000000000000, -0.8414499297245390252 ) ) ;
#4869 =( GEOMETRIC_REPRESENTATION_CONTEXT ( 3 ) GLOBAL_UNCERTAINTY_ASSIGNED_CONTEXT ( ( #135 ) ) GLOBAL_UNIT_ASSIGNED_CONTEXT ( ( #7606, #7118, #1447 ) ) REPRESENTATION_CONTEXT ( 'NONE', 'WORKASPACE' ) );
#4870 =( LENGTH_UNIT ( ) NAMED_UNIT ( * ) SI_UNIT ( .MILLI., .METRE. ) );
#4871 =( GEOMETRIC_REPRESENTATION_CONTEXT ( 3 ) GLOBAL_UNCERTAINTY_ASSIGNED_CONTEXT ( ( #7663 ) ) GLOBAL_UNIT_ASSIGNED_CONTEXT ( ( #8030, #1099, #2342 ) ) REPRESENTATION_CONTEXT ( 'NONE', 'WORKASPACE' ) );
#4872 = ORIENTED_EDGE ( 'NONE', *, *, #1314, .T. ) ;
#4873 = FACE_OUTER_BOUND ( 'NONE', #3210, .T. ) ;
#4874 = VECTOR ( 'NONE', #3080, 1000.000000000000000 ) ;
#4875 = EDGE_CURVE ( 'NONE', #2693, #322, #6879, .T. ) ;
#4876 = SURFACE_STYLE_FILL_AREA ( #4351 ) ;
#4877 = VERTEX_POINT ( 'NONE', #6796 ) ;
#4878 = EDGE_CURVE ( 'NONE', #7835, #5754, #6030, .T. ) ;
#4879 = ORIENTED_EDGE ( 'NONE', *, *, #3918, .F. ) ;
#4880 = CARTESIAN_POINT ( 'NONE',  ( -0.08440905776974561014, 1.201000000000000068, -0.1073098979702681449 ) ) ;
#4881 = FACE_OUTER_BOUND ( 'NONE', #6041, .T. ) ;
#4882 = CARTESIAN_POINT ( 'NONE',  ( -0.04344419018358133128, 1.200000000000000400, 0.04022234142678653146 ) ) ;
#4883 = CARTESIAN_POINT ( 'NONE',  ( -1.599999999999999867, 0.2999999999999999889, 1.100000000000002309 ) ) ;
#4884 = VECTOR ( 'NONE', #3870, 1000.000000000000000 ) ;
#4885 = CARTESIAN_POINT ( 'NONE',  ( -0.006618636063766012226, 1.201000000000000068, 0.05732591516408013649 ) ) ;
#4886 = FACE_OUTER_BOUND ( 'NONE', #3551, .T. ) ;
#4887 = CARTESIAN_POINT ( 'NONE',  ( -1.499999999999999778, 0.000000000000000000, -1.000000000000000666 ) ) ;
#4888 = ORIENTED_EDGE ( 'NONE', *, *, #5335, .T. ) ;
#4889 = AXIS2_PLACEMENT_3D ( 'NONE', #4023, #946, #3357 ) ;
#4890 = DIRECTION ( 'NONE',  ( 0.000000000000000000, 0.000000000000000000, -1.000000000000000000 ) ) ;
#4891 = VECTOR ( 'NONE', #5074, 1000.000000000000000 ) ;
#4892 = CARTESIAN_POINT ( 'NONE',  ( 0.2342169884343961728, 1.200000000000000178, 0.02589156145062583916 ) ) ;
#4893 = CARTESIAN_POINT ( 'NONE',  ( 0.02469310995164461509, 1.200000000000000400, -0.1275702085692185239 ) ) ;
#4894 = CARTESIAN_POINT ( 'NONE',  ( 0.3634003539556817652, 1.201000000000000068, 0.08366764526557586568 ) ) ;
#4895 = CARTESIAN_POINT ( 'NONE',  ( -1.599999999999999867, 0.8000000000000000444, 1.250000000000002220 ) ) ;
#4896 = VECTOR ( 'NONE', #3115, 1000.000000000000000 ) ;
#4897 = ORIENTED_EDGE ( 'NONE', *, *, #6175, .F. ) ;
#4898 = VECTOR ( 'NONE', #800, 1000.000000000000000 ) ;
#4899 = ORIENTED_EDGE ( 'NONE', *, *, #5682, .F. ) ;
#4900 = ORIENTED_EDGE ( 'NONE', *, *, #3502, .T. ) ;
#4901 = CARTESIAN_POINT ( 'NONE',  ( -0.3412409262593289472, 1.201000000000000068, -0.1731642232240074575 ) ) ;
#4902 = EDGE_CURVE ( 'NONE', #1191, #7548, #606, .T. ) ;
#4903 = VERTEX_POINT ( 'NONE', #2548 ) ;
#4904 = CARTESIAN_POINT ( 'NONE',  ( 0.5753689633661550618, 1.201000000000000068, 0.08366764526557586568 ) ) ;
#4905 = CARTESIAN_POINT ( 'NONE',  ( 0.2399234941049204484, 1.201000000000000068, 0.04477243441258608320 ) ) ;
#4906 = ORIENTED_EDGE ( 'NONE', *, *, #4768, .F. ) ;
#4907 = DIRECTION ( 'NONE',  ( 0.000000000000000000, -1.000000000000000000, 0.000000000000000000 ) ) ;
#4908 = VERTEX_POINT ( 'NONE', #4449 ) ;
#4909 = ORIENTED_EDGE ( 'NONE', *, *, #3104, .F. ) ;
#4910 = EDGE_CURVE ( 'NONE', #2182, #5559, #804, .T. ) ;
#4911 = LINE ( 'NONE', #497, #4674 ) ;
#4912 = PRESENTATION_STYLE_ASSIGNMENT (( #1674 ) ) ;
#4913 = ORIENTED_EDGE ( 'NONE', *, *, #2713, .F. ) ;
#4914 = LINE ( 'NONE', #4551, #2998 ) ;
#4915 = DIRECTION ( 'NONE',  ( 0.000000000000000000, 0.000000000000000000, 1.000000000000000000 ) ) ;
#4916 =( GEOMETRIC_REPRESENTATION_CONTEXT ( 3 ) GLOBAL_UNCERTAINTY_ASSIGNED_CONTEXT ( ( #768 ) ) GLOBAL_UNIT_ASSIGNED_CONTEXT ( ( #932, #6434, #196 ) ) REPRESENTATION_CONTEXT ( 'NONE', 'WORKASPACE' ) );
#4917 = DIRECTION ( 'NONE',  ( 0.000000000000000000, 0.000000000000000000, -1.000000000000000000 ) ) ;
#4918 = VERTEX_POINT ( 'NONE', #2022 ) ;
#4919 =( LENGTH_UNIT ( ) NAMED_UNIT ( * ) SI_UNIT ( .MILLI., .METRE. ) );
#4920 = CARTESIAN_POINT ( 'NONE',  ( -0.4762422930294945012, 1.201000000000000068, -0.06121187029265061363 ) ) ;
#4921 = UNCERTAINTY_MEASURE_WITH_UNIT (LENGTH_MEASURE( 1.000000000000000082E-05 ), #4391, 'distance_accuracy_value', 'NONE');
#4922 = CARTESIAN_POINT ( 'NONE',  ( -0.3148991961578331833, 1.201000000000000068, -0.1731642232240074575 ) ) ;
#4923 = EDGE_CURVE ( 'NONE', #270, #5548, #6957, .T. ) ;
#4924 = CARTESIAN_POINT ( 'NONE',  ( -0.5999999999999997558, 0.000000000000000000, -0.4999999999999995559 ) ) ;
#4925 = CARTESIAN_POINT ( 'NONE',  ( -0.3609972238354506868, 1.200000000000000178, -0.03157742392846793478 ) ) ;
#4926 = VECTOR ( 'NONE', #51, 1000.000000000000000 ) ;
#4927 = VERTEX_POINT ( 'NONE', #766 ) ;
#4928 = SURFACE_STYLE_USAGE ( .BOTH. , #8106 ) ;
#4929 = LINE ( 'NONE', #6956, #6359 ) ;
#4930 = CARTESIAN_POINT ( 'NONE',  ( 0.03083601142429815561, 1.200000000000000178, -0.1067954110542232854 ) ) ;
#4931 = VECTOR ( 'NONE', #1666, 1000.000000000000114 ) ;
#4932 = DIRECTION ( 'NONE',  ( -0.000000000000000000, -1.000000000000000000, -0.000000000000000000 ) ) ;
#4933 = CARTESIAN_POINT ( 'NONE',  ( -0.5999999999999997558, 0.2999999999999999889, -0.4999999999999995559 ) ) ;
#4934 = ORIENTED_EDGE ( 'NONE', *, *, #1081, .F. ) ;
#4935 = ORIENTED_EDGE ( 'NONE', *, *, #44, .T. ) ;
#4936 = STYLED_ITEM ( 'NONE', ( #4157 ), #5007 ) ;
#4937 = UNCERTAINTY_MEASURE_WITH_UNIT (LENGTH_MEASURE( 1.000000000000000082E-05 ), #4919, 'distance_accuracy_value', 'NONE');
#4938 = CARTESIAN_POINT ( 'NONE',  ( 0.07385448199770729139, 1.200000000000000400, -0.01643137398134957017 ) ) ;
#4939 = ORIENTED_EDGE ( 'NONE', *, *, #126, .F. ) ;
#4940 = CARTESIAN_POINT ( 'NONE',  ( -0.02544885719100715982, 1.201000000000000068, -0.03816285645384186881 ) ) ;
#4941 = CARTESIAN_POINT ( 'NONE',  ( 0.07103187562132590172, 1.201000000000000290, 0.03756364491813855150 ) ) ;
#4942 = CARTESIAN_POINT ( 'NONE',  ( 0.07618194611357016754, 1.201000000000000290, -0.005469053621631025063 ) ) ;
#4943 = ORIENTED_EDGE ( 'NONE', *, *, #7238, .T. ) ;
#4944 = SURFACE_SIDE_STYLE ('',( #6847 ) ) ;
#4945 = CARTESIAN_POINT ( 'NONE',  ( -1.500000000000000000, 1.200000000000000178, 0.9999999999999981126 ) ) ;
#4946 = ADVANCED_FACE ( 'NONE', ( #5130 ), #3694, .F. ) ;
#4947 = ORIENTED_EDGE ( 'NONE', *, *, #2254, .T. ) ;
#4948 = VERTEX_POINT ( 'NONE', #2135 ) ;
#4949 =( NAMED_UNIT ( * ) SI_UNIT ( $, .STERADIAN. ) SOLID_ANGLE_UNIT ( ) );
#4950 = LINE ( 'NONE', #2603, #6891 ) ;
#4951 = FILL_AREA_STYLE ('',( #6158 ) ) ;
#4952 = ORIENTED_EDGE ( 'NONE', *, *, #4143, .F. ) ;
#4953 = CARTESIAN_POINT ( 'NONE',  ( -1.500999999999999890, 0.8000000000000000444, 0.3608932640203325048 ) ) ;
#4954 = EDGE_CURVE ( 'NONE', #4918, #7293, #1529, .T. ) ;
#4955 = CARTESIAN_POINT ( 'NONE',  ( 1.600000000000000755, 0.8000000000000000444, -0.3750000000000000000 ) ) ;
#4956 = VECTOR ( 'NONE', #803, 1000.000000000000000 ) ;
#4957 = EDGE_CURVE ( 'NONE', #1499, #6369, #7719, .T. ) ;
#4958 = DIRECTION ( 'NONE',  ( -0.000000000000000000, 1.000000000000000000, -0.000000000000000000 ) ) ;
#4959 = ORIENTED_EDGE ( 'NONE', *, *, #3733, .F. ) ;
#4960 = PLANE ( 'NONE',  #5811 ) ;
#4961 = CARTESIAN_POINT ( 'NONE',  ( 0.2320135102615615841, 1.200000000000000400, 0.01875242511492107925 ) ) ;
#4962 = CARTESIAN_POINT ( 'NONE',  ( -1.500999999999956813, 0.8000000000000000444, 0.3891067359793643488 ) ) ;
#4963 = ADVANCED_FACE ( 'NONE', ( #2589 ), #3253, .T. ) ;
#4964 = CARTESIAN_POINT ( 'NONE',  ( -1.499999999999999556, 0.000000000000000000, 0.5000000000000006661 ) ) ;
#4965 = DIRECTION ( 'NONE',  ( -1.000000000000000000, 0.000000000000000000, -0.000000000000000000 ) ) ;
#4966 = DIRECTION ( 'NONE',  ( -0.000000000000000000, -1.000000000000000000, -0.000000000000000000 ) ) ;
#4967 = CARTESIAN_POINT ( 'NONE',  ( 1.350000000000000089, 0.8000000000000000444, -1.150999999999998469 ) ) ;
#4968 = LINE ( 'NONE', #3790, #6612 ) ;
#4969 = CARTESIAN_POINT ( 'NONE',  ( 0.003751638605786162400, 1.199999999999999956, -0.1421096130203857999 ) ) ;
#4970 = FACE_OUTER_BOUND ( 'NONE', #1084, .T. ) ;
#4971 = AXIS2_PLACEMENT_3D ( 'NONE', #4626, #875, #1517 ) ;
#4972 = EDGE_LOOP ( 'NONE', ( #4619, #1267, #4834, #7465 ) ) ;
#4973 = EDGE_CURVE ( 'NONE', #7762, #4550, #7044, .T. ) ;
#4974 = EDGE_LOOP ( 'NONE', ( #2302, #898, #4888, #6163, #1069, #1426, #2601 ) ) ;
#4975 = EDGE_CURVE ( 'NONE', #1742, #855, #139, .T. ) ;
#4976 = ADVANCED_FACE ( 'NONE', ( #7660 ), #4532, .F. ) ;
#4977 = CARTESIAN_POINT ( 'NONE',  ( -0.04344419018358133128, 1.200000000000000622, 0.04022234142678653146 ) ) ;
#4978 = DIRECTION ( 'NONE',  ( -0.3035516742042336236, 0.000000000000000000, -0.9528149773632899056 ) ) ;
#4979 = ORIENTED_EDGE ( 'NONE', *, *, #5107, .F. ) ;
#4980 = FILL_AREA_STYLE_COLOUR ( '', #84 ) ;
#4981 = LINE ( 'NONE', #1345, #7623 ) ;
#4982 = VERTEX_POINT ( 'NONE', #2211 ) ;
#4983 = EDGE_LOOP ( 'NONE', ( #5428, #6060, #2644, #2996 ) ) ;
#4984 = MECHANICAL_DESIGN_GEOMETRIC_PRESENTATION_REPRESENTATION (  '', ( #5360 ), #6473 ) ;
#4985 = DIRECTION ( 'NONE',  ( 0.000000000000000000, -1.000000000000000000, 0.000000000000000000 ) ) ;
#4986 = CARTESIAN_POINT ( 'NONE',  ( -0.01102066680419955431, 1.200000000000000400, -0.1434223286406932640 ) ) ;
#4987 = FILL_AREA_STYLE_COLOUR ( '', #5106 ) ;
#4988 =( NAMED_UNIT ( * ) SI_UNIT ( $, .STERADIAN. ) SOLID_ANGLE_UNIT ( ) );
#4989 = AXIS2_PLACEMENT_3D ( 'NONE', #4892, #2297, #6136 ) ;
#4990 = CARTESIAN_POINT ( 'NONE',  ( 0.2435981290695263812, 1.201000000000000068, 0.03237606149799824445 ) ) ;
#4991 = VERTEX_POINT ( 'NONE', #2172 ) ;
#4992 = CARTESIAN_POINT ( 'NONE',  ( 0.01485616835503984420, 1.201000000000000290, -0.07617147805910043368 ) ) ;
#4993 = CARTESIAN_POINT ( 'NONE',  ( -0.08288361043754306767, 1.200999999999999845, -0.1148499708940921016 ) ) ;
#4994 =( GEOMETRIC_REPRESENTATION_CONTEXT ( 3 ) GLOBAL_UNCERTAINTY_ASSIGNED_CONTEXT ( ( #6427 ) ) GLOBAL_UNIT_ASSIGNED_CONTEXT ( ( #6258, #514, #598 ) ) REPRESENTATION_CONTEXT ( 'NONE', 'WORKASPACE' ) );
#4995 =( GEOMETRIC_REPRESENTATION_CONTEXT ( 3 ) GLOBAL_UNCERTAINTY_ASSIGNED_CONTEXT ( ( #5125 ) ) GLOBAL_UNIT_ASSIGNED_CONTEXT ( ( #7275, #467, #1684 ) ) REPRESENTATION_CONTEXT ( 'NONE', 'WORKASPACE' ) );
#4996 = SURFACE_SIDE_STYLE ('',( #4552 ) ) ;
#4997 = DIRECTION ( 'NONE',  ( -0.09950371902099867938, 0.000000000000000000, -0.9950371902099892640 ) ) ;
#4998 = COLOUR_RGB ( '',1.000000000000000000, 0.8078431372549019773, 0.4980392156862745168 ) ;
#4999 = EDGE_CURVE ( 'NONE', #6853, #3995, #5323, .T. ) ;
#5000 = CIRCLE ( 'NONE', #3827, 0.06250000000000027756 ) ;
#5001 = LINE ( 'NONE', #7523, #3999 ) ;
#5002 = CARTESIAN_POINT ( 'NONE',  ( 0.4160838141586731265, 1.201000000000000068, 0.08366764526557586568 ) ) ;
#5003 = CARTESIAN_POINT ( 'NONE',  ( -0.01133067553811372731, 1.201000000000000068, 0.05725362695643922140 ) ) ;
#5004 = LINE ( 'NONE', #5535, #4727 ) ;
#5005 = MECHANICAL_DESIGN_GEOMETRIC_PRESENTATION_REPRESENTATION (  '', ( #7380 ), #2382 ) ;
#5006 = DIRECTION ( 'NONE',  ( 1.000000000000000000, 0.000000000000000000, 0.000000000000000000 ) ) ;
#5007 = ADVANCED_FACE ( 'NONE', ( #6038 ), #7978, .F. ) ;
#5008 = CARTESIAN_POINT ( 'NONE',  ( 1.500000000000000222, 0.8010000000000000453, -1.149999999999998357 ) ) ;
#5009 = AXIS2_PLACEMENT_3D ( 'NONE', #2018, #4634, #5279 ) ;
#5010 = DIRECTION ( 'NONE',  ( 1.000000000000000000, 0.000000000000000000, -2.891205793294682764E-16 ) ) ;
#5011 = CARTESIAN_POINT ( 'NONE',  ( -0.5999999999999997558, 0.000000000000000000, -0.4999999999999995559 ) ) ;
#5012 = EDGE_LOOP ( 'NONE', ( #927, #7991, #2587, #4193 ) ) ;
#5013 = DIRECTION ( 'NONE',  ( -0.09950371902099926225, 0.000000000000000000, 0.9950371902099891530 ) ) ;
#5014 = DIRECTION ( 'NONE',  ( -0.000000000000000000, 1.000000000000000000, -0.000000000000000000 ) ) ;
#5015 = DIRECTION ( 'NONE',  ( 0.000000000000000000, 0.000000000000000000, 1.000000000000000000 ) ) ;
#5016 = ORIENTED_EDGE ( 'NONE', *, *, #812, .F. ) ;
#5017 = CARTESIAN_POINT ( 'NONE',  ( -1.599999999999999867, 0.2999999999999999889, 1.100000000000002309 ) ) ;
#5018 = VERTEX_POINT ( 'NONE', #3415 ) ;
#5019 = PRESENTATION_LAYER_ASSIGNMENT (  '', '', ( #451 ) ) ;
#5020 = CARTESIAN_POINT ( 'NONE',  ( -0.02420182869166053602, 1.201000000000000068, 0.05466224965558783011 ) ) ;
#5021 = FACE_OUTER_BOUND ( 'NONE', #937, .T. ) ;
#5022 = VERTEX_POINT ( 'NONE', #2333 ) ;
#5023 = CARTESIAN_POINT ( 'NONE',  ( 0.03076409428962216877, 1.201000000000000290, -0.1106529703994414832 ) ) ;
#5024 =( LENGTH_UNIT ( ) NAMED_UNIT ( * ) SI_UNIT ( .MILLI., .METRE. ) );
#5025 = EDGE_CURVE ( 'NONE', #244, #5405, #5911, .T. ) ;
#5026 = ORIENTED_EDGE ( 'NONE', *, *, #7662, .T. ) ;
#5027 = EDGE_LOOP ( 'NONE', ( #4913, #5517, #6975, #4132 ) ) ;
#5028 = FACE_OUTER_BOUND ( 'NONE', #769, .T. ) ;
#5029 = VECTOR ( 'NONE', #4765, 1000.000000000000114 ) ;
#5030 = DIRECTION ( 'NONE',  ( -1.668003342285392290E-16, 0.000000000000000000, -1.000000000000000000 ) ) ;
#5031 = LINE ( 'NONE', #3851, #2664 ) ;
#5032 = CARTESIAN_POINT ( 'NONE',  ( 1.350000000000000089, 0.8000000000000000444, 1.150999999999997803 ) ) ;
#5033 = ORIENTED_EDGE ( 'NONE', *, *, #6694, .T. ) ;
#5034 = LINE ( 'NONE', #1923, #106 ) ;
#5035 = VECTOR ( 'NONE', #5041, 1000.000000000000000 ) ;
#5036 = SURFACE_STYLE_FILL_AREA ( #7519 ) ;
#5037 = CARTESIAN_POINT ( 'NONE',  ( 0.04065885146851301590, 1.200999999999999845, 0.02615855993532342771 ) ) ;
#5038 = CARTESIAN_POINT ( 'NONE',  ( -0.01049807639906127389, 1.200000000000000178, 0.08690957757199541112 ) ) ;
#5039 =( LENGTH_UNIT ( ) NAMED_UNIT ( * ) SI_UNIT ( .MILLI., .METRE. ) );
#5040 = VECTOR ( 'NONE', #4004, 1000.000000000000000 ) ;
#5041 = DIRECTION ( 'NONE',  ( -0.000000000000000000, -1.000000000000000000, -0.000000000000000000 ) ) ;
#5042 = CARTESIAN_POINT ( 'NONE',  ( 0.6000000000000001998, 0.2999999999999999889, -0.4999999999999996669 ) ) ;
#5043 = CARTESIAN_POINT ( 'NONE',  ( -1.350000000000000089, 1.050000000000000044, -0.9999999999999985567 ) ) ;
#5044 = SURFACE_STYLE_USAGE ( .BOTH. , #6750 ) ;
#5045 = EDGE_CURVE ( 'NONE', #4079, #4160, #3826, .T. ) ;
#5046 = VECTOR ( 'NONE', #113, 1000.000000000000000 ) ;
#5047 = PLANE ( 'NONE',  #3433 ) ;
#5048 = UNCERTAINTY_MEASURE_WITH_UNIT (LENGTH_MEASURE( 1.000000000000000082E-05 ), #884, 'distance_accuracy_value', 'NONE');
#5049 = DIRECTION ( 'NONE',  ( 2.891205793294682764E-16, 0.000000000000000000, 1.000000000000000000 ) ) ;
#5050 = DIRECTION ( 'NONE',  ( 0.000000000000000000, 1.000000000000000000, 0.000000000000000000 ) ) ;
#5051 = ORIENTED_EDGE ( 'NONE', *, *, #1814, .F. ) ;
#5052 = CARTESIAN_POINT ( 'NONE',  ( -1.350000000000000089, 0.8010000000000000453, 0.9999999999999978906 ) ) ;
#5053 = CARTESIAN_POINT ( 'NONE',  ( 1.350000000000000089, 0.8010000000000000453, -1.149999999999998357 ) ) ;
#5054 = CARTESIAN_POINT ( 'NONE',  ( -1.350000000000000089, 0.8000000000000000444, 0.9999999999999978906 ) ) ;
#5055 = MECHANICAL_DESIGN_GEOMETRIC_PRESENTATION_REPRESENTATION (  '', ( #487 ), #3258 ) ;
#5056 = VECTOR ( 'NONE', #3526, 1000.000000000000000 ) ;
#5057 = EDGE_CURVE ( 'NONE', #5245, #6802, #387, .T. ) ;
#5058 = VERTEX_POINT ( 'NONE', #1647 ) ;
#5059 = DIRECTION ( 'NONE',  ( 0.8414499297245386922, 0.000000000000000000, -0.5403350958123754877 ) ) ;
#5060 = ORIENTED_EDGE ( 'NONE', *, *, #4159, .F. ) ;
#5061 =( GEOMETRIC_REPRESENTATION_CONTEXT ( 3 ) GLOBAL_UNCERTAINTY_ASSIGNED_CONTEXT ( ( #404 ) ) GLOBAL_UNIT_ASSIGNED_CONTEXT ( ( #1627, #4778, #6106 ) ) REPRESENTATION_CONTEXT ( 'NONE', 'WORKASPACE' ) );
#5062 = CARTESIAN_POINT ( 'NONE',  ( -0.02802613820359006053, 1.200000000000000400, 0.05318821105567674706 ) ) ;
#5063 = LINE ( 'NONE', #7499, #8100 ) ;
#5064 = ORIENTED_EDGE ( 'NONE', *, *, #5745, .F. ) ;
#5065 = CARTESIAN_POINT ( 'NONE',  ( 0.6000000000000001998, 0.000000000000000000, -0.4999999999999996669 ) ) ;
#5066 = CARTESIAN_POINT ( 'NONE',  ( 0.6000000000000003109, 0.2999999999999999889, 0.5000000000000005551 ) ) ;
#5067 = ORIENTED_EDGE ( 'NONE', *, *, #7980, .T. ) ;
#5068 = VECTOR ( 'NONE', #7073, 1000.000000000000000 ) ;
#5069 = EDGE_LOOP ( 'NONE', ( #2969, #1709, #2407, #1124 ) ) ;
#5070 = VECTOR ( 'NONE', #2490, 1000.000000000000000 ) ;
#5071 = CARTESIAN_POINT ( 'NONE',  ( -0.01731996391749868192, 1.201000000000000290, -0.06743716197679318347 ) ) ;
#5072 = CARTESIAN_POINT ( 'NONE',  ( -0.04430353207501544488, 1.200999999999999845, -0.1248503367620449750 ) ) ;
#5073 = DIRECTION ( 'NONE',  ( 0.000000000000000000, 0.000000000000000000, -1.000000000000000000 ) ) ;
#5074 = DIRECTION ( 'NONE',  ( -0.7071067811865467956, -0.000000000000000000, -0.7071067811865483499 ) ) ;
#5075 = CARTESIAN_POINT ( 'NONE',  ( 0.2399234941049204484, 1.201000000000000068, 0.04477243441258608320 ) ) ;
#5076 = ORIENTED_EDGE ( 'NONE', *, *, #2208, .F. ) ;
#5077 = LINE ( 'NONE', #1959, #2801 ) ;
#5078 = CARTESIAN_POINT ( 'NONE',  ( -1.599999999999999201, 0.8000000000000000444, -0.4750000000000000888 ) ) ;
#5079 = CARTESIAN_POINT ( 'NONE',  ( 0.04320614403361354439, 1.200000000000000622, 0.01654837404462890238 ) ) ;
#5080 = EDGE_CURVE ( 'NONE', #3913, #29, #6534, .T. ) ;
#5081 = DIRECTION ( 'NONE',  ( 1.734723475976807094E-16, 0.000000000000000000, 1.000000000000000000 ) ) ;
#5082 = CARTESIAN_POINT ( 'NONE',  ( 0.06175105590922467386, 1.201000000000000290, -0.09224736684362377925 ) ) ;
#5083 = EDGE_CURVE ( 'NONE', #1051, #2224, #7821, .T. ) ;
#5084 = PLANE ( 'NONE',  #468 ) ;
#5085 = DIRECTION ( 'NONE',  ( 0.000000000000000000, 0.000000000000000000, 1.000000000000000000 ) ) ;
#5086 =( NAMED_UNIT ( * ) SI_UNIT ( $, .STERADIAN. ) SOLID_ANGLE_UNIT ( ) );
#5087 = CARTESIAN_POINT ( 'NONE',  ( 0.0006463911402308138978, 1.200999999999999845, -0.1728418818233695142 ) ) ;
#5088 = SURFACE_SIDE_STYLE ('',( #1371 ) ) ;
#5089 = LINE ( 'NONE', #1819, #1624 ) ;
#5090 =( LENGTH_UNIT ( ) NAMED_UNIT ( * ) SI_UNIT ( .MILLI., .METRE. ) );
#5091 = EDGE_LOOP ( 'NONE', ( #2623, #7963, #3030, #4686 ) ) ;
#5092 = CARTESIAN_POINT ( 'NONE',  ( 0.3093792277709736527, 1.201000000000000068, -0.1731642232240074575 ) ) ;
#5093 = DIRECTION ( 'NONE',  ( 0.000000000000000000, -1.000000000000000000, 0.000000000000000000 ) ) ;
#5094 = VERTEX_POINT ( 'NONE', #599 ) ;
#5095 = DIRECTION ( 'NONE',  ( 0.000000000000000000, -0.000000000000000000, -1.000000000000000000 ) ) ;
#5096 = ORIENTED_EDGE ( 'NONE', *, *, #2428, .T. ) ;
#5097 = ADVANCED_FACE ( 'NONE', ( #1774 ), #5491, .T. ) ;
#5098 = DIRECTION ( 'NONE',  ( 1.000000000000000000, 0.000000000000000000, 0.000000000000000000 ) ) ;
#5099 = EDGE_LOOP ( 'NONE', ( #8035, #4906, #6312, #3099 ) ) ;
#5100 = CARTESIAN_POINT ( 'NONE',  ( -7.392383117477958714E-05, 1.201000000000000290, -0.1429178784801765356 ) ) ;
#5101 = VECTOR ( 'NONE', #5817, 1000.000000000000000 ) ;
#5102 = ORIENTED_EDGE ( 'NONE', *, *, #7852, .T. ) ;
#5103 = ORIENTED_EDGE ( 'NONE', *, *, #4120, .T. ) ;
#5104 = PLANE ( 'NONE',  #1239 ) ;
#5105 = MECHANICAL_DESIGN_GEOMETRIC_PRESENTATION_REPRESENTATION (  '', ( #3407 ), #5898 ) ;
#5106 = COLOUR_RGB ( '',1.000000000000000000, 0.8078431372549019773, 0.4980392156862745168 ) ;
#5107 = EDGE_CURVE ( 'NONE', #310, #3698, #9, .T. ) ;
#5108 = FILL_AREA_STYLE_COLOUR ( '', #978 ) ;
#5109 = EDGE_LOOP ( 'NONE', ( #6301, #624, #3685, #395 ) ) ;
#5110 = LINE ( 'NONE', #790, #462 ) ;
#5111 = AXIS2_PLACEMENT_3D ( 'NONE', #3850, #4428, #3809 ) ;
#5112 = FACE_OUTER_BOUND ( 'NONE', #8118, .T. ) ;
#5113 = LINE ( 'NONE', #7964, #4038 ) ;
#5114 = CARTESIAN_POINT ( 'NONE',  ( -0.06799817224935909843, 1.199999999999999956, 0.06165852634068046817 ) ) ;
#5115 = DIRECTION ( 'NONE',  ( 0.000000000000000000, 0.000000000000000000, -1.000000000000000000 ) ) ;
#5116 = CARTESIAN_POINT ( 'NONE',  ( -0.01646834053269946932, 1.200000000000000400, -0.1730401983095783969 ) ) ;
#5117 =( LENGTH_UNIT ( ) NAMED_UNIT ( * ) SI_UNIT ( .MILLI., .METRE. ) );
#5118 = CARTESIAN_POINT ( 'NONE',  ( 0.05875403035988786826, 1.201000000000000512, -0.1326503212566545464 ) ) ;
#5119 = STYLED_ITEM ( 'NONE', ( #223 ), #6502 ) ;
#5120 = EDGE_CURVE ( 'NONE', #3417, #2224, #2995, .T. ) ;
#5121 = VECTOR ( 'NONE', #6705, 1000.000000000000000 ) ;
#5122 = PRODUCT_DEFINITION ( 'UNKNOWN', '', #4076, #7419 ) ;
#5123 = MECHANICAL_DESIGN_GEOMETRIC_PRESENTATION_REPRESENTATION (  '', ( #3431 ), #1222 ) ;
#5124 = CARTESIAN_POINT ( 'NONE',  ( 1.500000000000000222, 0.2999999999999999889, -0.4999999999999996669 ) ) ;
#5126 = COLOUR_RGB ( '',0.2509803921568627416, 0.2509803921568627416, 0.2509803921568627416 ) ;
#5125 = UNCERTAINTY_MEASURE_WITH_UNIT (LENGTH_MEASURE( 1.000000000000000082E-05 ), #7275, 'distance_accuracy_value', 'NONE');
#5127 = CARTESIAN_POINT ( 'NONE',  ( -1.350000000000000089, 0.8010000000000000453, 1.149999999999997913 ) ) ;
#5128 = FILL_AREA_STYLE ('',( #6468 ) ) ;
#5129 = ORIENTED_EDGE ( 'NONE', *, *, #4102, .T. ) ;
#5130 = FACE_OUTER_BOUND ( 'NONE', #6958, .T. ) ;
#5131 = TOROIDAL_SURFACE ( 'NONE', #7904, 0.1509999999999999953, 0.001000000000000000021 ) ;
#5132 = ORIENTED_EDGE ( 'NONE', *, *, #7731, .T. ) ;
#5133 = CARTESIAN_POINT ( 'NONE',  ( 1.600000000000000089, 1.201000000000000068, 0.2749999999999999112 ) ) ;
#5134 = ORIENTED_EDGE ( 'NONE', *, *, #2772, .T. ) ;
#5135 = CYLINDRICAL_SURFACE ( 'NONE', #228, 0.1499999999999999667 ) ;
#5136 = CARTESIAN_POINT ( 'NONE',  ( 0.02701080828233819175, 1.201000000000000068, -0.03137519368045488255 ) ) ;
#5137 = CARTESIAN_POINT ( 'NONE',  ( -0.005660559346620632273, 1.201000000000000068, -0.04162132413408473758 ) ) ;
#5138 = FILL_AREA_STYLE_COLOUR ( '', #3765 ) ;
#5139 = ORIENTED_EDGE ( 'NONE', *, *, #623, .F. ) ;
#5140 =( NAMED_UNIT ( * ) SI_UNIT ( $, .STERADIAN. ) SOLID_ANGLE_UNIT ( ) );
#5141 = DIRECTION ( 'NONE',  ( -0.7071067811865474617, 0.000000000000000000, -0.7071067811865474617 ) ) ;
#5142 = CIRCLE ( 'NONE', #2125, 0.1499999999999999667 ) ;
#5143 = VERTEX_POINT ( 'NONE', #4887 ) ;
#5144 = VERTEX_POINT ( 'NONE', #6790 ) ;
#5145 = DIRECTION ( 'NONE',  ( 0.000000000000000000, -1.000000000000000000, -0.000000000000000000 ) ) ;
#5146 = SURFACE_STYLE_USAGE ( .BOTH. , #2650 ) ;
#5147 = COLOUR_RGB ( '',1.000000000000000000, 0.8078431372549019773, 0.4980392156862745168 ) ;
#5148 = ORIENTED_EDGE ( 'NONE', *, *, #3067, .T. ) ;
#5149 = DIRECTION ( 'NONE',  ( -1.734723475976807094E-16, -0.000000000000000000, -1.000000000000000000 ) ) ;
#5150 = ADVANCED_FACE ( 'NONE', ( #8021 ), #1176, .T. ) ;
#5151 = DIRECTION ( 'NONE',  ( 0.000000000000000000, -1.000000000000000000, 0.000000000000000000 ) ) ;
#5152 = CARTESIAN_POINT ( 'NONE',  ( -0.006618636063766012226, 1.201000000000000068, 0.05732591516408013649 ) ) ;
#5153 = FACE_OUTER_BOUND ( 'NONE', #7595, .T. ) ;
#5154 = LINE ( 'NONE', #88, #6973 ) ;
#5155 = CARTESIAN_POINT ( 'NONE',  ( -0.08288361043754306767, 1.199999999999999956, -0.1148499708940921016 ) ) ;
#5156 = DIRECTION ( 'NONE',  ( -1.000000000000000000, 0.000000000000000000, -0.000000000000000000 ) ) ;
#5157 = LINE ( 'NONE', #7693, #7906 ) ;
#5158 = CIRCLE ( 'NONE', #863, 0.0009999999999999158867 ) ;
#5159 = CARTESIAN_POINT ( 'NONE',  ( 0.03877072387546543625, 1.201000000000000290, -0.01700054161393270077 ) ) ;
#5160 =( GEOMETRIC_REPRESENTATION_CONTEXT ( 3 ) GLOBAL_UNCERTAINTY_ASSIGNED_CONTEXT ( ( #4921 ) ) GLOBAL_UNIT_ASSIGNED_CONTEXT ( ( #4391, #1277, #3272 ) ) REPRESENTATION_CONTEXT ( 'NONE', 'WORKASPACE' ) );
#5161 = DIRECTION ( 'NONE',  ( 1.000000000000000000, 0.000000000000000000, -2.409338161078898194E-16 ) ) ;
#5162 = EDGE_CURVE ( 'NONE', #5563, #6174, #1853, .T. ) ;
#5163 = CARTESIAN_POINT ( 'NONE',  ( 1.500000000000000222, 0.2999999999999999889, -1.000000000000001110 ) ) ;
#5164 = PLANE ( 'NONE',  #312 ) ;
#5165 = ORIENTED_EDGE ( 'NONE', *, *, #957, .T. ) ;
#5166 = DIRECTION ( 'NONE',  ( 0.000000000000000000, -1.000000000000000000, 0.000000000000000000 ) ) ;
#5167 = CARTESIAN_POINT ( 'NONE',  ( 1.501000000000000112, 0.8000000000000000444, -0.3608932640203371678 ) ) ;
#5168 = AXIS2_PLACEMENT_3D ( 'NONE', #381, #1041, #4065 ) ;
#5169 = UNCERTAINTY_MEASURE_WITH_UNIT (LENGTH_MEASURE( 1.000000000000000082E-05 ), #2771, 'distance_accuracy_value', 'NONE');
#5170 = ORIENTED_EDGE ( 'NONE', *, *, #3683, .F. ) ;
#5171 = EDGE_LOOP ( 'NONE', ( #6055, #3221, #8123, #6778 ) ) ;
#5172 = FACE_OUTER_BOUND ( 'NONE', #1539, .T. ) ;
#5173 = EDGE_CURVE ( 'NONE', #7500, #3060, #2183, .T. ) ;
#5174 = CARTESIAN_POINT ( 'NONE',  ( -0.004149098866750781760, 1.201000000000000068, -0.04166136748294676367 ) ) ;
#5175 = FACE_OUTER_BOUND ( 'NONE', #7971, .T. ) ;
#5176 =( LENGTH_UNIT ( ) NAMED_UNIT ( * ) SI_UNIT ( .MILLI., .METRE. ) );
#5177 = ORIENTED_EDGE ( 'NONE', *, *, #5173, .F. ) ;
#5178 = DIRECTION ( 'NONE',  ( 0.000000000000000000, -0.000000000000000000, -1.000000000000000000 ) ) ;
#5179 = CARTESIAN_POINT ( 'NONE',  ( 0.01794423707170190660, 1.200000000000000178, 0.08381566159121944803 ) ) ;
#5180 = EDGE_LOOP ( 'NONE', ( #6888, #265, #6832, #1765 ) ) ;
#5181 = VERTEX_POINT ( 'NONE', #5662 ) ;
#5182 = CARTESIAN_POINT ( 'NONE',  ( -1.499999999999999556, 0.2999999999999999889, 0.5000000000000006661 ) ) ;
#5183 = CARTESIAN_POINT ( 'NONE',  ( -1.500000000000000000, 0.8010000000000000453, -0.3891067359796659408 ) ) ;
#5184 = ORIENTED_EDGE ( 'NONE', *, *, #6305, .T. ) ;
#5185 = DIRECTION ( 'NONE',  ( 0.3007423372023669828, 0.000000000000000000, -0.9537054296867863989 ) ) ;
#5186 = EDGE_CURVE ( 'NONE', #7665, #163, #2541, .T. ) ;
#5187 = AXIS2_PLACEMENT_3D ( 'NONE', #3798, #3059, #3724 ) ;
#5188 = CLOSED_SHELL ( 'NONE', ( #3633, #5290, #7754, #2072, #2143, #1262, #7765, #7633, #7705 ) ) ;
#5189 = CARTESIAN_POINT ( 'NONE',  ( -0.08440905776974561014, 1.201000000000000068, -0.1073098979702681449 ) ) ;
#5190 = PLANE ( 'NONE',  #8008 ) ;
#5191 = AXIS2_PLACEMENT_3D ( 'NONE', #4409, #1781, #5545 ) ;
#5192 = CARTESIAN_POINT ( 'NONE',  ( 0.03682852770470441267, 1.200999999999999845, -0.06091995265421428635 ) ) ;
#5193 = ADVANCED_FACE ( 'NONE', ( #6417 ), #3763, .T. ) ;
#5194 = DIRECTION ( 'NONE',  ( 0.7071067811865474617, 0.000000000000000000, 0.7071067811865474617 ) ) ;
#5195 = DIRECTION ( 'NONE',  ( 0.000000000000000000, 0.000000000000000000, 1.000000000000000000 ) ) ;
#5196 = AXIS2_PLACEMENT_3D ( 'NONE', #340, #880, #4706 ) ;
#5197 = CARTESIAN_POINT ( 'NONE',  ( -0.004149098866750781760, 1.201000000000000068, -0.04166136748294676367 ) ) ;
#5198 = CARTESIAN_POINT ( 'NONE',  ( 0.1526665131437159872, 1.201000000000000068, -0.1336516280717638394 ) ) ;
#5199 = LINE ( 'NONE', #5862, #7642 ) ;
#5200 = ADVANCED_FACE ( 'NONE', ( #2012 ), #99, .T. ) ;
#5201 = FACE_OUTER_BOUND ( 'NONE', #2092, .T. ) ;
#5202 = DIRECTION ( 'NONE',  ( -0.000000000000000000, 1.000000000000000000, 0.000000000000000000 ) ) ;
#5203 = ORIENTED_EDGE ( 'NONE', *, *, #3986, .F. ) ;
#5204 = PRESENTATION_STYLE_ASSIGNMENT (( #2134 ) ) ;
#5205 = CARTESIAN_POINT ( 'NONE',  ( 0.01405158302405999822, 1.201000000000000068, 0.05370641542404015756 ) ) ;
#5206 = STYLED_ITEM ( 'NONE', ( #2746 ), #1722 ) ;
#5207 = ORIENTED_EDGE ( 'NONE', *, *, #4022, .F. ) ;
#5208 = DIRECTION ( 'NONE',  ( 0.000000000000000000, -1.000000000000000000, 0.000000000000000000 ) ) ;
#5209 = ORIENTED_EDGE ( 'NONE', *, *, #7553, .T. ) ;
#5210 =( LENGTH_UNIT ( ) NAMED_UNIT ( * ) SI_UNIT ( .MILLI., .METRE. ) );
#5211 = FILL_AREA_STYLE_COLOUR ( '', #2367 ) ;
#5212 = PLANE ( 'NONE',  #7944 ) ;
#5213 = VERTEX_POINT ( 'NONE', #4148 ) ;
#5214 = CARTESIAN_POINT ( 'NONE',  ( -0.006856865338525182894, 1.200999999999999845, -0.1435064214064319665 ) ) ;
#5215 = DIRECTION ( 'NONE',  ( -0.7071067811865473507, 0.000000000000000000, -0.7071067811865477948 ) ) ;
#5216 = EDGE_CURVE ( 'NONE', #4054, #415, #1040, .T. ) ;
#5217 = ORIENTED_EDGE ( 'NONE', *, *, #5315, .T. ) ;
#5218 = ORIENTED_EDGE ( 'NONE', *, *, #146, .F. ) ;
#5219 = EDGE_CURVE ( 'NONE', #2153, #5589, #2285, .T. ) ;
#5220 = CARTESIAN_POINT ( 'NONE',  ( -0.05119413496672482744, 1.200000000000000178, -0.1056162992748717888 ) ) ;
#5221 = CARTESIAN_POINT ( 'NONE',  ( -0.06282688970408746576, 1.201000000000000068, 0.06687231938989916802 ) ) ;
#5222 = ORIENTED_EDGE ( 'NONE', *, *, #6428, .T. ) ;
#5223 = DIRECTION ( 'NONE',  ( 1.668003342285392290E-16, 0.000000000000000000, 1.000000000000000000 ) ) ;
#5224 = DIRECTION ( 'NONE',  ( 1.000000000000000000, 0.000000000000000000, -2.409338161078897701E-16 ) ) ;
#5225 = VECTOR ( 'NONE', #913, 1000.000000000000000 ) ;
#5226 = DIRECTION ( 'NONE',  ( 0.000000000000000000, -1.000000000000000000, 0.000000000000000000 ) ) ;
#5227 = CARTESIAN_POINT ( 'NONE',  ( 1.500000000000000222, 1.200000000000000178, -0.9999999999999978906 ) ) ;
#5228 = DIRECTION ( 'NONE',  ( 0.000000000000000000, -1.000000000000000000, 0.000000000000000000 ) ) ;
#5229 = FACE_OUTER_BOUND ( 'NONE', #1144, .T. ) ;
#5230 = PLANE ( 'NONE',  #7099 ) ;
#5231 = PRESENTATION_LAYER_ASSIGNMENT (  '', '', ( #1073 ) ) ;
#5232 = SURFACE_SIDE_STYLE ('',( #2736 ) ) ;
#5233 = FILL_AREA_STYLE_COLOUR ( '', #4661 ) ;
#5234 =( GEOMETRIC_REPRESENTATION_CONTEXT ( 3 ) GLOBAL_UNCERTAINTY_ASSIGNED_CONTEXT ( ( #2017 ) ) GLOBAL_UNIT_ASSIGNED_CONTEXT ( ( #7600, #755, #1929 ) ) REPRESENTATION_CONTEXT ( 'NONE', 'WORKASPACE' ) );
#5235 = CARTESIAN_POINT ( 'NONE',  ( 0.03023381082862729857, 1.200000000000000178, 0.04266615193816902102 ) ) ;
#5236 = EDGE_CURVE ( 'NONE', #7248, #6442, #1679, .T. ) ;
#5237 = DIRECTION ( 'NONE',  ( -1.000000000000000000, 0.000000000000000000, 0.000000000000000000 ) ) ;
#5238 = PLANE ( 'NONE',  #5789 ) ;
#5239 = CARTESIAN_POINT ( 'NONE',  ( 1.500000000000000222, 0.8000660033871493937, -0.3756600330590307291 ) ) ;
#5240 = VECTOR ( 'NONE', #5702, 1000.000000000000000 ) ;
#5241 = SURFACE_STYLE_USAGE ( .BOTH. , #4338 ) ;
#5242 = EDGE_LOOP ( 'NONE', ( #2232, #7611, #7987, #3008 ) ) ;
#5243 = CARTESIAN_POINT ( 'NONE',  ( 1.450000000000000844, 0.2999999999999999889, 1.250000000000001776 ) ) ;
#5244 = CARTESIAN_POINT ( 'NONE',  ( 1.500000000000000444, 0.8000000000000000444, 0.3750000000000000555 ) ) ;
#5245 = VERTEX_POINT ( 'NONE', #917 ) ;
#5246 = EDGE_CURVE ( 'NONE', #7835, #709, #5311, .T. ) ;
#5247 = AXIS2_PLACEMENT_3D ( 'NONE', #4281, #6789, #1175 ) ;
#5248 = ORIENTED_EDGE ( 'NONE', *, *, #2069, .T. ) ;
#5249 =( NAMED_UNIT ( * ) SI_UNIT ( $, .STERADIAN. ) SOLID_ANGLE_UNIT ( ) );
#5250 = PLANE ( 'NONE',  #6980 ) ;
#5251 = VECTOR ( 'NONE', #7331, 1000.000000000000000 ) ;
#5252 = CARTESIAN_POINT ( 'NONE',  ( -0.01953889532721897471, 1.200000000000000622, -0.03973531993225856013 ) ) ;
#5253 = DIRECTION ( 'NONE',  ( -1.000000000000000000, 0.000000000000000000, 0.000000000000000000 ) ) ;
#5254 = VERTEX_POINT ( 'NONE', #2245 ) ;
#5255 = DIRECTION ( 'NONE',  ( 0.000000000000000000, 0.000000000000000000, -1.000000000000000000 ) ) ;
#5256 = DIRECTION ( 'NONE',  ( -0.000000000000000000, -1.000000000000000000, -0.000000000000000000 ) ) ;
#5257 = ORIENTED_EDGE ( 'NONE', *, *, #5803, .T. ) ;
#5258 = VERTEX_POINT ( 'NONE', #6650 ) ;
#5259 = CARTESIAN_POINT ( 'NONE',  ( 1.449999999999999956, -0.001000000000000024307, -1.249999999999998224 ) ) ;
#5260 = SURFACE_STYLE_FILL_AREA ( #861 ) ;
#5261 = CIRCLE ( 'NONE', #4616, 0.1500000000000001887 ) ;
#5262 = EDGE_CURVE ( 'NONE', #5254, #3060, #1595, .T. ) ;
#5263 = DIRECTION ( 'NONE',  ( -1.668003342285392290E-16, 0.000000000000000000, -1.000000000000000000 ) ) ;
#5264 = ORIENTED_EDGE ( 'NONE', *, *, #1895, .F. ) ;
#5265 = DIRECTION ( 'NONE',  ( 0.000000000000000000, -0.000000000000000000, 1.000000000000000000 ) ) ;
#5266 = ADVANCED_FACE ( 'NONE', ( #5987 ), #7270, .F. ) ;
#5267 =( GEOMETRIC_REPRESENTATION_CONTEXT ( 3 ) GLOBAL_UNCERTAINTY_ASSIGNED_CONTEXT ( ( #4748 ) ) GLOBAL_UNIT_ASSIGNED_CONTEXT ( ( #4397, #3898, #2005 ) ) REPRESENTATION_CONTEXT ( 'NONE', 'WORKASPACE' ) );
#5268 = CARTESIAN_POINT ( 'NONE',  ( -0.08440905776974561014, 1.200000000000000178, -0.1073098979702681449 ) ) ;
#5269 = DIRECTION ( 'NONE',  ( 0.000000000000000000, -1.000000000000000000, 0.000000000000000000 ) ) ;
#5270 = CARTESIAN_POINT ( 'NONE',  ( 0.02252299695561876119, 1.200999999999999845, -0.08250351757933073460 ) ) ;
#5271 = VECTOR ( 'NONE', #7878, 1000.000000000000000 ) ;
#5272 = CARTESIAN_POINT ( 'NONE',  ( 0.06376317405116789516, 1.200000000000000178, -0.1078758335779174682 ) ) ;
#5273 = DIRECTION ( 'NONE',  ( -0.7071067811865552333, 0.000000000000000000, 0.7071067811865398012 ) ) ;
#5274 = VECTOR ( 'NONE', #8081, 1000.000000000000000 ) ;
#5275 = CARTESIAN_POINT ( 'NONE',  ( 0.06343624307046918931, 1.200999999999999845, -0.1163204886749956563 ) ) ;
#5276 = STYLED_ITEM ( 'NONE', ( #6036 ), #827 ) ;
#5277 = CARTESIAN_POINT ( 'NONE',  ( 0.04400687647504605143, 1.200000000000000178, 0.006134467017618715733 ) ) ;
#5278 = SURFACE_SIDE_STYLE ('',( #3576 ) ) ;
#5279 = DIRECTION ( 'NONE',  ( 0.000000000000000000, 0.000000000000000000, 1.000000000000000000 ) ) ;
#5280 = LINE ( 'NONE', #4153, #6236 ) ;
#5281 =( NAMED_UNIT ( * ) SI_UNIT ( $, .STERADIAN. ) SOLID_ANGLE_UNIT ( ) );
#5282 = CARTESIAN_POINT ( 'NONE',  ( 1.500000000000000222, 1.050000000000000044, 0.9999999999999978906 ) ) ;
#5283 = CARTESIAN_POINT ( 'NONE',  ( -1.599999999999999867, 0.8000000000000000444, 0.3750000000000000000 ) ) ;
#5284 = EDGE_CURVE ( 'NONE', #4049, #2184, #990, .T. ) ;
#5285 = EDGE_LOOP ( 'NONE', ( #4503, #4498, #1064, #2485 ) ) ;
#5286 = CARTESIAN_POINT ( 'NONE',  ( 0.2207845808280525512, 1.201000000000000068, 0.08366764526557586568 ) ) ;
#5287 = VERTEX_POINT ( 'NONE', #1080 ) ;
#5288 = CARTESIAN_POINT ( 'NONE',  ( 0.05856008770056402718, 1.201000000000000290, 0.05767116176649229875 ) ) ;
#5289 = CARTESIAN_POINT ( 'NONE',  ( 0.04327232407515891471, 1.201000000000000290, -0.003770654169009861681 ) ) ;
#5290 = ADVANCED_FACE ( 'NONE', ( #5347 ), #4703, .T. ) ;
#5291 = DIRECTION ( 'NONE',  ( 0.000000000000000000, 0.000000000000000000, -1.000000000000000000 ) ) ;
#5292 = DIRECTION ( 'NONE',  ( -4.562351413182425242E-15, 1.000000000000000000, 2.422152536091439941E-13 ) ) ;
#5293 = CARTESIAN_POINT ( 'NONE',  ( -0.009293968027199152326, 1.200000000000000178, -0.1731642232240074575 ) ) ;
#5294 = CARTESIAN_POINT ( 'NONE',  ( -0.004797644277317030664, 1.200000000000000400, 0.08689292902703563137 ) ) ;
#5295 = ORIENTED_EDGE ( 'NONE', *, *, #94, .T. ) ;
#5296 = ORIENTED_EDGE ( 'NONE', *, *, #1094, .T. ) ;
#5297 = AXIS2_PLACEMENT_3D ( 'NONE', #2001, #7685, #2115 ) ;
#5298 = CARTESIAN_POINT ( 'NONE',  ( -1.500000000000000000, 0.8000000000000431211, 0.3891067359793650704 ) ) ;
#5299 = PLANE ( 'NONE',  #5459 ) ;
#5300 = CARTESIAN_POINT ( 'NONE',  ( 0.03075831607595253328, 1.199999999999999956, -0.1020335768165041290 ) ) ;
#5301 = PLANE ( 'NONE',  #7691 ) ;
#5302 = CARTESIAN_POINT ( 'NONE',  ( -0.3609972238354506868, 1.201000000000000068, -0.06121187029265061363 ) ) ;
#5303 = ORIENTED_EDGE ( 'NONE', *, *, #3447, .T. ) ;
#5304 = CARTESIAN_POINT ( 'NONE',  ( 0.1164466342541592564, 1.201000000000000068, -0.1731642232240074575 ) ) ;
#5305 = CARTESIAN_POINT ( 'NONE',  ( -0.08082516134326428459, 1.199999999999999956, -0.1220628250003194110 ) ) ;
#5306 = CARTESIAN_POINT ( 'NONE',  ( -0.2325812895906590461, 1.200000000000000178, -0.1435297768598247370 ) ) ;
#5307 = LINE ( 'NONE', #7848, #1838 ) ;
#5308 = DIRECTION ( 'NONE',  ( 0.000000000000000000, -0.000000000000000000, 1.000000000000000000 ) ) ;
#5309 = CIRCLE ( 'NONE', #5586, 0.1499999999999999667 ) ;
#5310 = CARTESIAN_POINT ( 'NONE',  ( -0.5124621719190511904, 1.201000000000000068, 0.08366764526557586568 ) ) ;
#5311 = LINE ( 'NONE', #4191, #771 ) ;
#5312 = ADVANCED_FACE ( 'NONE', ( #6120 ), #5479, .F. ) ;
#5313 = COLOUR_RGB ( '',1.000000000000000000, 0.8078431372549019773, 0.4980392156862745168 ) ;
#5314 = CARTESIAN_POINT ( 'NONE',  ( 0.01852901245663176114, 1.200000000000000400, 0.05164791034248505247 ) ) ;
#5315 = EDGE_CURVE ( 'NONE', #6278, #506, #8006, .T. ) ;
#5316 = DIRECTION ( 'NONE',  ( -0.000000000000000000, -1.000000000000000000, -0.000000000000000000 ) ) ;
#5317 = CARTESIAN_POINT ( 'NONE',  ( -1.500000000000000000, 0.8008748897937415512, -0.3651819182271627828 ) ) ;
#5318 = DIRECTION ( 'NONE',  ( 1.000000000000000000, 0.000000000000000000, -0.000000000000000000 ) ) ;
#5319 = CARTESIAN_POINT ( 'NONE',  ( -0.07657313506263550840, 1.201000000000000290, 0.05000467469885305771 ) ) ;
#5320 = SURFACE_STYLE_USAGE ( .BOTH. , #2823 ) ;
#5321 = SURFACE_STYLE_FILL_AREA ( #345 ) ;
#5322 = PRESENTATION_LAYER_ASSIGNMENT (  '', '', ( #1013 ) ) ;
#5323 = LINE ( 'NONE', #7200, #373 ) ;
#5324 = EDGE_LOOP ( 'NONE', ( #6676, #8071, #4333, #7096 ) ) ;
#5325 = ORIENTED_EDGE ( 'NONE', *, *, #3770, .F. ) ;
#5326 = CARTESIAN_POINT ( 'NONE',  ( 0.07558059995178567636, 1.201000000000000512, 0.02257415707616650113 ) ) ;
#5327 = CARTESIAN_POINT ( 'NONE',  ( 0.03083601142429815561, 1.200000000000000178, -0.1067954110542232854 ) ) ;
#5328 = CARTESIAN_POINT ( 'NONE',  ( -0.4762422930294945012, 1.201000000000000068, -0.1435297768598247370 ) ) ;
#5329 = VECTOR ( 'NONE', #5544, 1000.000000000000000 ) ;
#5330 = DIRECTION ( 'NONE',  ( -1.000000000000000000, 0.000000000000000000, 0.000000000000000000 ) ) ;
#5331 = ORIENTED_EDGE ( 'NONE', *, *, #5284, .F. ) ;
#5332 = EDGE_LOOP ( 'NONE', ( #5425, #3721, #2319, #6631 ) ) ;
#5333 = ORIENTED_EDGE ( 'NONE', *, *, #7027, .F. ) ;
#5334 = CARTESIAN_POINT ( 'NONE',  ( -0.3609972238354506868, 1.201000000000000068, -0.06121187029265061363 ) ) ;
#5335 = EDGE_CURVE ( 'NONE', #1504, #8045, #7349, .T. ) ;
#5336 = VERTEX_POINT ( 'NONE', #6161 ) ;
#5337 = LINE ( 'NONE', #646, #4507 ) ;
#5338 = CARTESIAN_POINT ( 'NONE',  ( 0.6000000000000004219, 0.000000000000000000, 1.150000000000000133 ) ) ;
#5339 = CARTESIAN_POINT ( 'NONE',  ( 0.2451731522950253428, 1.200000000000000178, 0.02750875160700918046 ) ) ;
#5340 = ORIENTED_EDGE ( 'NONE', *, *, #4109, .F. ) ;
#5341 = LINE ( 'NONE', #288, #3991 ) ;
#5342 = PLANE ( 'NONE',  #2229 ) ;
#5343 = EDGE_CURVE ( 'NONE', #1528, #3597, #627, .T. ) ;
#5344 = CARTESIAN_POINT ( 'NONE',  ( -0.06371119067244213063, 1.200000000000000400, -0.1514606556756880607 ) ) ;
#5345 = CARTESIAN_POINT ( 'NONE',  ( 0.0003085799162202997308, 1.200000000000000400, -0.06966411381468699815 ) ) ;
#5346 =( NAMED_UNIT ( * ) PLANE_ANGLE_UNIT ( ) SI_UNIT ( $, .RADIAN. ) );
#5347 = FACE_OUTER_BOUND ( 'NONE', #7876, .T. ) ;
#5348 = B_SPLINE_CURVE_WITH_KNOTS ( 'NONE', 3,
 ( #1000, #7193, #1556, #6573, #5990, #7895, #1510, #2152, #286, #5221, #6492, #984, #1626, #4657, #5972, #866, #208, #2807, #3393 ),
 .UNSPECIFIED., .F., .F.,
 ( 4, 1, 1, 1, 1, 1, 1, 1, 1, 1, 1, 1, 1, 1, 1, 1, 4 ),
 ( 0.000000000000000000, 0.06779439940133691334, 0.1334641369291915958, 0.1969337335573705106, 0.2584806216111271149, 0.3197865376803742943, 0.3804313677831003826, 0.4409901724489918018, 0.5028674288973122852, 0.5648063393097807472, 0.6255263416925381792, 0.6856036068581818910, 0.7460408460006123788, 0.8073467620698592251, 0.8697170363588135888, 0.9337895409055553264, 1.000000000000000000 ),
 .UNSPECIFIED. ) ;
#5349 = CARTESIAN_POINT ( 'NONE',  ( 0.04212950612260672051, 1.199999999999999956, 0.02145394330855341508 ) ) ;
#5350 = VECTOR ( 'NONE', #1290, 1000.000000000000000 ) ;
#5351 = LINE ( 'NONE', #2248, #7247 ) ;
#5352 = CARTESIAN_POINT ( 'NONE',  ( 0.04363973627445606740, 1.200999999999999845, -0.1541292236904824309 ) ) ;
#5353 = CARTESIAN_POINT ( 'NONE',  ( -0.06282688970408746576, 1.201000000000000068, 0.06687231938989916802 ) ) ;
#5354 = EDGE_CURVE ( 'NONE', #4982, #7500, #1653, .T. ) ;
#5355 = DIRECTION ( 'NONE',  ( 0.000000000000000000, 0.000000000000000000, 1.000000000000000000 ) ) ;
#5356 = LINE ( 'NONE', #1006, #160 ) ;
#5357 = CARTESIAN_POINT ( 'NONE',  ( -0.01634227901653866402, 1.201000000000000290, -0.1432148302051976518 ) ) ;
#5358 = PRODUCT_RELATED_PRODUCT_CATEGORY ( 'part', '', ( #6263 ) ) ;
#5359 = ORIENTED_EDGE ( 'NONE', *, *, #7215, .T. ) ;
#5360 = STYLED_ITEM ( 'NONE', ( #6242 ), #2072 ) ;
#5361 = ORIENTED_EDGE ( 'NONE', *, *, #5583, .T. ) ;
#5362 = CARTESIAN_POINT ( 'NONE',  ( 0.06768582389431396229, 1.201000000000000068, 0.04462598412352573873 ) ) ;
#5363 = VECTOR ( 'NONE', #4225, 1000.000000000000114 ) ;
#5364 = CARTESIAN_POINT ( 'NONE',  ( 1.600000000000000755, 0.2999999999999999889, 1.250000000000001776 ) ) ;
#5365 = CARTESIAN_POINT ( 'NONE',  ( 1.600000000000000089, 0.000000000000000000, -0.2749999999999999112 ) ) ;
#5366 = FACE_OUTER_BOUND ( 'NONE', #7335, .T. ) ;
#5367 = SURFACE_SIDE_STYLE ('',( #358 ) ) ;
#5368 = ORIENTED_EDGE ( 'NONE', *, *, #5262, .F. ) ;
#5369 = AXIS2_PLACEMENT_3D ( 'NONE', #7860, #2824, #7281 ) ;
#5370 = EDGE_LOOP ( 'NONE', ( #3802, #815, #2301, #5148 ) ) ;
#5371 = ORIENTED_EDGE ( 'NONE', *, *, #7766, .F. ) ;
#5372 = PLANE ( 'NONE',  #7142 ) ;
#5373 = AXIS2_PLACEMENT_3D ( 'NONE', #618, #72, #6890 ) ;
#5374 = ORIENTED_EDGE ( 'NONE', *, *, #1094, .F. ) ;
#5375 = STYLED_ITEM ( 'NONE', ( #8104 ), #950 ) ;
#5376 = DIRECTION ( 'NONE',  ( 1.000000000000000000, 0.000000000000000000, -0.000000000000000000 ) ) ;
#5377 = DIRECTION ( 'NONE',  ( 0.000000000000000000, 0.000000000000000000, -1.000000000000000000 ) ) ;
#5378 = EDGE_LOOP ( 'NONE', ( #578, #4693, #6715, #7951, #5218, #15, #1667, #2632, #3175, #3354, #5374, #5562, #6159, #7305, #4879 ) ) ;
#5379 = UNCERTAINTY_MEASURE_WITH_UNIT (LENGTH_MEASURE( 1.000000000000000082E-05 ), #5176, 'distance_accuracy_value', 'NONE');
#5380 = LINE ( 'NONE', #5304, #2539 ) ;
#5381 = CARTESIAN_POINT ( 'NONE',  ( -1.599999999999999867, 0.2999999999999999889, 1.100000000000002309 ) ) ;
#5382 = COLOUR_RGB ( '',1.000000000000000000, 0.8078431372549019773, 0.4980392156862745168 ) ;
#5383 = EDGE_CURVE ( 'NONE', #4122, #7061, #4312, .T. ) ;
#5384 = DIRECTION ( 'NONE',  ( -2.891205793294683257E-16, 0.000000000000000000, -1.000000000000000000 ) ) ;
#5385 = CARTESIAN_POINT ( 'NONE',  ( -0.5999999999999997558, 0.2999999999999999889, -0.4999999999999995559 ) ) ;
#5386 = CARTESIAN_POINT ( 'NONE',  ( 0.02891328490959288802, 1.200000000000001066, -0.09322695496599808784 ) ) ;
#5387 = CARTESIAN_POINT ( 'NONE',  ( 1.500000000000000222, 0.2999999999999999889, -0.4999999999999996669 ) ) ;
#5388 = ORIENTED_EDGE ( 'NONE', *, *, #3023, .T. ) ;
#5389 = SURFACE_SIDE_STYLE ('',( #3525 ) ) ;
#5390 = EDGE_CURVE ( 'NONE', #5018, #7665, #700, .T. ) ;
#5391 = CARTESIAN_POINT ( 'NONE',  ( 0.06376317405116789516, 1.200000000000000622, -0.1078758335779174682 ) ) ;
#5392 = UNCERTAINTY_MEASURE_WITH_UNIT (LENGTH_MEASURE( 1.000000000000000082E-05 ), #1248, 'distance_accuracy_value', 'NONE');
#5393 = STYLED_ITEM ( 'NONE', ( #1158 ), #7086 ) ;
#5394 = ORIENTED_EDGE ( 'NONE', *, *, #7450, .T. ) ;
#5395 = VECTOR ( 'NONE', #1420, 1000.000000000000000 ) ;
#5396 = CARTESIAN_POINT ( 'NONE',  ( 0.04400687647504605143, 1.201000000000000068, 0.006134467017618715733 ) ) ;
#5397 = FILL_AREA_STYLE_COLOUR ( '', #5494 ) ;
#5398 = PLANE ( 'NONE',  #1003 ) ;
#5399 = LINE ( 'NONE', #386, #422 ) ;
#5400 = AXIS2_PLACEMENT_3D ( 'NONE', #7802, #2806, #2339 ) ;
#5401 = CARTESIAN_POINT ( 'NONE',  ( -0.04946052010476825050, 1.201000000000000290, -0.1132348698196174452 ) ) ;
#5402 = PRESENTATION_LAYER_ASSIGNMENT (  '', '', ( #852 ) ) ;
#5403 = VERTEX_POINT ( 'NONE', #1886 ) ;
#5404 = EDGE_CURVE ( 'NONE', #6153, #2693, #5525, .T. ) ;
#5405 = VERTEX_POINT ( 'NONE', #2418 ) ;
#5406 = CARTESIAN_POINT ( 'NONE',  ( 0.05298187109609471535, 1.200000000000000844, 0.06364743310445773739 ) ) ;
#5407 = CARTESIAN_POINT ( 'NONE',  ( 0.03081167989572683452, 1.200000000000000178, -0.1081005286155194839 ) ) ;
#5408 = CARTESIAN_POINT ( 'NONE',  ( -1.500999999999999890, 0.8010000000000000453, -1.149999999999998357 ) ) ;
#5409 =( NAMED_UNIT ( * ) SI_UNIT ( $, .STERADIAN. ) SOLID_ANGLE_UNIT ( ) );
#5410 = FACE_OUTER_BOUND ( 'NONE', #2416, .T. ) ;
#5411 = CARTESIAN_POINT ( 'NONE',  ( 0.6000000000000004219, 0.2999999999999999889, 1.150000000000000133 ) ) ;
#5412 = STYLED_ITEM ( 'NONE', ( #2905 ), #4141 ) ;
#5413 = ORIENTED_EDGE ( 'NONE', *, *, #901, .F. ) ;
#5414 = VERTEX_POINT ( 'NONE', #3776 ) ;
#5415 = CIRCLE ( 'NONE', #2281, 0.1499999999999999667 ) ;
#5416 = ADVANCED_FACE ( 'NONE', ( #4873 ), #6821, .F. ) ;
#5417 = ORIENTED_EDGE ( 'NONE', *, *, #2363, .T. ) ;
#5418 = CARTESIAN_POINT ( 'NONE',  ( -1.500000000000000000, 0.8000000000000000444, 0.3750000000000000555 ) ) ;
#5419 = ORIENTED_EDGE ( 'NONE', *, *, #7037, .T. ) ;
#5420 = EDGE_CURVE ( 'NONE', #1460, #3139, #39, .T. ) ;
#5421 = VECTOR ( 'NONE', #7067, 1000.000000000000000 ) ;
#5422 = SURFACE_STYLE_USAGE ( .BOTH. , #2300 ) ;
#5423 = SURFACE_SIDE_STYLE ('',( #4819 ) ) ;
#5424 = CARTESIAN_POINT ( 'NONE',  ( -0.5999999999999997558, 0.2999999999999999889, 0.8000000000000005995 ) ) ;
#5425 = ORIENTED_EDGE ( 'NONE', *, *, #7439, .F. ) ;
#5426 = CARTESIAN_POINT ( 'NONE',  ( 0.6136467899198910780, 1.200000000000000178, -0.1731642232240074575 ) ) ;
#5427 = CARTESIAN_POINT ( 'NONE',  ( -1.450000000000000178, 0.2999999999999999889, -1.250000000000000888 ) ) ;
#5428 = ORIENTED_EDGE ( 'NONE', *, *, #6237, .F. ) ;
#5429 = DIRECTION ( 'NONE',  ( -2.409338161078898687E-16, 0.000000000000000000, -1.000000000000000000 ) ) ;
#5430 = DIRECTION ( 'NONE',  ( -0.9934992729730000027, 0.000000000000000000, -0.1138384583614893975 ) ) ;
#5431 = DIRECTION ( 'NONE',  ( 1.000000000000000000, 0.000000000000000000, 0.000000000000000000 ) ) ;
#5432 = ORIENTED_EDGE ( 'NONE', *, *, #5045, .T. ) ;
#5433 = DIRECTION ( 'NONE',  ( -0.000000000000000000, -1.000000000000000000, -0.000000000000000000 ) ) ;
#5434 = VECTOR ( 'NONE', #5940, 1000.000000000000000 ) ;
#5435 = CARTESIAN_POINT ( 'NONE',  ( -0.08440905776974561014, 1.201000000000000068, -0.1073098979702681449 ) ) ;
#5436 = CARTESIAN_POINT ( 'NONE',  ( 1.349999999999999201, 0.000000000000000000, 1.149999999999999911 ) ) ;
#5437 = ORIENTED_EDGE ( 'NONE', *, *, #5751, .F. ) ;
#5438 =( GEOMETRIC_REPRESENTATION_CONTEXT ( 3 ) GLOBAL_UNCERTAINTY_ASSIGNED_CONTEXT ( ( #6383 ) ) GLOBAL_UNIT_ASSIGNED_CONTEXT ( ( #5210, #774, #5249 ) ) REPRESENTATION_CONTEXT ( 'NONE', 'WORKASPACE' ) );
#5439 = EDGE_LOOP ( 'NONE', ( #2294, #7139, #2982, #516 ) ) ;
#5440 =( NAMED_UNIT ( * ) SI_UNIT ( $, .STERADIAN. ) SOLID_ANGLE_UNIT ( ) );
#5441 = EDGE_CURVE ( 'NONE', #4541, #3764, #5034, .T. ) ;
#5442 = PRESENTATION_STYLE_ASSIGNMENT (( #6081 ) ) ;
#5443 = CARTESIAN_POINT ( 'NONE',  ( -1.500000000000000000, 0.8001980101614459828, -0.3730199008229075908 ) ) ;
#5444 = CARTESIAN_POINT ( 'NONE',  ( -0.05012590884956193149, 1.200000000000000178, 0.02760938397437965458 ) ) ;
#5445 = FACE_OUTER_BOUND ( 'NONE', #4569, .T. ) ;
#5446 = FILL_AREA_STYLE ('',( #2293 ) ) ;
#5447 = CARTESIAN_POINT ( 'NONE',  ( -0.1140435041339282612, 1.200000000000000178, -0.1731642232240074575 ) ) ;
#5448 =( NAMED_UNIT ( * ) SI_UNIT ( $, .STERADIAN. ) SOLID_ANGLE_UNIT ( ) );
#5449 = STYLED_ITEM ( 'NONE', ( #3882 ), #4645 ) ;
#5450 = VECTOR ( 'NONE', #3740, 1000.000000000000000 ) ;
#5451 = ORIENTED_EDGE ( 'NONE', *, *, #3512, .T. ) ;
#5452 = EDGE_CURVE ( 'NONE', #1910, #7547, #3299, .T. ) ;
#5453 = CARTESIAN_POINT ( 'NONE',  ( 0.07103187562132590172, 1.201000000000000290, 0.03756364491813855150 ) ) ;
#5454 = VECTOR ( 'NONE', #7861, 1000.000000000000000 ) ;
#5455 = FACE_OUTER_BOUND ( 'NONE', #2794, .T. ) ;
#5456 = DIRECTION ( 'NONE',  ( 0.000000000000000000, -0.000000000000000000, 1.000000000000000000 ) ) ;
#5457 = SURFACE_STYLE_FILL_AREA ( #7831 ) ;
#5458 = DIRECTION ( 'NONE',  ( 1.000000000000000000, -0.000000000000000000, -2.409338161078898687E-16 ) ) ;
#5459 = AXIS2_PLACEMENT_3D ( 'NONE', #5182, #283, #245 ) ;
#5460 = ORIENTED_EDGE ( 'NONE', *, *, #3930, .T. ) ;
#5461 = ORIENTED_EDGE ( 'NONE', *, *, #3977, .T. ) ;
#5462 = ORIENTED_EDGE ( 'NONE', *, *, #3474, .T. ) ;
#5463 = CARTESIAN_POINT ( 'NONE',  ( -1.500000000000000000, 0.8000000000666659394, 0.3798054334174701396 ) ) ;
#5464 = EDGE_LOOP ( 'NONE', ( #5331, #2924, #5296, #6268 ) ) ;
#5465 = SURFACE_STYLE_FILL_AREA ( #490 ) ;
#5466 = CARTESIAN_POINT ( 'NONE',  ( 0.2283475384939116226, 1.200000000000000178, 0.007060543466499426615 ) ) ;
#5467 = DIRECTION ( 'NONE',  ( 0.7071067811865476838, 0.000000000000000000, -0.7071067811865474617 ) ) ;
#5468 = ORIENTED_EDGE ( 'NONE', *, *, #1092, .F. ) ;
#5469 = CARTESIAN_POINT ( 'NONE',  ( 0.01500384770156578187, 1.199999999999999956, -0.03834007971590757541 ) ) ;
#5470 = SURFACE_STYLE_USAGE ( .BOTH. , #3645 ) ;
#5471 = EDGE_CURVE ( 'NONE', #764, #4241, #1458, .T. ) ;
#5472 = VERTEX_POINT ( 'NONE', #315 ) ;
#5473 = DIRECTION ( 'NONE',  ( -1.000000000000000000, 0.000000000000000000, 2.891205793294683257E-16 ) ) ;
#5474 = DIRECTION ( 'NONE',  ( -1.000000000000000000, 0.000000000000000000, 0.000000000000000000 ) ) ;
#5475 = SURFACE_STYLE_FILL_AREA ( #2980 ) ;
#5476 = SURFACE_SIDE_STYLE ('',( #1118 ) ) ;
#5477 = ORIENTED_EDGE ( 'NONE', *, *, #5343, .F. ) ;
#5478 = CARTESIAN_POINT ( 'NONE',  ( -0.8999999999999995781, 0.2999999999999999889, 0.5000000000000006661 ) ) ;
#5479 = CYLINDRICAL_SURFACE ( 'NONE', #626, 0.0009999999999999158867 ) ;
#5480 = ADVANCED_FACE ( 'NONE', ( #5172 ), #3379, .T. ) ;
#5481 = CARTESIAN_POINT ( 'NONE',  ( 1.450000000000000400, -0.001000000000000024307, 1.250000000000001776 ) ) ;
#5482 = EDGE_LOOP ( 'NONE', ( #6010, #6029, #5572, #7823, #2762, #4011, #557, #3294, #287, #7047 ) ) ;
#5483 = VERTEX_POINT ( 'NONE', #4043 ) ;
#5484 = FILL_AREA_STYLE_COLOUR ( '', #2268 ) ;
#5485 = LINE ( 'NONE', #1288, #1714 ) ;
#5486 = DIRECTION ( 'NONE',  ( 0.000000000000000000, 0.000000000000000000, 1.000000000000000000 ) ) ;
#5487 = CARTESIAN_POINT ( 'NONE',  ( 1.501000000000000112, 0.8000000000000000444, 1.250000000000002220 ) ) ;
#5488 = LINE ( 'NONE', #4922, #806 ) ;
#5489 = CARTESIAN_POINT ( 'NONE',  ( -0.04589797309975071626, 1.200999999999999845, 0.03645552651064323108 ) ) ;
#5490 = DIRECTION ( 'NONE',  ( 0.000000000000000000, -6.139294801657085236E-12, -1.000000000000000000 ) ) ;
#5491 = PLANE ( 'NONE',  #6791 ) ;
#5492 = EDGE_CURVE ( 'NONE', #29, #3263, #5581, .T. ) ;
#5493 = ORIENTED_EDGE ( 'NONE', *, *, #7032, .F. ) ;
#5494 = COLOUR_RGB ( '',1.000000000000000000, 0.8078431372549019773, 0.4980392156862745168 ) ;
#5495 = DIRECTION ( 'NONE',  ( 0.000000000000000000, 0.000000000000000000, -1.000000000000000000 ) ) ;
#5496 = CARTESIAN_POINT ( 'NONE',  ( 0.01989503679927764196, 1.200000000000000400, -0.1331254650207334411 ) ) ;
#5497 = DIRECTION ( 'NONE',  ( 0.7071067811865474617, 0.000000000000000000, 0.7071067811865474617 ) ) ;
#5498 = DIRECTION ( 'NONE',  ( 0.000000000000000000, 0.000000000000000000, -1.000000000000000000 ) ) ;
#5499 = FACE_OUTER_BOUND ( 'NONE', #3973, .T. ) ;
#5500 = AXIS2_PLACEMENT_3D ( 'NONE', #4062, #6609, #5273 ) ;
#5501 = EDGE_CURVE ( 'NONE', #1910, #7061, #7563, .T. ) ;
#5502 = ORIENTED_EDGE ( 'NONE', *, *, #3583, .F. ) ;
#5503 = ORIENTED_EDGE ( 'NONE', *, *, #1508, .F. ) ;
#5504 = AXIS2_PLACEMENT_3D ( 'NONE', #1799, #7514, #7346 ) ;
#5505 = UNCERTAINTY_MEASURE_WITH_UNIT (LENGTH_MEASURE( 1.000000000000000082E-05 ), #8050, 'distance_accuracy_value', 'NONE');
#5506 = ORIENTED_EDGE ( 'NONE', *, *, #233, .F. ) ;
#5507 = CARTESIAN_POINT ( 'NONE',  ( -1.350000000000000089, 1.200000000000000178, 1.149999999999997913 ) ) ;
#5508 = ORIENTED_EDGE ( 'NONE', *, *, #4394, .T. ) ;
#5509 = LINE ( 'NONE', #6147, #1618 ) ;
#5510 = LINE ( 'NONE', #6636, #5961 ) ;
#5511 = PLANE ( 'NONE',  #6390 ) ;
#5512 = VERTEX_POINT ( 'NONE', #6547 ) ;
#5513 = CARTESIAN_POINT ( 'NONE',  ( 0.6000000000000000888, 0.000000000000000000, -1.149999999999999245 ) ) ;
#5514 = FILL_AREA_STYLE ('',( #2932 ) ) ;
#5515 =( GEOMETRIC_REPRESENTATION_CONTEXT ( 3 ) GLOBAL_UNCERTAINTY_ASSIGNED_CONTEXT ( ( #998 ) ) GLOBAL_UNIT_ASSIGNED_CONTEXT ( ( #1257, #1448, #883 ) ) REPRESENTATION_CONTEXT ( 'NONE', 'WORKASPACE' ) );
#5516 = ORIENTED_EDGE ( 'NONE', *, *, #1240, .F. ) ;
#5517 = ORIENTED_EDGE ( 'NONE', *, *, #745, .F. ) ;
#5518 = COLOUR_RGB ( '',1.000000000000000000, 0.8078431372549019773, 0.4980392156862745168 ) ;
#5519 = CARTESIAN_POINT ( 'NONE',  ( -1.500000000000000222, 0.8004855439755816926, -0.3643984008331229152 ) ) ;
#5520 = EDGE_CURVE ( 'NONE', #3963, #5788, #6662, .T. ) ;
#5521 = FILL_AREA_STYLE_COLOUR ( '', #3539 ) ;
#5522 = VECTOR ( 'NONE', #5458, 1000.000000000000000 ) ;
#5523 = ORIENTED_EDGE ( 'NONE', *, *, #7197, .T. ) ;
#5524 = CARTESIAN_POINT ( 'NONE',  ( -1.599999999999999867, 0.2999999999999999889, 1.250000000000002220 ) ) ;
#5525 = LINE ( 'NONE', #1202, #4672 ) ;
#5526 =( GEOMETRIC_REPRESENTATION_CONTEXT ( 3 ) GLOBAL_UNCERTAINTY_ASSIGNED_CONTEXT ( ( #3909 ) ) GLOBAL_UNIT_ASSIGNED_CONTEXT ( ( #7307, #5346, #338 ) ) REPRESENTATION_CONTEXT ( 'NONE', 'WORKASPACE' ) );
#5527 = LINE ( 'NONE', #6077, #3970 ) ;
#5528 = EDGE_LOOP ( 'NONE', ( #7842, #7160, #6051, #3469, #3648, #7128, #6739, #3925 ) ) ;
#5529 = PRESENTATION_STYLE_ASSIGNMENT (( #4317 ) ) ;
#5530 = CARTESIAN_POINT ( 'NONE',  ( -1.599999999999999867, 0.000000000000000000, 1.100000000000002309 ) ) ;
#5531 =( GEOMETRIC_REPRESENTATION_CONTEXT ( 3 ) GLOBAL_UNCERTAINTY_ASSIGNED_CONTEXT ( ( #122 ) ) GLOBAL_UNIT_ASSIGNED_CONTEXT ( ( #5090, #4565, #1375 ) ) REPRESENTATION_CONTEXT ( 'NONE', 'WORKASPACE' ) );
#5532 = DIRECTION ( 'NONE',  ( -1.000000000000000000, 0.000000000000000000, 0.000000000000000000 ) ) ;
#5533 = VECTOR ( 'NONE', #5739, 1000.000000000000000 ) ;
#5534 = FILL_AREA_STYLE_COLOUR ( '', #4867 ) ;
#5535 = CARTESIAN_POINT ( 'NONE',  ( 1.600000000000000311, 0.2999999999999999889, 1.100000000000001865 ) ) ;
#5536 = DIRECTION ( 'NONE',  ( -1.000000000000000000, 0.000000000000000000, 6.195440985631457289E-16 ) ) ;
#5537 = ORIENTED_EDGE ( 'NONE', *, *, #2648, .T. ) ;
#5538 = AXIS2_PLACEMENT_3D ( 'NONE', #4426, #2562, #3891 ) ;
#5539 = DIRECTION ( 'NONE',  ( 0.000000000000000000, 0.000000000000000000, 1.000000000000000000 ) ) ;
#5540 = CIRCLE ( 'NONE', #7530, 0.0009999999999999158867 ) ;
#5541 = CARTESIAN_POINT ( 'NONE',  ( -0.5999999999999996447, 0.2999999999999999889, -1.149999999999999023 ) ) ;
#5542 = CARTESIAN_POINT ( 'NONE',  ( -1.449999999999999956, 0.2999999999999999889, 1.250000000000002220 ) ) ;
#5543 = EDGE_CURVE ( 'NONE', #782, #5884, #4150, .T. ) ;
#5544 = DIRECTION ( 'NONE',  ( -1.000000000000000000, 0.000000000000000000, 0.000000000000000000 ) ) ;
#5545 = DIRECTION ( 'NONE',  ( 1.000000000000000000, 0.000000000000000000, -0.000000000000000000 ) ) ;
#5546 = DIRECTION ( 'NONE',  ( 1.000000000000000000, -0.000000000000000000, 3.469446951953614189E-16 ) ) ;
#5547 = AXIS2_PLACEMENT_3D ( 'NONE', #3174, #5059, #5591 ) ;
#5548 = VERTEX_POINT ( 'NONE', #7747 ) ;
#5549 = VECTOR ( 'NONE', #2503, 1000.000000000000000 ) ;
#5550 = VERTEX_POINT ( 'NONE', #7051 ) ;
#5551 = CARTESIAN_POINT ( 'NONE',  ( 0.000000000000000000, 1.200000000000000178, 0.000000000000000000 ) ) ;
#5552 = ORIENTED_EDGE ( 'NONE', *, *, #165, .F. ) ;
#5553 = ADVANCED_FACE ( 'NONE', ( #7129 ), #5135, .F. ) ;
#5554 = ADVANCED_FACE ( 'NONE', ( #4572 ), #7717, .T. ) ;
#5555 = AXIS2_PLACEMENT_3D ( 'NONE', #4433, #5809, #3274 ) ;
#5556 = DIRECTION ( 'NONE',  ( -0.3007423372023669828, 0.000000000000000000, 0.9537054296867862879 ) ) ;
#5557 = LINE ( 'NONE', #2271, #581 ) ;
#5558 = CARTESIAN_POINT ( 'NONE',  ( 1.501000000000000112, 0.8010000000000069287, -0.3891067359793541347 ) ) ;
#5559 = VERTEX_POINT ( 'NONE', #2296 ) ;
#5560 = CARTESIAN_POINT ( 'NONE',  ( -0.01731996391749868192, 1.201000000000000290, -0.06743716197679318347 ) ) ;
#5561 = CARTESIAN_POINT ( 'NONE',  ( 0.6000000000000000888, 0.2999999999999999889, -1.149999999999999245 ) ) ;
#5562 = ORIENTED_EDGE ( 'NONE', *, *, #4878, .F. ) ;
#5563 = VERTEX_POINT ( 'NONE', #1565 ) ;
#5564 = ADVANCED_FACE ( 'NONE', ( #2177 ), #3461, .F. ) ;
#5565 = PLANE ( 'NONE',  #4704 ) ;
#5566 = CARTESIAN_POINT ( 'NONE',  ( 1.600000000000000533, 0.2999999999999999889, -1.100000000000001421 ) ) ;
#5567 = MECHANICAL_DESIGN_GEOMETRIC_PRESENTATION_REPRESENTATION (  '', ( #6624 ), #216 ) ;
#5568 = ORIENTED_EDGE ( 'NONE', *, *, #1409, .T. ) ;
#5569 = CARTESIAN_POINT ( 'NONE',  ( 0.02519603027258092431, 1.201000000000000512, -0.08568952672227261869 ) ) ;
#5570 = VECTOR ( 'NONE', #1047, 1000.000000000000000 ) ;
#5571 = DIRECTION ( 'NONE',  ( 0.000000000000000000, 0.000000000000000000, -1.000000000000000000 ) ) ;
#5572 = ORIENTED_EDGE ( 'NONE', *, *, #7737, .F. ) ;
#5573 = FILL_AREA_STYLE ('',( #2459 ) ) ;
#5574 = DIRECTION ( 'NONE',  ( 0.000000000000000000, -1.000000000000000000, 0.000000000000000000 ) ) ;
#5575 = CARTESIAN_POINT ( 'NONE',  ( 1.500000000000000444, 0.000000000000000000, 1.000000000000001554 ) ) ;
#5576 = UNCERTAINTY_MEASURE_WITH_UNIT (LENGTH_MEASURE( 1.000000000000000082E-05 ), #2227, 'distance_accuracy_value', 'NONE');
#5577 = SURFACE_SIDE_STYLE ('',( #1254 ) ) ;
#5578 = DIRECTION ( 'NONE',  ( 0.000000000000000000, 0.000000000000000000, 1.000000000000000000 ) ) ;
#5579 = CARTESIAN_POINT ( 'NONE',  ( 1.500000000000000222, 0.2999999999999999889, -0.4999999999999996669 ) ) ;
#5580 = EDGE_CURVE ( 'NONE', #802, #2020, #1609, .T. ) ;
#5581 = CIRCLE ( 'NONE', #5726, 0.1000000000000001027 ) ;
#5582 = EDGE_CURVE ( 'NONE', #1699, #6678, #8024, .T. ) ;
#5583 = EDGE_CURVE ( 'NONE', #3336, #3372, #7487, .T. ) ;
#5584 = CARTESIAN_POINT ( 'NONE',  ( -1.499999999999999778, 0.000000000000000000, -1.000000000000000666 ) ) ;
#5585 = DIRECTION ( 'NONE',  ( 0.000000000000000000, -1.000000000000000000, 0.000000000000000000 ) ) ;
#5586 = AXIS2_PLACEMENT_3D ( 'NONE', #149, #2636, #6517 ) ;
#5587 = CARTESIAN_POINT ( 'NONE',  ( -1.599999999999999645, 1.201000000000000068, 0.2749999999999999112 ) ) ;
#5588 = CARTESIAN_POINT ( 'NONE',  ( 1.499999999999998890, 0.8002400829319256115, 0.3702345636535223639 ) ) ;
#5589 = VERTEX_POINT ( 'NONE', #6954 ) ;
#5590 = AXIS2_PLACEMENT_3D ( 'NONE', #8028, #5014, #7415 ) ;
#5591 = DIRECTION ( 'NONE',  ( -0.5403350958123754877, 0.000000000000000000, -0.8414499297245386922 ) ) ;
#5592 = ORIENTED_EDGE ( 'NONE', *, *, #3380, .T. ) ;
#5593 = CARTESIAN_POINT ( 'NONE',  ( -0.008214946599979854741, 1.200000000000000178, 0.05730142588971614409 ) ) ;
#5594 = CARTESIAN_POINT ( 'NONE',  ( 0.05715082723916915797, 1.201000000000000290, -0.04275155783679049359 ) ) ;
#5595 = ORIENTED_EDGE ( 'NONE', *, *, #2187, .F. ) ;
#5596 =( NAMED_UNIT ( * ) PLANE_ANGLE_UNIT ( ) SI_UNIT ( $, .RADIAN. ) );
#5597 = SURFACE_SIDE_STYLE ('',( #697 ) ) ;
#5598 = ORIENTED_EDGE ( 'NONE', *, *, #3430, .T. ) ;
#5599 = EDGE_LOOP ( 'NONE', ( #2751, #585, #2348, #6071 ) ) ;
#5600 = EDGE_CURVE ( 'NONE', #6783, #4255, #7163, .T. ) ;
#5601 = CARTESIAN_POINT ( 'NONE',  ( -1.499999999999999556, 0.000000000000000000, 0.5000000000000006661 ) ) ;
#5602 =( NAMED_UNIT ( * ) SI_UNIT ( $, .STERADIAN. ) SOLID_ANGLE_UNIT ( ) );
#5603 = PLANE ( 'NONE',  #2350 ) ;
#5604 = LINE ( 'NONE', #3881, #2512 ) ;
#5605 = B_SPLINE_CURVE_WITH_KNOTS ( 'NONE', 3,
 ( #1788, #2881, #2351, #2230, #4214, #7381, #6805, #1067, #1747, #4256, #2970 ),
 .UNSPECIFIED., .F., .F.,
 ( 4, 1, 1, 1, 1, 1, 1, 1, 4 ),
 ( 0.000000000000000000, 0.1219512022493430964, 0.2407868053279238474, 0.3585498723707454261, 0.4790658414002762489, 0.6015185447735337254, 0.7275505189308972831, 0.8599320866628439308, 1.000000000000000000 ),
 .UNSPECIFIED. ) ;
#5606 = ORIENTED_EDGE ( 'NONE', *, *, #5216, .T. ) ;
#5607 =( LENGTH_UNIT ( ) NAMED_UNIT ( * ) SI_UNIT ( .MILLI., .METRE. ) );
#5608 = DIRECTION ( 'NONE',  ( 0.000000000000000000, -1.000000000000000000, 0.000000000000000000 ) ) ;
#5609 = CIRCLE ( 'NONE', #3787, 0.06250000000000027756 ) ;
#5610 = ADVANCED_FACE ( 'NONE', ( #4405 ), #601, .T. ) ;
#5611 = CARTESIAN_POINT ( 'NONE',  ( 1.500000000000000444, 0.000000000000000000, 0.5000000000000003331 ) ) ;
#5612 = CARTESIAN_POINT ( 'NONE',  ( -1.450000000000000178, 0.2999999999999999889, -1.250000000000000888 ) ) ;
#5613 =( NAMED_UNIT ( * ) SI_UNIT ( $, .STERADIAN. ) SOLID_ANGLE_UNIT ( ) );
#5614 = CARTESIAN_POINT ( 'NONE',  ( -0.04798602987534322795, 1.200000000000000400, 0.03219249250799013917 ) ) ;
#5615 = LINE ( 'NONE', #1325, #2349 ) ;
#5616 = CARTESIAN_POINT ( 'NONE',  ( -0.05185204343364756968, 1.201000000000000512, 0.02251877080981179446 ) ) ;
#5617 = DIRECTION ( 'NONE',  ( 0.7071067811865474617, 0.000000000000000000, 0.7071067811865474617 ) ) ;
#5618 = PRESENTATION_STYLE_ASSIGNMENT (( #6173 ) ) ;
#5619 = B_SPLINE_CURVE_WITH_KNOTS ( 'NONE', 3,
 ( #6999, #5239, #2669, #841, #3331, #3288, #1973, #5826, #7040, #2620 ),
 .UNSPECIFIED., .F., .F.,
 ( 4, 3, 3, 4 ),
 ( -1.989975068978886528E-06, 0.000000000000000000, 5.722852849417507028E-06, 1.215876385604847625E-05 ),
 .UNSPECIFIED. ) ;
#5620 = LINE ( 'NONE', #6913, #1858 ) ;
#5621 = EDGE_CURVE ( 'NONE', #5245, #7918, #1178, .T. ) ;
#5622 = UNCERTAINTY_MEASURE_WITH_UNIT (LENGTH_MEASURE( 1.000000000000000082E-05 ), #7609, 'distance_accuracy_value', 'NONE');
#5623 = SURFACE_STYLE_FILL_AREA ( #3207 ) ;
#5624 = DIRECTION ( 'NONE',  ( 0.7071067811865467956, 0.000000000000000000, -0.7071067811865483499 ) ) ;
#5625 = CARTESIAN_POINT ( 'NONE',  ( -7.392383117477958714E-05, 1.200000000000000400, -0.1429178784801765356 ) ) ;
#5626 = CARTESIAN_POINT ( 'NONE',  ( 0.3093792277709736527, 1.201000000000000068, -0.1731642232240074575 ) ) ;
#5627 = CARTESIAN_POINT ( 'NONE',  ( 0.02872661506851431623, 1.201000000000000068, -0.05694162888947846418 ) ) ;
#5628 = VECTOR ( 'NONE', #6114, 1000.000000000000000 ) ;
#5629 = ORIENTED_EDGE ( 'NONE', *, *, #1113, .F. ) ;
#5630 = CARTESIAN_POINT ( 'NONE',  ( 0.06975118922501870322, 1.200000000000000400, -0.02628953272017995821 ) ) ;
#5631 = ORIENTED_EDGE ( 'NONE', *, *, #1229, .F. ) ;
#5632 = STYLED_ITEM ( 'NONE', ( #4389 ), #2581 ) ;
#5633 = CARTESIAN_POINT ( 'NONE',  ( 0.6136467899198910780, 1.200000000000000178, -0.1731642232240074575 ) ) ;
#5634 = CARTESIAN_POINT ( 'NONE',  ( 0.06975118922501870322, 1.200000000000000400, -0.02628953272017995821 ) ) ;
#5635 = VERTEX_POINT ( 'NONE', #3124 ) ;
#5636 = CARTESIAN_POINT ( 'NONE',  ( -1.599999999999999201, 0.8000000000000000444, -0.2749999999999999112 ) ) ;
#5637 = DIRECTION ( 'NONE',  ( 1.000000000000000000, 0.000000000000000000, -2.409338161078898687E-16 ) ) ;
#5638 = ORIENTED_EDGE ( 'NONE', *, *, #4491, .F. ) ;
#5639 = EDGE_LOOP ( 'NONE', ( #6698, #4138, #2921, #6582, #3340, #7988, #2837 ) ) ;
#5640 = CYLINDRICAL_SURFACE ( 'NONE', #7136, 0.1000000000000001027 ) ;
#5641 = DIRECTION ( 'NONE',  ( 0.000000000000000000, -1.000000000000000000, 0.000000000000000000 ) ) ;
#5642 = MECHANICAL_DESIGN_GEOMETRIC_PRESENTATION_REPRESENTATION (  '', ( #6454 ), #3825 ) ;
#5643 = DIRECTION ( 'NONE',  ( 1.000000000000000000, 0.000000000000000000, -0.000000000000000000 ) ) ;
#5644 = CARTESIAN_POINT ( 'NONE',  ( 0.2525284235480190764, 1.201000000000000068, 0.003973621970230402194 ) ) ;
#5645 = ORIENTED_EDGE ( 'NONE', *, *, #2888, .F. ) ;
#5646 = CARTESIAN_POINT ( 'NONE',  ( 0.01955807141835357726, 1.201000000000000290, -0.07950125307307943923 ) ) ;
#5647 = EDGE_CURVE ( 'NONE', #1499, #7001, #3161, .T. ) ;
#5648 = DIRECTION ( 'NONE',  ( -1.000000000000000000, 0.000000000000000000, 0.000000000000000000 ) ) ;
#5649 = AXIS2_PLACEMENT_3D ( 'NONE', #3663, #555, #3121 ) ;
#5650 = PRESENTATION_LAYER_ASSIGNMENT (  '', '', ( #567 ) ) ;
#5651 = PRESENTATION_STYLE_ASSIGNMENT (( #3151 ) ) ;
#5652 = ORIENTED_EDGE ( 'NONE', *, *, #7505, .F. ) ;
#5653 = DIRECTION ( 'NONE',  ( 0.000000000000000000, -0.000000000000000000, 1.000000000000000000 ) ) ;
#5654 = AXIS2_PLACEMENT_3D ( 'NONE', #4895, #2389, #6139 ) ;
#5655 = LINE ( 'NONE', #672, #8037 ) ;
#5656 = EDGE_CURVE ( 'NONE', #5889, #5405, #5620, .T. ) ;
#5657 = DIRECTION ( 'NONE',  ( 1.000000000000000000, 0.000000000000000000, -0.000000000000000000 ) ) ;
#5658 =( LENGTH_UNIT ( ) NAMED_UNIT ( * ) SI_UNIT ( .MILLI., .METRE. ) );
#5659 = LINE ( 'NONE', #1406, #297 ) ;
#5660 = CARTESIAN_POINT ( 'NONE',  ( -0.5999999999999995337, 0.2999999999999999889, 1.150000000000000355 ) ) ;
#5661 = MECHANICAL_DESIGN_GEOMETRIC_PRESENTATION_REPRESENTATION (  '', ( #6057 ), #5234 ) ;
#5662 = CARTESIAN_POINT ( 'NONE',  ( -1.499999999999999556, 0.2999999999999999889, 0.5000000000000006661 ) ) ;
#5663 = CARTESIAN_POINT ( 'NONE',  ( 1.500000000000000222, 0.8007116190140168843, 0.3673201419961987235 ) ) ;
#5664 = VECTOR ( 'NONE', #7317, 1000.000000000000000 ) ;
#5665 = DIRECTION ( 'NONE',  ( 0.000000000000000000, -1.000000000000000000, 0.000000000000000000 ) ) ;
#5666 = LINE ( 'NONE', #5542, #6234 ) ;
#5667 = ORIENTED_EDGE ( 'NONE', *, *, #5656, .T. ) ;
#5668 = FACE_OUTER_BOUND ( 'NONE', #1072, .T. ) ;
#5669 = CARTESIAN_POINT ( 'NONE',  ( 0.2377617871511735759, 1.200999999999999845, 0.03759220746460899959 ) ) ;
#5670 = CARTESIAN_POINT ( 'NONE',  ( 1.500340955828528999, 0.7999999999999999334, 0.3655176336655608926 ) ) ;
#5671 = COLOUR_RGB ( '',1.000000000000000000, 1.000000000000000000, 1.000000000000000000 ) ;
#5672 = ORIENTED_EDGE ( 'NONE', *, *, #4818, .T. ) ;
#5673 = COLOUR_RGB ( '',1.000000000000000000, 0.8078431372549019773, 0.4980392156862745168 ) ;
#5674 = DIRECTION ( 'NONE',  ( 0.000000000000000000, -1.000000000000000000, 0.000000000000000000 ) ) ;
#5675 = ORIENTED_EDGE ( 'NONE', *, *, #1367, .F. ) ;
#5676 = AXIS2_PLACEMENT_3D ( 'NONE', #8114, #735, #1226 ) ;
#5677 = CARTESIAN_POINT ( 'NONE',  ( -0.04082227551478143091, 1.200000000000000400, 0.04359121852126097291 ) ) ;
#5678 = DIRECTION ( 'NONE',  ( 0.000000000000000000, -6.140988867551582528E-12, 1.000000000000000000 ) ) ;
#5679 = ORIENTED_EDGE ( 'NONE', *, *, #3683, .T. ) ;
#5680 = DIRECTION ( 'NONE',  ( 0.000000000000000000, 0.000000000000000000, -1.000000000000000000 ) ) ;
#5681 = VECTOR ( 'NONE', #8038, 1000.000000000000114 ) ;
#5682 = EDGE_CURVE ( 'NONE', #4908, #855, #2383, .T. ) ;
#5683 = VERTEX_POINT ( 'NONE', #3788 ) ;
#5684 = ORIENTED_EDGE ( 'NONE', *, *, #5711, .T. ) ;
#5685 = ADVANCED_FACE ( 'NONE', ( #6793 ), #5047, .T. ) ;
#5686 = CARTESIAN_POINT ( 'NONE',  ( -0.5999999999999997558, 0.2999999999999999889, 0.8000000000000005995 ) ) ;
#5687 = DIRECTION ( 'NONE',  ( -1.000000000000000000, 0.000000000000000000, 0.000000000000000000 ) ) ;
#5688 = VECTOR ( 'NONE', #988, 1000.000000000000000 ) ;
#5689 = DIRECTION ( 'NONE',  ( 0.000000000000000000, -0.000000000000000000, -1.000000000000000000 ) ) ;
#5690 = ORIENTED_EDGE ( 'NONE', *, *, #2915, .T. ) ;
#5691 = LINE ( 'NONE', #210, #4452 ) ;
#5692 = CARTESIAN_POINT ( 'NONE',  ( -0.004746220444384423136, 1.200000000000000622, 0.05729921906142235871 ) ) ;
#5693 = CARTESIAN_POINT ( 'NONE',  ( -0.08770177403243258063, 1.200000000000000178, 0.01452060374914958263 ) ) ;
#5694 = DIRECTION ( 'NONE',  ( 0.000000000000000000, 0.000000000000000000, -1.000000000000000000 ) ) ;
#5695 = CARTESIAN_POINT ( 'NONE',  ( 1.349999999999998979, 0.2999999999999999889, -1.149999999999999467 ) ) ;
#5696 = CARTESIAN_POINT ( 'NONE',  ( 1.500000000000000222, 0.8003509938833351933, 0.3785254628388811105 ) ) ;
#5697 = DIRECTION ( 'NONE',  ( 0.000000000000000000, 0.000000000000000000, 1.000000000000000000 ) ) ;
#5698 = CARTESIAN_POINT ( 'NONE',  ( 0.04389281811935420718, 1.200999999999999845, 0.001109831966801543262 ) ) ;
#5699 = ADVANCED_FACE ( 'NONE', ( #7411 ), #2466, .F. ) ;
#5700 = CARTESIAN_POINT ( 'NONE',  ( 0.6000000000000003109, 0.2999999999999999889, 0.5000000000000005551 ) ) ;
#5701 = UNCERTAINTY_MEASURE_WITH_UNIT (LENGTH_MEASURE( 1.000000000000000082E-05 ), #4717, 'distance_accuracy_value', 'NONE');
#5702 = DIRECTION ( 'NONE',  ( 1.000000000000000000, 0.000000000000000000, 0.000000000000000000 ) ) ;
#5703 = DIRECTION ( 'NONE',  ( -1.000000000000000000, -0.000000000000000000, 2.409338161078898194E-16 ) ) ;
#5704 = DIRECTION ( 'NONE',  ( 0.000000000000000000, 0.000000000000000000, -1.000000000000000000 ) ) ;
#5705 = ORIENTED_EDGE ( 'NONE', *, *, #564, .T. ) ;
#5706 = CARTESIAN_POINT ( 'NONE',  ( 0.1526665131437159872, 1.200000000000000178, -0.1336516280717638394 ) ) ;
#5707 = DIRECTION ( 'NONE',  ( 0.000000000000000000, 1.000000000000000000, 0.000000000000000000 ) ) ;
#5708 = CARTESIAN_POINT ( 'NONE',  ( -0.1963614107011024124, 1.201000000000000068, 0.08366764526557586568 ) ) ;
#5709 = AXIS2_PLACEMENT_3D ( 'NONE', #5579, #4965, #8105 ) ;
#5710 = VERTEX_POINT ( 'NONE', #5738 ) ;
#5711 = EDGE_CURVE ( 'NONE', #6196, #4774, #7738, .T. ) ;
#5712 = DIRECTION ( 'NONE',  ( -6.505213034913020293E-15, 0.000000000000000000, 1.000000000000000000 ) ) ;
#5713 = ORIENTED_EDGE ( 'NONE', *, *, #6338, .T. ) ;
#5714 = MECHANICAL_DESIGN_GEOMETRIC_PRESENTATION_REPRESENTATION (  '', ( #4028 ), #1658 ) ;
#5715 = CARTESIAN_POINT ( 'NONE',  ( -1.500999999999999890, 0.8010000000000000453, -1.149999999999998357 ) ) ;
#5716 = DIRECTION ( 'NONE',  ( 0.000000000000000000, 1.000000000000000000, 6.125742274542951418E-12 ) ) ;
#5717 = VERTEX_POINT ( 'NONE', #4632 ) ;
#5718 = CARTESIAN_POINT ( 'NONE',  ( 0.01083870705432462243, 1.201000000000000068, -0.1395532983664406479 ) ) ;
#5719 = ORIENTED_EDGE ( 'NONE', *, *, #6002, .F. ) ;
#5720 = COLOUR_RGB ( '',1.000000000000000000, 0.8078431372549019773, 0.4980392156862745168 ) ;
#5721 = ORIENTED_EDGE ( 'NONE', *, *, #805, .F. ) ;
#5722 = DIRECTION ( 'NONE',  ( 0.000000000000000000, -1.000000000000000000, 0.000000000000000000 ) ) ;
#5723 = SURFACE_STYLE_FILL_AREA ( #6858 ) ;
#5724 = EDGE_CURVE ( 'NONE', #5287, #1528, #4526, .T. ) ;
#5725 = CARTESIAN_POINT ( 'NONE',  ( -0.5999999999999995337, 0.000000000000000000, 1.150000000000000355 ) ) ;
#5726 = AXIS2_PLACEMENT_3D ( 'NONE', #2141, #5749, #3419 ) ;
#5727 = ORIENTED_EDGE ( 'NONE', *, *, #5981, .T. ) ;
#5728 = FACE_OUTER_BOUND ( 'NONE', #1187, .T. ) ;
#5729 = CARTESIAN_POINT ( 'NONE',  ( 0.02271710421901379853, 1.200000000000000400, 0.04910403478154545115 ) ) ;
#5730 = CARTESIAN_POINT ( 'NONE',  ( -0.05117231190713259631, 1.199999999999999956, 0.07567721465187275676 ) ) ;
#5731 = CARTESIAN_POINT ( 'NONE',  ( 0.03147757299751132581, 1.201000000000000068, -0.05829244588740942201 ) ) ;
#5732 = CARTESIAN_POINT ( 'NONE',  ( -0.06371119067244213063, 1.200000000000000400, -0.1514606556756880607 ) ) ;
#5733 = AXIS2_PLACEMENT_3D ( 'NONE', #391, #7288, #4166 ) ;
#5734 = CARTESIAN_POINT ( 'NONE',  ( 0.2525284235480190764, 1.201000000000000068, 0.003973621970230402194 ) ) ;
#5735 = EDGE_CURVE ( 'NONE', #2133, #3133, #7158, .T. ) ;
#5736 = COLOUR_RGB ( '',1.000000000000000000, 0.8078431372549019773, 0.4980392156862745168 ) ;
#5737 = CARTESIAN_POINT ( 'NONE',  ( 0.05479314643531289775, 1.200000000000000400, -0.1403788274795657598 ) ) ;
#5738 = CARTESIAN_POINT ( 'NONE',  ( -0.02544885719100715982, 1.200000000000000178, -0.03816285645384186881 ) ) ;
#5739 = DIRECTION ( 'NONE',  ( 0.000000000000000000, -1.000000000000000000, 0.000000000000000000 ) ) ;
#5740 = DIRECTION ( 'NONE',  ( 1.000000000000000000, 0.000000000000000000, -2.891205793294683257E-16 ) ) ;
#5741 = CARTESIAN_POINT ( 'NONE',  ( -1.500000000000000000, 1.050000000000000044, 0.9999999999999972244 ) ) ;
#5742 = EDGE_LOOP ( 'NONE', ( #7581, #6769 ) ) ;
#5743 = DIRECTION ( 'NONE',  ( 1.000000000000000000, 0.000000000000000000, -2.409338161078898194E-16 ) ) ;
#5744 = DIRECTION ( 'NONE',  ( 0.7071067811865467956, 0.000000000000000000, 0.7071067811865483499 ) ) ;
#5745 = EDGE_CURVE ( 'NONE', #5483, #5563, #3367, .T. ) ;
#5746 = UNCERTAINTY_MEASURE_WITH_UNIT (LENGTH_MEASURE( 1.000000000000000082E-05 ), #4865, 'distance_accuracy_value', 'NONE');
#5747 = ORIENTED_EDGE ( 'NONE', *, *, #3056, .F. ) ;
#5748 = ORIENTED_EDGE ( 'NONE', *, *, #3835, .F. ) ;
#5749 = DIRECTION ( 'NONE',  ( 0.000000000000000000, -1.000000000000000000, 0.000000000000000000 ) ) ;
#5750 = CARTESIAN_POINT ( 'NONE',  ( -0.5999999999999997558, 0.2999999999999999889, -0.4999999999999995559 ) ) ;
#5751 = EDGE_CURVE ( 'NONE', #6493, #3803, #1485, .T. ) ;
#5752 = FACE_OUTER_BOUND ( 'NONE', #1783, .T. ) ;
#5753 =( NAMED_UNIT ( * ) PLANE_ANGLE_UNIT ( ) SI_UNIT ( $, .RADIAN. ) );
#5754 = VERTEX_POINT ( 'NONE', #7697 ) ;
#5755 = CARTESIAN_POINT ( 'NONE',  ( -0.5999999999999997558, 0.2999999999999999889, -0.4999999999999995559 ) ) ;
#5756 = AXIS2_PLACEMENT_3D ( 'NONE', #2198, #5228, #2733 ) ;
#5757 = ORIENTED_EDGE ( 'NONE', *, *, #1825, .F. ) ;
#5758 = VERTEX_POINT ( 'NONE', #3248 ) ;
#5759 = CARTESIAN_POINT ( 'NONE',  ( -0.5999999999999996447, 0.2999999999999999889, -1.149999999999999023 ) ) ;
#5760 = CARTESIAN_POINT ( 'NONE',  ( -1.599999999999999645, 0.8000000000000000444, 0.4750000000000000888 ) ) ;
#5761 = FILL_AREA_STYLE ('',( #5108 ) ) ;
#5762 = CARTESIAN_POINT ( 'NONE',  ( 0.6000000000000003109, 0.2999999999999999889, 0.5000000000000005551 ) ) ;
#5763 = ORIENTED_EDGE ( 'NONE', *, *, #1081, .T. ) ;
#5764 = DIRECTION ( 'NONE',  ( -1.668003342285392290E-16, 0.000000000000000000, -1.000000000000000000 ) ) ;
#5765 =( GEOMETRIC_REPRESENTATION_CONTEXT ( 3 ) GLOBAL_UNCERTAINTY_ASSIGNED_CONTEXT ( ( #3293 ) ) GLOBAL_UNIT_ASSIGNED_CONTEXT ( ( #2355, #3015, #533 ) ) REPRESENTATION_CONTEXT ( 'NONE', 'WORKASPACE' ) );
#5766 = EDGE_CURVE ( 'NONE', #3602, #4335, #5199, .T. ) ;
#5767 = CARTESIAN_POINT ( 'NONE',  ( 1.349999999999998979, 0.000000000000000000, -1.149999999999999467 ) ) ;
#5768 = CARTESIAN_POINT ( 'NONE',  ( 0.03344369975884049773, 1.201000000000000290, 0.03887023202817671552 ) ) ;
#5769 = MECHANICAL_DESIGN_GEOMETRIC_PRESENTATION_REPRESENTATION (  '', ( #2621 ), #7364 ) ;
#5770 = CARTESIAN_POINT ( 'NONE',  ( -0.01580582142239754170, 1.199999999999999956, 0.08680960121771048865 ) ) ;
#5771 = CARTESIAN_POINT ( 'NONE',  ( -0.02205324354511123061, 1.201000000000000068, -0.06779730281802456848 ) ) ;
#5772 = CARTESIAN_POINT ( 'NONE',  ( 1.500000000000000222, 0.8001980445386985830, -0.3730199036575590488 ) ) ;
#5773 = DIRECTION ( 'NONE',  ( 0.000000000000000000, 0.000000000000000000, -1.000000000000000000 ) ) ;
#5774 = DIRECTION ( 'NONE',  ( -0.000000000000000000, -1.000000000000000000, -0.000000000000000000 ) ) ;
#5775 = CARTESIAN_POINT ( 'NONE',  ( 0.03047230801860492319, 1.200999999999999845, -0.02817665670107535186 ) ) ;
#5776 = MECHANICAL_DESIGN_GEOMETRIC_PRESENTATION_REPRESENTATION (  '', ( #26 ), #298 ) ;
#5777 = AXIS2_PLACEMENT_3D ( 'NONE', #7246, #1017, #3591 ) ;
#5778 = VECTOR ( 'NONE', #2577, 1000.000000000000000 ) ;
#5779 = PRESENTATION_STYLE_ASSIGNMENT (( #3945 ) ) ;
#5780 = VECTOR ( 'NONE', #5237, 1000.000000000000000 ) ;
#5781 = LINE ( 'NONE', #5163, #4884 ) ;
#5782 = DIRECTION ( 'NONE',  ( -0.000000000000000000, 1.000000000000000000, -0.000000000000000000 ) ) ;
#5783 = FACE_OUTER_BOUND ( 'NONE', #3574, .T. ) ;
#5784 = VERTEX_POINT ( 'NONE', #2127 ) ;
#5785 = CARTESIAN_POINT ( 'NONE',  ( -1.599999999999999867, 0.2999999999999999889, 1.100000000000002309 ) ) ;
#5786 = CARTESIAN_POINT ( 'NONE',  ( 1.500000000000000222, 0.8009948041765538873, -0.3656082890487031278 ) ) ;
#5787 = VECTOR ( 'NONE', #5215, 999.9999999999998863 ) ;
#5788 = VERTEX_POINT ( 'NONE', #2088 ) ;
#5789 = AXIS2_PLACEMENT_3D ( 'NONE', #840, #920, #7779 ) ;
#5790 = PRESENTATION_STYLE_ASSIGNMENT (( #3338 ) ) ;
#5791 = EDGE_LOOP ( 'NONE', ( #1731, #902, #62, #7926 ) ) ;
#5792 = DIRECTION ( 'NONE',  ( 0.000000000000000000, -1.000000000000000000, 0.000000000000000000 ) ) ;
#5793 = EDGE_CURVE ( 'NONE', #143, #4991, #2241, .T. ) ;
#5794 = EDGE_LOOP ( 'NONE', ( #2364, #7341, #2722, #3812 ) ) ;
#5795 = CARTESIAN_POINT ( 'NONE',  ( -1.500000000000000000, 0.8010000000000000453, 0.3891067359793581870 ) ) ;
#5796 = DIRECTION ( 'NONE',  ( 1.000000000000000000, 0.000000000000000000, 0.000000000000000000 ) ) ;
#5797 = VECTOR ( 'NONE', #2483, 1000.000000000000000 ) ;
#5798 = ORIENTED_EDGE ( 'NONE', *, *, #6808, .F. ) ;
#5799 = VERTEX_POINT ( 'NONE', #1410 ) ;
#5800 = ADVANCED_FACE ( 'NONE', ( #4563 ), #2741, .T. ) ;
#5801 = CARTESIAN_POINT ( 'NONE',  ( 1.499999999999998890, 0.8002400829319257225, -0.3797654363464782468 ) ) ;
#5802 = FILL_AREA_STYLE ('',( #7680 ) ) ;
#5803 = EDGE_CURVE ( 'NONE', #3191, #2153, #6419, .T. ) ;
#5804 = VECTOR ( 'NONE', #4858, 1000.000000000000000 ) ;
#5805 = CARTESIAN_POINT ( 'NONE',  ( 1.500000000000000222, 0.8010000000000000453, 0.9999999999999981126 ) ) ;
#5806 = STYLED_ITEM ( 'NONE', ( #4506 ), #2716 ) ;
#5807 = CARTESIAN_POINT ( 'NONE',  ( 1.350000000000000311, 1.200000000000000178, -1.149999999999998357 ) ) ;
#5808 = ORIENTED_EDGE ( 'NONE', *, *, #2492, .T. ) ;
#5809 = DIRECTION ( 'NONE',  ( 0.000000000000000000, -1.000000000000000000, 0.000000000000000000 ) ) ;
#5810 = FILL_AREA_STYLE ('',( #3479 ) ) ;
#5811 = AXIS2_PLACEMENT_3D ( 'NONE', #6824, #591, #6740 ) ;
#5812 = MANIFOLD_SOLID_BREP ( 'Boss-Extrude6[2]', #499 ) ;
#5813 = EDGE_CURVE ( 'NONE', #1750, #7918, #798, .T. ) ;
#5814 = CIRCLE ( 'NONE', #1373, 0.1499999999999999667 ) ;
#5815 = DIRECTION ( 'NONE',  ( 0.000000000000000000, 0.000000000000000000, -1.000000000000000000 ) ) ;
#5816 = CARTESIAN_POINT ( 'NONE',  ( -0.5999999999999997558, 0.2999999999999999889, -0.4999999999999995559 ) ) ;
#5817 = DIRECTION ( 'NONE',  ( 0.000000000000000000, -1.000000000000000000, 0.000000000000000000 ) ) ;
#5818 = CARTESIAN_POINT ( 'NONE',  ( 0.05007973181321752343, 1.200000000000000178, -0.07165713007004126389 ) ) ;
#5819 = CARTESIAN_POINT ( 'NONE',  ( 1.500000000000000222, 0.2999999999999999889, -0.4999999999999996669 ) ) ;
#5820 = AXIS2_PLACEMENT_3D ( 'NONE', #343, #2821, #5318 ) ;
#5821 = CARTESIAN_POINT ( 'NONE',  ( -0.002432387054272662150, 1.201000000000000068, -0.04162278803702693097 ) ) ;
#5822 = AXIS2_PLACEMENT_3D ( 'NONE', #622, #5687, #32 ) ;
#5823 = B_SPLINE_CURVE_WITH_KNOTS ( 'NONE', 3,
 ( #6095, #4083, #2834, #7328, #4851, #7369, #478 ),
 .UNSPECIFIED., .F., .F.,
 ( 4, 1, 1, 1, 4 ),
 ( 0.000000000000000000, 0.2094025526291401207, 0.4444010364151514403, 0.7082720668673796460, 1.000000000000000000 ),
 .UNSPECIFIED. ) ;
#5824 = VECTOR ( 'NONE', #432, 1000.000000000000000 ) ;
#5825 = CARTESIAN_POINT ( 'NONE',  ( 1.600000000000000755, 0.000000000000000000, 1.100000000000001865 ) ) ;
#5826 = CARTESIAN_POINT ( 'NONE',  ( 1.500000000000000222, 0.8008748897937416622, -0.3848180817728339975 ) ) ;
#5827 = EDGE_CURVE ( 'NONE', #858, #4189, #1990, .T. ) ;
#5828 = VERTEX_POINT ( 'NONE', #5825 ) ;
#5829 = CARTESIAN_POINT ( 'NONE',  ( -1.099999999999998979, 1.200000000000000178, 0.8000000000000022649 ) ) ;
#5830 = CARTESIAN_POINT ( 'NONE',  ( -0.001089389640990530254, 1.201000000000000068, 0.05724708152875118694 ) ) ;
#5831 = VECTOR ( 'NONE', #2846, 1000.000000000000000 ) ;
#5832 = EDGE_CURVE ( 'NONE', #6900, #4451, #3990, .T. ) ;
#5833 = ORIENTED_EDGE ( 'NONE', *, *, #5186, .T. ) ;
#5834 = DIRECTION ( 'NONE',  ( -0.000000000000000000, -1.000000000000000000, -0.000000000000000000 ) ) ;
#5835 = ORIENTED_EDGE ( 'NONE', *, *, #2888, .T. ) ;
#5836 = FILL_AREA_STYLE_COLOUR ( '', #7829 ) ;
#5837 = LINE ( 'NONE', #3626, #4596 ) ;
#5838 = CARTESIAN_POINT ( 'NONE',  ( -0.008868230864093966034, 1.201000000000000068, -0.04153634281216489477 ) ) ;
#5839 = ORIENTED_EDGE ( 'NONE', *, *, #2648, .F. ) ;
#5840 = CARTESIAN_POINT ( 'NONE',  ( 0.2399234941049204484, 1.200000000000000178, 0.04477243441258608320 ) ) ;
#5841 = DIRECTION ( 'NONE',  ( 0.000000000000000000, 0.000000000000000000, 1.000000000000000000 ) ) ;
#5842 = ORIENTED_EDGE ( 'NONE', *, *, #5219, .T. ) ;
#5843 = VERTEX_POINT ( 'NONE', #6700 ) ;
#5844 = MECHANICAL_DESIGN_GEOMETRIC_PRESENTATION_REPRESENTATION (  '', ( #1280 ), #4416 ) ;
#5845 =( LENGTH_UNIT ( ) NAMED_UNIT ( * ) SI_UNIT ( .MILLI., .METRE. ) );
#5846 = DIRECTION ( 'NONE',  ( -0.000000000000000000, -1.000000000000000000, -0.000000000000000000 ) ) ;
#5847 = ORIENTED_EDGE ( 'NONE', *, *, #3368, .T. ) ;
#5848 = DIRECTION ( 'NONE',  ( -0.7071067811865467956, 0.000000000000000000, -0.7071067811865483499 ) ) ;
#5849 = PLANE ( 'NONE',  #3310 ) ;
#5850 = CLOSED_SHELL ( 'NONE', ( #7686, #6065, #6634, #6772, #4318, #7059, #5800, #7582, #3382, #3281, #7786, #668 ) ) ;
#5851 = ADVANCED_FACE ( 'NONE', ( #1087 ), #3448, .T. ) ;
#5852 = CARTESIAN_POINT ( 'NONE',  ( -0.01646834053269946932, 1.201000000000000290, -0.1730401983095783969 ) ) ;
#5853 = DIRECTION ( 'NONE',  ( -0.000000000000000000, -1.000000000000000000, -0.000000000000000000 ) ) ;
#5854 = CARTESIAN_POINT ( 'NONE',  ( 0.01955807141835357726, 1.200000000000000622, -0.07950125307307943923 ) ) ;
#5855 = PRESENTATION_LAYER_ASSIGNMENT (  '', '', ( #4936 ) ) ;
#5856 = CARTESIAN_POINT ( 'NONE',  ( -1.450000000000000178, 0.000000000000000000, -1.250000000000000888 ) ) ;
#5857 = FILL_AREA_STYLE ('',( #3362 ) ) ;
#5858 = COLOUR_RGB ( '',1.000000000000000000, 0.8078431372549019773, 0.4980392156862745168 ) ;
#5859 = EDGE_CURVE ( 'NONE', #7007, #6983, #7937, .T. ) ;
#5860 = CARTESIAN_POINT ( 'NONE',  ( 0.0006463911402308138978, 1.200000000000000400, -0.1728418818233695142 ) ) ;
#5861 = CARTESIAN_POINT ( 'NONE',  ( 0.01405158302405999822, 1.200000000000000178, 0.05370641542404015756 ) ) ;
#5862 = CARTESIAN_POINT ( 'NONE',  ( -1.499999999999999778, 0.2999999999999999889, -1.000000000000000666 ) ) ;
#5863 =( NAMED_UNIT ( * ) SI_UNIT ( $, .STERADIAN. ) SOLID_ANGLE_UNIT ( ) );
#5864 = FACE_OUTER_BOUND ( 'NONE', #1951, .T. ) ;
#5865 = PLANE ( 'NONE',  #7018 ) ;
#5866 = ORIENTED_EDGE ( 'NONE', *, *, #1497, .T. ) ;
#5867 = SURFACE_STYLE_USAGE ( .BOTH. , #3373 ) ;
#5868 = CARTESIAN_POINT ( 'NONE',  ( 0.004239216014881127224, 1.201000000000000734, 0.05646481910100813184 ) ) ;
#5869 = STYLED_ITEM ( 'NONE', ( #5204 ), #1676 ) ;
#5870 = ORIENTED_EDGE ( 'NONE', *, *, #44, .F. ) ;
#5871 = EDGE_CURVE ( 'NONE', #6853, #782, #6574, .T. ) ;
#5872 = SURFACE_STYLE_FILL_AREA ( #4570 ) ;
#5873 = ORIENTED_EDGE ( 'NONE', *, *, #4999, .F. ) ;
#5874 = CARTESIAN_POINT ( 'NONE',  ( 0.1164466342541592564, 1.201000000000000068, -0.1731642232240074575 ) ) ;
#5875 = EDGE_CURVE ( 'NONE', #938, #4230, #7114, .T. ) ;
#5876 = DIRECTION ( 'NONE',  ( 0.000000000000000000, -1.000000000000000000, 0.000000000000000000 ) ) ;
#5877 = CARTESIAN_POINT ( 'NONE',  ( -0.005660559346620632273, 1.200000000000000178, -0.04162132413408473758 ) ) ;
#5878 = EDGE_LOOP ( 'NONE', ( #7783, #7798, #3429, #1775 ) ) ;
#5879 = CARTESIAN_POINT ( 'NONE',  ( 1.600000000000000311, -0.001000000000000024307, 1.100000000000001865 ) ) ;
#5880 = CARTESIAN_POINT ( 'NONE',  ( 0.07367247065651054416, 1.200000000000000178, 0.03022302203228560691 ) ) ;
#5881 = MANIFOLD_SOLID_BREP ( 'Boss-Extrude4[5]', #3365 ) ;
#5882 = STYLED_ITEM ( 'NONE', ( #3813 ), #3633 ) ;
#5883 = EDGE_LOOP ( 'NONE', ( #3006, #4979, #2638, #2972 ) ) ;
#5884 = VERTEX_POINT ( 'NONE', #2819 ) ;
#5885 = DIRECTION ( 'NONE',  ( -1.668003342285392290E-16, 0.000000000000000000, -1.000000000000000000 ) ) ;
#5886 = SURFACE_STYLE_FILL_AREA ( #5802 ) ;
#5887 =( NAMED_UNIT ( * ) SI_UNIT ( $, .STERADIAN. ) SOLID_ANGLE_UNIT ( ) );
#5888 =( NAMED_UNIT ( * ) PLANE_ANGLE_UNIT ( ) SI_UNIT ( $, .RADIAN. ) );
#5889 = VERTEX_POINT ( 'NONE', #4110 ) ;
#5890 = DIRECTION ( 'NONE',  ( 0.000000000000000000, -1.000000000000000000, 0.000000000000000000 ) ) ;
#5891 = CARTESIAN_POINT ( 'NONE',  ( 0.06975118922501870322, 1.201000000000000290, -0.02628953272017995821 ) ) ;
#5892 = STYLED_ITEM ( 'NONE', ( #2451 ), #8029 ) ;
#5893 = LINE ( 'NONE', #4698, #7254 ) ;
#5894 = LINE ( 'NONE', #5816, #234 ) ;
#5895 = CARTESIAN_POINT ( 'NONE',  ( -0.01731996391749867845, 1.200000000000000400, -0.06743716197679316959 ) ) ;
#5896 = EDGE_CURVE ( 'NONE', #7001, #1807, #7315, .T. ) ;
#5897 = PRESENTATION_STYLE_ASSIGNMENT (( #3403 ) ) ;
#5898 =( GEOMETRIC_REPRESENTATION_CONTEXT ( 3 ) GLOBAL_UNCERTAINTY_ASSIGNED_CONTEXT ( ( #3164 ) ) GLOBAL_UNIT_ASSIGNED_CONTEXT ( ( #5986, #7348, #4667 ) ) REPRESENTATION_CONTEXT ( 'NONE', 'WORKASPACE' ) );
#5899 = COLOUR_RGB ( '',0.2509803921568627416, 0.2509803921568627416, 0.2509803921568627416 ) ;
#5900 = CARTESIAN_POINT ( 'NONE',  ( 0.2505259276868462281, 1.200000000000000178, 0.01037709011405613981 ) ) ;
#5901 = STYLED_ITEM ( 'NONE', ( #3524 ), #6104 ) ;
#5902 = CARTESIAN_POINT ( 'NONE',  ( 0.2399234941049204484, 1.201000000000000068, 0.04477243441258608320 ) ) ;
#5903 = EDGE_CURVE ( 'NONE', #4495, #4982, #6987, .T. ) ;
#5904 = SURFACE_STYLE_USAGE ( .BOTH. , #4795 ) ;
#5905 = CARTESIAN_POINT ( 'NONE',  ( -1.350000000000000089, 1.050000000000000044, 1.149999999999997913 ) ) ;
#5906 = CARTESIAN_POINT ( 'NONE',  ( 0.6000000000000003109, 0.2999999999999999889, 0.5000000000000005551 ) ) ;
#5907 = VECTOR ( 'NONE', #5431, 1000.000000000000000 ) ;
#5908 = DIRECTION ( 'NONE',  ( 0.000000000000000000, -1.000000000000000000, 0.000000000000000000 ) ) ;
#5909 = ORIENTED_EDGE ( 'NONE', *, *, #129, .T. ) ;
#5910 = CARTESIAN_POINT ( 'NONE',  ( -1.500000000000000000, 0.8000000000000000444, -0.3750000000000000000 ) ) ;
#5911 = LINE ( 'NONE', #423, #5454 ) ;
#5912 = VERTEX_POINT ( 'NONE', #4151 ) ;
#5913 =( GEOMETRIC_REPRESENTATION_CONTEXT ( 3 ) GLOBAL_UNCERTAINTY_ASSIGNED_CONTEXT ( ( #3233 ) ) GLOBAL_UNIT_ASSIGNED_CONTEXT ( ( #834, #6379, #5086 ) ) REPRESENTATION_CONTEXT ( 'NONE', 'WORKASPACE' ) );
#5914 = AXIS2_PLACEMENT_3D ( 'NONE', #6466, #838, #3329 ) ;
#5915 =( NAMED_UNIT ( * ) SI_UNIT ( $, .STERADIAN. ) SOLID_ANGLE_UNIT ( ) );
#5916 = ORIENTED_EDGE ( 'NONE', *, *, #7885, .F. ) ;
#5917 = DIRECTION ( 'NONE',  ( 0.000000000000000000, 1.000000000000000000, 0.000000000000000000 ) ) ;
#5918 = VECTOR ( 'NONE', #1389, 1000.000000000000000 ) ;
#5919 =( NAMED_UNIT ( * ) PLANE_ANGLE_UNIT ( ) SI_UNIT ( $, .RADIAN. ) );
#5920 = DIRECTION ( 'NONE',  ( -0.000000000000000000, 1.000000000000000000, -0.000000000000000000 ) ) ;
#5921 = CARTESIAN_POINT ( 'NONE',  ( 0.07103187562132590172, 1.200000000000000400, 0.03756364491813855150 ) ) ;
#5922 = COLOUR_RGB ( '',0.2509803921568627416, 0.2509803921568627416, 0.2509803921568627416 ) ;
#5923 = ORIENTED_EDGE ( 'NONE', *, *, #8091, .F. ) ;
#5924 = EDGE_LOOP ( 'NONE', ( #1832, #1303, #819, #7384 ) ) ;
#5925 = B_SPLINE_CURVE_WITH_KNOTS ( 'NONE', 3,
 ( #3534, #4197, #7278, #6616, #7780, #6657, #960, #5352, #263, #305, #4710, #1602, #3578, #3490, #7233 ),
 .UNSPECIFIED., .F., .F.,
 ( 4, 1, 1, 1, 1, 1, 1, 1, 1, 1, 1, 1, 4 ),
 ( 0.000000000000000000, 0.09205398927685794208, 0.1810079047848992539, 0.2691300759875086546, 0.3571374727068740151, 0.4435490135848204618, 0.5264334456319729183, 0.6074529357589963929, 0.6883846385144206659, 0.7678538499318542376, 0.8455305897600622345, 0.9225294439554587722, 0.9999999999999998890 ),
 .UNSPECIFIED. ) ;
#5926 = CARTESIAN_POINT ( 'NONE',  ( 1.500000000000000222, 0.8000000000000430100, -0.3891067359793604075 ) ) ;
#5927 = SURFACE_STYLE_USAGE ( .BOTH. , #4689 ) ;
#5928 =( NAMED_UNIT ( * ) SI_UNIT ( $, .STERADIAN. ) SOLID_ANGLE_UNIT ( ) );
#5929 = VECTOR ( 'NONE', #4257, 1000.000000000000000 ) ;
#5930 = VECTOR ( 'NONE', #3577, 1000.000000000000000 ) ;
#5931 = CARTESIAN_POINT ( 'NONE',  ( -1.349999999999998312, 0.2999999999999999889, 1.150000000000000355 ) ) ;
#5932 = CARTESIAN_POINT ( 'NONE',  ( 0.07693403910191567996, 1.201000000000000068, 0.006391710475641142024 ) ) ;
#5933 = DIRECTION ( 'NONE',  ( 0.000000000000000000, 0.000000000000000000, 1.000000000000000000 ) ) ;
#5934 = VERTEX_POINT ( 'NONE', #6654 ) ;
#5935 = DIRECTION ( 'NONE',  ( -0.000000000000000000, -1.000000000000000000, -0.000000000000000000 ) ) ;
#5936 = EDGE_CURVE ( 'NONE', #2062, #5512, #1043, .T. ) ;
#5937 = EDGE_CURVE ( 'NONE', #1278, #6784, #3779, .T. ) ;
#5938 = AXIS2_PLACEMENT_3D ( 'NONE', #7028, #85, #3276 ) ;
#5939 = CARTESIAN_POINT ( 'NONE',  ( -0.07831490811569494226, 1.200000000000000178, -0.1288336409919699221 ) ) ;
#5940 = DIRECTION ( 'NONE',  ( -0.000000000000000000, -1.000000000000000000, -0.000000000000000000 ) ) ;
#5941 = CARTESIAN_POINT ( 'NONE',  ( 0.02719033160128839915, 1.200000000000000178, -0.08934399460011126226 ) ) ;
#5942 = STYLED_ITEM ( 'NONE', ( #4053 ), #2913 ) ;
#5943 = CARTESIAN_POINT ( 'NONE',  ( -0.4762422930294945012, 1.201000000000000068, -0.03157742392846793478 ) ) ;
#5944 = CARTESIAN_POINT ( 'NONE',  ( -1.599999999999998979, 0.8000000000000000444, -1.249999999999997780 ) ) ;
#5945 = VECTOR ( 'NONE', #8099, 1000.000000000000000 ) ;
#5946 =( NAMED_UNIT ( * ) SI_UNIT ( $, .STERADIAN. ) SOLID_ANGLE_UNIT ( ) );
#5947 = COLOUR_RGB ( '',1.000000000000000000, 0.8078431372549019773, 0.4980392156862745168 ) ;
#5948 =( GEOMETRIC_REPRESENTATION_CONTEXT ( 3 ) GLOBAL_UNCERTAINTY_ASSIGNED_CONTEXT ( ( #1811 ) ) GLOBAL_UNIT_ASSIGNED_CONTEXT ( ( #6506, #7657, #886 ) ) REPRESENTATION_CONTEXT ( 'NONE', 'WORKASPACE' ) );
#5949 = DIRECTION ( 'NONE',  ( 0.000000000000000000, -0.000000000000000000, 1.000000000000000000 ) ) ;
#5950 =( LENGTH_UNIT ( ) NAMED_UNIT ( * ) SI_UNIT ( .MILLI., .METRE. ) );
#5951 =( GEOMETRIC_REPRESENTATION_CONTEXT ( 3 ) GLOBAL_UNCERTAINTY_ASSIGNED_CONTEXT ( ( #2501 ) ) GLOBAL_UNIT_ASSIGNED_CONTEXT ( ( #3855, #7725, #6322 ) ) REPRESENTATION_CONTEXT ( 'NONE', 'WORKASPACE' ) );
#5952 = CARTESIAN_POINT ( 'NONE',  ( -1.500000000000000000, 0.8003859271142341747, -0.3711215614987784517 ) ) ;
#5953 = CARTESIAN_POINT ( 'NONE',  ( -0.5999999999999997558, 0.2999999999999999889, -0.4999999999999995559 ) ) ;
#5954 =( NAMED_UNIT ( * ) PLANE_ANGLE_UNIT ( ) SI_UNIT ( $, .RADIAN. ) );
#5955 = FACE_OUTER_BOUND ( 'NONE', #1541, .T. ) ;
#5956 = DIRECTION ( 'NONE',  ( 0.000000000000000000, -1.000000000000000000, 0.000000000000000000 ) ) ;
#5957 = EDGE_CURVE ( 'NONE', #1872, #5287, #3618, .T. ) ;
#5958 = ORIENTED_EDGE ( 'NONE', *, *, #6118, .T. ) ;
#5959 = ORIENTED_EDGE ( 'NONE', *, *, #1508, .T. ) ;
#5960 = CARTESIAN_POINT ( 'NONE',  ( 0.01404580305917231021, 1.200000000000000400, -0.1376967576529826986 ) ) ;
#5961 = VECTOR ( 'NONE', #2309, 1000.000000000000000 ) ;
#5962 = PLANE ( 'NONE',  #5733 ) ;
#5963 = DIRECTION ( 'NONE',  ( -1.000000000000000000, -0.000000000000000000, 2.891205793294682764E-16 ) ) ;
#5964 = DIRECTION ( 'NONE',  ( 0.000000000000000000, 0.000000000000000000, -1.000000000000000000 ) ) ;
#5965 = EDGE_CURVE ( 'NONE', #2729, #6485, #5655, .T. ) ;
#5966 = ORIENTED_EDGE ( 'NONE', *, *, #398, .T. ) ;
#5967 = ORIENTED_EDGE ( 'NONE', *, *, #7641, .F. ) ;
#5968 = PRESENTATION_STYLE_ASSIGNMENT (( #7874 ) ) ;
#5969 = CARTESIAN_POINT ( 'NONE',  ( 0.6136467899198910780, 1.200000000000000178, 0.08366764526557586568 ) ) ;
#5970 = CARTESIAN_POINT ( 'NONE',  ( 0.02998021986333426411, 1.200000000000000178, -0.09749136798716036278 ) ) ;
#5971 = DIRECTION ( 'NONE',  ( 0.000000000000000000, -1.000000000000000000, 0.000000000000000000 ) ) ;
#5972 = CARTESIAN_POINT ( 'NONE',  ( -0.08288918689777971527, 1.201000000000000290, 0.03690018652823368744 ) ) ;
#5973 = CARTESIAN_POINT ( 'NONE',  ( 0.2410450370220751926, 1.199999999999999956, 0.04096214426229461553 ) ) ;
#5974 = ORIENTED_EDGE ( 'NONE', *, *, #5492, .F. ) ;
#5975 = UNCERTAINTY_MEASURE_WITH_UNIT (LENGTH_MEASURE( 1.000000000000000082E-05 ), #6277, 'distance_accuracy_value', 'NONE');
#5976 = CARTESIAN_POINT ( 'NONE',  ( -0.1140435041339282612, 1.201000000000000068, -0.1435297768598247370 ) ) ;
#5977 = PRESENTATION_STYLE_ASSIGNMENT (( #4660 ) ) ;
#5978 = VECTOR ( 'NONE', #7773, 1000.000000000000000 ) ;
#5979 = CARTESIAN_POINT ( 'NONE',  ( 0.5774269110303344998, 1.201000000000000068, -0.1731642232240074575 ) ) ;
#5980 = CARTESIAN_POINT ( 'NONE',  ( 1.600000000000000533, 0.2999999999999999889, -1.100000000000001199 ) ) ;
#5981 = EDGE_CURVE ( 'NONE', #3760, #7943, #5485, .T. ) ;
#5982 = FACE_OUTER_BOUND ( 'NONE', #2910, .T. ) ;
#5983 = CARTESIAN_POINT ( 'NONE',  ( -1.349999999999998312, 0.2999999999999999889, 1.150000000000000355 ) ) ;
#5984 = COLOUR_RGB ( '',1.000000000000000000, 0.8078431372549019773, 0.4980392156862745168 ) ;
#5985 =( BOUNDED_SURFACE ( )  B_SPLINE_SURFACE ( 3, 2, ( 
 ( #1090, #2862, #7901 ),
 ( #6748, #6086, #1604 ),
 ( #1133, #4156, #6037 ),
 ( #3493, #5910, #2251 ) ),
 .UNSPECIFIED., .F., .F., .F. ) 
 B_SPLINE_SURFACE_WITH_KNOTS ( ( 4, 4 ),
 ( 3, 3 ),
 ( 6.229318274638295889E-06, 2.060875624950091152E-05 ),
 ( 0.000000000000000000, 1.000000000000000000 ),
 .UNSPECIFIED. ) 
 GEOMETRIC_REPRESENTATION_ITEM ( )  RATIONAL_B_SPLINE_SURFACE ( (
 ( 1.000000000000000000, 0.7071067811865475727, 1.000000000000000000),
 ( 1.000000000000000000, 0.9301851594713752558, 1.000000000000000000),
 ( 1.000000000000000000, 0.9946573295205585197, 1.000000000000000000),
 ( 1.000000000000000000, 1.000000000000000000, 1.000000000000000000) ) ) 
 REPRESENTATION_ITEM ( '' )  SURFACE ( )  );
#5986 =( LENGTH_UNIT ( ) NAMED_UNIT ( * ) SI_UNIT ( .MILLI., .METRE. ) );
#5987 = FACE_OUTER_BOUND ( 'NONE', #4537, .T. ) ;
#5988 = UNCERTAINTY_MEASURE_WITH_UNIT (LENGTH_MEASURE( 1.000000000000000082E-05 ), #2584, 'distance_accuracy_value', 'NONE');
#5989 = COLOUR_RGB ( '',1.000000000000000000, 0.8078431372549019773, 0.4980392156862745168 ) ;
#5990 = CARTESIAN_POINT ( 'NONE',  ( -0.03101879420312738875, 1.201000000000000068, 0.08428989163595676515 ) ) ;
#5991 = DIRECTION ( 'NONE',  ( -6.505213034913020293E-15, 0.000000000000000000, 1.000000000000000000 ) ) ;
#5992 = MANIFOLD_SOLID_BREP ( 'Boss-Extrude6[3]', #5188 ) ;
#5993 = FACE_OUTER_BOUND ( 'NONE', #1194, .T. ) ;
#5994 = CARTESIAN_POINT ( 'NONE',  ( 0.4523036930482297602, 1.200000000000000178, -0.1079787309611264234 ) ) ;
#5995 = SURFACE_STYLE_USAGE ( .BOTH. , #6085 ) ;
#5996 = SURFACE_SIDE_STYLE ('',( #5321 ) ) ;
#5997 =( LENGTH_UNIT ( ) NAMED_UNIT ( * ) SI_UNIT ( .MILLI., .METRE. ) );
#5998 = VERTEX_POINT ( 'NONE', #1847 ) ;
#5999 = VERTEX_POINT ( 'NONE', #6741 ) ;
#6000 = CARTESIAN_POINT ( 'NONE',  ( -0.007801955970669150267, 1.200000000000000844, 0.08696036152826282228 ) ) ;
#6001 = CARTESIAN_POINT ( 'NONE',  ( 0.01083870705432462243, 1.201000000000000068, -0.1395532983664406479 ) ) ;
#6002 = EDGE_CURVE ( 'NONE', #7943, #3638, #1890, .T. ) ;
#6003 = DIRECTION ( 'NONE',  ( 0.000000000000000000, 0.000000000000000000, 1.000000000000000000 ) ) ;
#6004 = PRESENTATION_STYLE_ASSIGNMENT (( #3504 ) ) ;
#6005 = AXIS2_PLACEMENT_3D ( 'NONE', #2505, #5013, #4289 ) ;
#6006 = FILL_AREA_STYLE_COLOUR ( '', #1502 ) ;
#6007 = PLANE ( 'NONE',  #300 ) ;
#6008 = ORIENTED_EDGE ( 'NONE', *, *, #4535, .F. ) ;
#6009 = ORIENTED_EDGE ( 'NONE', *, *, #2739, .F. ) ;
#6010 = ORIENTED_EDGE ( 'NONE', *, *, #5057, .F. ) ;
#6011 = DIRECTION ( 'NONE',  ( -1.000000000000000000, 0.000000000000000000, 0.000000000000000000 ) ) ;
#6012 = EDGE_LOOP ( 'NONE', ( #7351, #1356, #3594, #2393 ) ) ;
#6013 = EDGE_CURVE ( 'NONE', #6369, #2070, #4276, .T. ) ;
#6014 = FILL_AREA_STYLE_COLOUR ( '', #5147 ) ;
#6015 = DIRECTION ( 'NONE',  ( -0.7071067811865467956, 0.000000000000000000, 0.7071067811865483499 ) ) ;
#6016 = FACE_OUTER_BOUND ( 'NONE', #5242, .T. ) ;
#6017 = EDGE_LOOP ( 'NONE', ( #5870, #6243, #3065, #4374 ) ) ;
#6018 = CARTESIAN_POINT ( 'NONE',  ( -1.099999999999998979, 1.201000000000000068, 0.7375000000000020428 ) ) ;
#6019 = B_SPLINE_CURVE_WITH_KNOTS ( 'NONE', 3,
 ( #832, #5038, #5770, #6945, #7560, #1961, #7690, #5730, #1323, #2046, #5114, #754, #4475, #170, #3819, #6328, #7645, #7108, #5693 ),
 .UNSPECIFIED., .F., .F.,
 ( 4, 1, 1, 1, 1, 1, 1, 1, 1, 1, 1, 1, 1, 1, 1, 1, 4 ),
 ( 0.000000000000000000, 0.06779439940133691334, 0.1334641369291915958, 0.1969337335573705106, 0.2584806216111271149, 0.3197865376803742943, 0.3804313677831003826, 0.4409901724489918018, 0.5028674288973122852, 0.5648063393097807472, 0.6255263416925381792, 0.6856036068581818910, 0.7460408460006123788, 0.8073467620698592251, 0.8697170363588135888, 0.9337895409055553264, 1.000000000000000000 ),
 .UNSPECIFIED. ) ;
#6020 = B_SPLINE_CURVE_WITH_KNOTS ( 'NONE', 3,
 ( #5075, #2041, #664, #4549, #4990, #3811, #81, #2566, #3932, #36, #5644 ),
 .UNSPECIFIED., .F., .F.,
 ( 4, 1, 1, 1, 1, 1, 1, 1, 4 ),
 ( 0.000000000000000000, 0.08920477023324596688, 0.1898334556643490045, 0.2992325919749814767, 0.4192609378429068001, 0.5492073901909388933, 0.6890743636843491560, 0.8395791979483189227, 1.000000000000000000 ),
 .UNSPECIFIED. ) ;
#6021 = SURFACE_STYLE_FILL_AREA ( #6857 ) ;
#6022 = CARTESIAN_POINT ( 'NONE',  ( -0.5999999999999995337, 0.000000000000000000, 1.150000000000000355 ) ) ;
#6023 = DIRECTION ( 'NONE',  ( -0.000000000000000000, -1.000000000000000000, -0.000000000000000000 ) ) ;
#6024 = CARTESIAN_POINT ( 'NONE',  ( -1.499999999999999556, 0.2999999999999999889, 1.000000000000001998 ) ) ;
#6025 = LINE ( 'NONE', #2162, #1317 ) ;
#6026 = CARTESIAN_POINT ( 'NONE',  ( 0.06365397542848701129, 1.200000000000000622, -0.1106964433091985750 ) ) ;
#6027 = EDGE_CURVE ( 'NONE', #3507, #2897, #6721, .T. ) ;
#6028 = VECTOR ( 'NONE', #1160, 1000.000000000000000 ) ;
#6029 = ORIENTED_EDGE ( 'NONE', *, *, #6207, .F. ) ;
#6030 = B_SPLINE_CURVE_WITH_KNOTS ( 'NONE', 3,
 ( #6303, #8076, #1261, #3129, #1900, #6919, #2435, #5669, #4328, #6836, #3716 ),
 .UNSPECIFIED., .F., .F.,
 ( 4, 1, 1, 1, 1, 1, 1, 1, 4 ),
 ( 0.000000000000000000, 0.1625255217041872979, 0.3143148980392372338, 0.4549784905465751872, 0.5845192373661998175, 0.7045671033090731283, 0.8134949897289289744, 0.9116812596826070481, 1.000000000000000000 ),
 .UNSPECIFIED. ) ;
#6031 = DIRECTION ( 'NONE',  ( -3.469446951953614189E-16, 0.000000000000000000, 1.000000000000000000 ) ) ;
#6032 = VECTOR ( 'NONE', #1253, 1000.000000000000000 ) ;
#6033 = CARTESIAN_POINT ( 'NONE',  ( -1.500000000000000000, 0.8009999999999869447, -0.3630377122559635961 ) ) ;
#6034 = FACE_OUTER_BOUND ( 'NONE', #3926, .T. ) ;
#6035 = CARTESIAN_POINT ( 'NONE',  ( -0.08508746390201030185, 1.200999999999999845, 0.02976147448647631019 ) ) ;
#6036 = PRESENTATION_STYLE_ASSIGNMENT (( #5320 ) ) ;
#6037 = CARTESIAN_POINT ( 'NONE',  ( -1.500000000000000000, 0.8000000000593897598, -0.3798065226655149562 ) ) ;
#6038 = FACE_OUTER_BOUND ( 'NONE', #3346, .T. ) ;
#6039 = EDGE_CURVE ( 'NONE', #3252, #5635, #1170, .T. ) ;
#6040 = ORIENTED_EDGE ( 'NONE', *, *, #7131, .T. ) ;
#6041 = EDGE_LOOP ( 'NONE', ( #4262, #138, #6809, #736 ) ) ;
#6042 = CARTESIAN_POINT ( 'NONE',  ( 0.001093908632315699790, 1.200000000000000844, 0.08676069169970106187 ) ) ;
#6043 = VECTOR ( 'NONE', #5665, 1000.000000000000000 ) ;
#6044 = FILL_AREA_STYLE_COLOUR ( '', #3426 ) ;
#6045 = DIRECTION ( 'NONE',  ( 1.000000000000000000, 0.000000000000000000, -6.195440985631457289E-16 ) ) ;
#6046 = CARTESIAN_POINT ( 'NONE',  ( -1.500000000000000000, 0.8010000000000000453, -0.9999999999999985567 ) ) ;
#6047 = SURFACE_STYLE_USAGE ( .BOTH. , #5367 ) ;
#6048 = MANIFOLD_SOLID_BREP ( 'Boss-Extrude4[2]', #2306 ) ;
#6049 = ORIENTED_EDGE ( 'NONE', *, *, #613, .T. ) ;
#6050 = AXIS2_PLACEMENT_3D ( 'NONE', #1856, #6296, #5539 ) ;
#6051 = ORIENTED_EDGE ( 'NONE', *, *, #2813, .T. ) ;
#6052 = EDGE_LOOP ( 'NONE', ( #7467, #4575, #5295, #4292, #3016, #7905, #6939, #242 ) ) ;
#6053 = CARTESIAN_POINT ( 'NONE',  ( -1.500000000000000444, 0.8004787574420624274, 0.3797514664209040158 ) ) ;
#6054 = AXIS2_PLACEMENT_3D ( 'NONE', #3306, #241, #4543 ) ;
#6055 = ORIENTED_EDGE ( 'NONE', *, *, #7980, .F. ) ;
#6056 = VECTOR ( 'NONE', #5774, 1000.000000000000000 ) ;
#6057 = STYLED_ITEM ( 'NONE', ( #254 ), #6082 ) ;
#6058 = DIRECTION ( 'NONE',  ( -0.000000000000000000, -0.000000000000000000, -1.000000000000000000 ) ) ;
#6059 = FILL_AREA_STYLE ('',( #3553 ) ) ;
#6060 = ORIENTED_EDGE ( 'NONE', *, *, #5083, .F. ) ;
#6061 = DIRECTION ( 'NONE',  ( -0.000000000000000000, 1.000000000000000000, -0.000000000000000000 ) ) ;
#6062 = CARTESIAN_POINT ( 'NONE',  ( -1.599999999999999867, 0.000000000000000000, 1.250000000000002220 ) ) ;
#6063 = EDGE_CURVE ( 'NONE', #5181, #4054, #3658, .T. ) ;
#6064 = ORIENTED_EDGE ( 'NONE', *, *, #2016, .F. ) ;
#6065 = ADVANCED_FACE ( 'NONE', ( #217 ), #4591, .T. ) ;
#6066 = CARTESIAN_POINT ( 'NONE',  ( 0.6000000000000004219, 0.2999999999999999889, 1.150000000000000133 ) ) ;
#6067 = CARTESIAN_POINT ( 'NONE',  ( 1.349999999999999201, 0.2999999999999999889, 1.149999999999999911 ) ) ;
#6068 = STYLED_ITEM ( 'NONE', ( #5651 ), #6942 ) ;
#6069 = SURFACE_SIDE_STYLE ('',( #3564 ) ) ;
#6070 = CARTESIAN_POINT ( 'NONE',  ( 0.06175105590922467386, 1.200000000000000400, -0.09224736684362377925 ) ) ;
#6071 = ORIENTED_EDGE ( 'NONE', *, *, #7032, .T. ) ;
#6072 = CARTESIAN_POINT ( 'NONE',  ( -1.449999999999999956, 0.2999999999999999889, 1.250000000000002220 ) ) ;
#6073 = SURFACE_SIDE_STYLE ('',( #296 ) ) ;
#6074 = AXIS2_PLACEMENT_3D ( 'NONE', #41, #5151, #5815 ) ;
#6075 = EDGE_CURVE ( 'NONE', #1532, #3684, #5154, .T. ) ;
#6076 = AXIS2_PLACEMENT_3D ( 'NONE', #6978, #3142, #4427 ) ;
#6077 = CARTESIAN_POINT ( 'NONE',  ( -0.8999999999999995781, 0.2999999999999999889, 0.5000000000000006661 ) ) ;
#6078 = ORIENTED_EDGE ( 'NONE', *, *, #4485, .T. ) ;
#6079 = ORIENTED_EDGE ( 'NONE', *, *, #2790, .F. ) ;
#6080 = CYLINDRICAL_SURFACE ( 'NONE', #326, 0.1499999999999999667 ) ;
#6081 = SURFACE_STYLE_USAGE ( .BOTH. , #5278 ) ;
#6082 = MANIFOLD_SOLID_BREP ( 'Boss-Extrude4[3]', #1661 ) ;
#6083 = CARTESIAN_POINT ( 'NONE',  ( -1.500000000000000000, 0.8001326668683496068, -0.3736799995580798450 ) ) ;
#6084 = CARTESIAN_POINT ( 'NONE',  ( 0.2365484545862332200, 1.200000000000000622, 0.03346463411717258418 ) ) ;
#6085 = SURFACE_SIDE_STYLE ('',( #4711 ) ) ;
#6086 = CARTESIAN_POINT ( 'NONE',  ( -1.499999999999999778, 0.8004856007391014661, -0.3856010714158777941 ) ) ;
#6087 = FILL_AREA_STYLE ('',( #7942 ) ) ;
#6088 = ORIENTED_EDGE ( 'NONE', *, *, #6253, .F. ) ;
#6089 = AXIS2_PLACEMENT_3D ( 'NONE', #1500, #5920, #2720 ) ;
#6090 = CARTESIAN_POINT ( 'NONE',  ( 0.07367247065651054416, 1.201000000000000068, 0.03022302203228560691 ) ) ;
#6091 = ADVANCED_FACE ( 'NONE', ( #4556 ), #6199, .T. ) ;
#6092 = SURFACE_SIDE_STYLE ('',( #1691 ) ) ;
#6093 = EDGE_CURVE ( 'NONE', #1162, #1606, #2753, .T. ) ;
#6094 = CARTESIAN_POINT ( 'NONE',  ( -1.600000000000000089, 0.000000000000000000, -1.100000000000000977 ) ) ;
#6095 = CARTESIAN_POINT ( 'NONE',  ( -0.004149098866750781760, 1.201000000000000068, -0.04166136748294676367 ) ) ;
#6096 = DIRECTION ( 'NONE',  ( 0.000000000000000000, 0.000000000000000000, -1.000000000000000000 ) ) ;
#6097 = COLOUR_RGB ( '',1.000000000000000000, 1.000000000000000000, 1.000000000000000000 ) ;
#6098 = ORIENTED_EDGE ( 'NONE', *, *, #1171, .T. ) ;
#6099 = VERTEX_POINT ( 'NONE', #5856 ) ;
#6100 = VERTEX_POINT ( 'NONE', #5771 ) ;
#6101 = DIRECTION ( 'NONE',  ( 0.000000000000000000, 0.000000000000000000, -1.000000000000000000 ) ) ;
#6102 = EDGE_LOOP ( 'NONE', ( #6546, #2032, #2311, #608 ) ) ;
#6103 = PRESENTATION_LAYER_ASSIGNMENT (  '', '', ( #1514 ) ) ;
#6104 = ADVANCED_FACE ( 'NONE', ( #5229 ), #7647, .T. ) ;
#6105 = CARTESIAN_POINT ( 'NONE',  ( 0.3634003539556817652, 1.201000000000000068, 0.08366764526557586568 ) ) ;
#6106 =( NAMED_UNIT ( * ) SI_UNIT ( $, .STERADIAN. ) SOLID_ANGLE_UNIT ( ) );
#6107 = ORIENTED_EDGE ( 'NONE', *, *, #7812, .F. ) ;
#6108 = CARTESIAN_POINT ( 'NONE',  ( 0.02701080828233819175, 1.200000000000000178, -0.03137519368045488255 ) ) ;
#6109 = DIRECTION ( 'NONE',  ( 0.7071067811865467956, 0.000000000000000000, 0.7071067811865483499 ) ) ;
#6110 = ORIENTED_EDGE ( 'NONE', *, *, #641, .F. ) ;
#6111 = STYLED_ITEM ( 'NONE', ( #3761 ), #3865 ) ;
#6112 = LINE ( 'NONE', #2978, #7524 ) ;
#6113 = DIRECTION ( 'NONE',  ( 0.000000000000000000, -1.000000000000000000, 0.000000000000000000 ) ) ;
#6114 = DIRECTION ( 'NONE',  ( 1.000000000000000000, 0.000000000000000000, 0.000000000000000000 ) ) ;
#6115 = FACE_OUTER_BOUND ( 'NONE', #7969, .T. ) ;
#6116 = ADVANCED_FACE ( 'NONE', ( #6689 ), #4061, .F. ) ;
#6117 = ORIENTED_EDGE ( 'NONE', *, *, #7180, .T. ) ;
#6118 = EDGE_CURVE ( 'NONE', #5022, #4948, #7834, .T. ) ;
#6119 = CARTESIAN_POINT ( 'NONE',  ( 1.500000000000000444, 0.2999999999999999889, 1.000000000000001554 ) ) ;
#6120 = FACE_OUTER_BOUND ( 'NONE', #4823, .T. ) ;
#6121 = LINE ( 'NONE', #4192, #2907 ) ;
#6122 = ORIENTED_EDGE ( 'NONE', *, *, #8009, .T. ) ;
#6123 = EDGE_LOOP ( 'NONE', ( #5102, #3428, #3888, #2708, #6712, #859, #6800, #7103, #8079, #7420, #6470, #82, #1299, #5103, #5958, #3609, #789 ) ) ;
#6124 = CARTESIAN_POINT ( 'NONE',  ( -0.3609972238354506868, 1.201000000000000068, -0.03157742392846793478 ) ) ;
#6125 = AXIS2_PLACEMENT_3D ( 'NONE', #5558, #5678, #5716 ) ;
#6126 = DIRECTION ( 'NONE',  ( 0.000000000000000000, -1.000000000000000000, 0.000000000000000000 ) ) ;
#6127 = EDGE_CURVE ( 'NONE', #495, #6357, #2901, .T. ) ;
#6128 = CARTESIAN_POINT ( 'NONE',  ( 1.600000000000000533, 0.2999999999999999889, -1.250000000000001332 ) ) ;
#6129 = CARTESIAN_POINT ( 'NONE',  ( 0.2302014190377578984, 1.199999999999999956, 0.01305057443770205571 ) ) ;
#6130 = CARTESIAN_POINT ( 'NONE',  ( -0.02802613820359006053, 1.201000000000000068, 0.05318821105567674706 ) ) ;
#6131 = FILL_AREA_STYLE ('',( #8069 ) ) ;
#6132 = VECTOR ( 'NONE', #5498, 1000.000000000000000 ) ;
#6133 = EDGE_LOOP ( 'NONE', ( #1062, #4602, #7145, #2395 ) ) ;
#6134 = CARTESIAN_POINT ( 'NONE',  ( 0.07687137008957654893, 1.200000000000000844, 0.009156795859033162871 ) ) ;
#6135 = AXIS2_PLACEMENT_3D ( 'NONE', #3002, #6182, #562 ) ;
#6136 = DIRECTION ( 'NONE',  ( 1.000000000000000000, 3.077218299541383358E-11, 0.000000000000000000 ) ) ;
#6137 = DIRECTION ( 'NONE',  ( 0.000000000000000000, 0.000000000000000000, -1.000000000000000000 ) ) ;
#6138 = LINE ( 'NONE', #6626, #3773 ) ;
#6139 = DIRECTION ( 'NONE',  ( 0.000000000000000000, 0.000000000000000000, 1.000000000000000000 ) ) ;
#6140 = EDGE_CURVE ( 'NONE', #2729, #7333, #6608, .T. ) ;
#6141 = ORIENTED_EDGE ( 'NONE', *, *, #5173, .T. ) ;
#6142 = ORIENTED_EDGE ( 'NONE', *, *, #3583, .T. ) ;
#6143 = ORIENTED_EDGE ( 'NONE', *, *, #2961, .F. ) ;
#6144 = DIRECTION ( 'NONE',  ( -0.000000000000000000, 1.000000000000000000, -0.000000000000000000 ) ) ;
#6145 = ORIENTED_EDGE ( 'NONE', *, *, #4578, .T. ) ;
#6146 = VECTOR ( 'NONE', #5497, 1000.000000000000114 ) ;
#6147 = CARTESIAN_POINT ( 'NONE',  ( 0.4543616407124090317, 1.200000000000000178, -0.1731642232240074575 ) ) ;
#6148 = SURFACE_STYLE_USAGE ( .BOTH. , #5423 ) ;
#6149 = LINE ( 'NONE', #2310, #95 ) ;
#6150 = ORIENTED_EDGE ( 'NONE', *, *, #5025, .T. ) ;
#6151 = DIRECTION ( 'NONE',  ( -1.000000000000000000, 0.000000000000000000, 0.000000000000000000 ) ) ;
#6152 = LINE ( 'NONE', #6062, #550 ) ;
#6153 = VERTEX_POINT ( 'NONE', #1077 ) ;
#6154 = EDGE_LOOP ( 'NONE', ( #4509, #1827, #2600 ) ) ;
#6155 = CARTESIAN_POINT ( 'NONE',  ( -1.500000000000000000, 0.8004787574420794138, -0.3702485335791007026 ) ) ;
#6156 = SURFACE_SIDE_STYLE ('',( #2411 ) ) ;
#6157 = LINE ( 'NONE', #7389, #5628 ) ;
#6158 = FILL_AREA_STYLE_COLOUR ( '', #945 ) ;
#6159 = ORIENTED_EDGE ( 'NONE', *, *, #1902, .F. ) ;
#6160 = DIRECTION ( 'NONE',  ( -0.7071067811865460184, 0.000000000000000000, -0.7071067811865490160 ) ) ;
#6161 = CARTESIAN_POINT ( 'NONE',  ( -1.349999999999998312, 0.000000000000000000, 1.150000000000000355 ) ) ;
#6162 = LINE ( 'NONE', #544, #4236 ) ;
#6163 = ORIENTED_EDGE ( 'NONE', *, *, #7439, .T. ) ;
#6164 = EDGE_CURVE ( 'NONE', #7996, #938, #3566, .T. ) ;
#6165 = ORIENTED_EDGE ( 'NONE', *, *, #3639, .F. ) ;
#6166 =( NAMED_UNIT ( * ) PLANE_ANGLE_UNIT ( ) SI_UNIT ( $, .RADIAN. ) );
#6167 = FILL_AREA_STYLE_COLOUR ( '', #5922 ) ;
#6168 = CARTESIAN_POINT ( 'NONE',  ( 1.500000000000000222, 0.8000000000000000444, 0.3749999999999996669 ) ) ;
#6169 = CARTESIAN_POINT ( 'NONE',  ( -0.008214946599979854741, 1.199999999999999956, 0.05730142588971614409 ) ) ;
#6170 = SURFACE_STYLE_USAGE ( .BOTH. , #8065 ) ;
#6171 = CARTESIAN_POINT ( 'NONE',  ( -1.350000000000000089, 1.200000000000000178, 1.149999999999997913 ) ) ;
#6172 = VECTOR ( 'NONE', #6456, 1000.000000000000000 ) ;
#6173 = SURFACE_STYLE_USAGE ( .BOTH. , #2497 ) ;
#6174 = VERTEX_POINT ( 'NONE', #456 ) ;
#6175 = EDGE_CURVE ( 'NONE', #6186, #1921, #1037, .T. ) ;
#6176 = EDGE_CURVE ( 'NONE', #2182, #2922, #3484, .T. ) ;
#6177 = COLOUR_RGB ( '',0.2509803921568627416, 0.2509803921568627416, 0.2509803921568627416 ) ;
#6178 = CARTESIAN_POINT ( 'NONE',  ( 1.500000000000000222, 0.8000660033871493937, 0.3743399669409693264 ) ) ;
#6179 = PRESENTATION_STYLE_ASSIGNMENT (( #3165 ) ) ;
#6180 = LINE ( 'NONE', #5011, #7676 ) ;
#6181 = FACE_OUTER_BOUND ( 'NONE', #6934, .T. ) ;
#6182 = DIRECTION ( 'NONE',  ( -0.000000000000000000, 1.000000000000000000, -0.000000000000000000 ) ) ;
#6183 = CYLINDRICAL_SURFACE ( 'NONE', #4605, 0.0009999999999999158867 ) ;
#6184 = CIRCLE ( 'NONE', #3686, 0.06250000000000027756 ) ;
#6185 =( GEOMETRIC_REPRESENTATION_CONTEXT ( 3 ) GLOBAL_UNCERTAINTY_ASSIGNED_CONTEXT ( ( #2394 ) ) GLOBAL_UNIT_ASSIGNED_CONTEXT ( ( #33, #2726, #5928 ) ) REPRESENTATION_CONTEXT ( 'NONE', 'WORKASPACE' ) );
#6186 = VERTEX_POINT ( 'NONE', #7191 ) ;
#6187 = ADVANCED_FACE ( 'NONE', ( #2895 ), #1553, .T. ) ;
#6188 = ORIENTED_EDGE ( 'NONE', *, *, #7323, .T. ) ;
#6189 = AXIS2_PLACEMENT_3D ( 'NONE', #5541, #8074, #2502 ) ;
#6190 = UNCERTAINTY_MEASURE_WITH_UNIT (LENGTH_MEASURE( 1.000000000000000082E-05 ), #3313, 'distance_accuracy_value', 'NONE');
#6191 = CARTESIAN_POINT ( 'NONE',  ( 0.1709307986633077092, 1.201000000000000068, -0.1731642232240074575 ) ) ;
#6192 = ORIENTED_EDGE ( 'NONE', *, *, #7226, .F. ) ;
#6193 = CARTESIAN_POINT ( 'NONE',  ( -1.500000000000000000, 0.8010000000000000453, 0.3891067359793581870 ) ) ;
#6194 = CARTESIAN_POINT ( 'NONE',  ( 0.009728560938623672522, 1.201000000000000068, 0.08567055296371647866 ) ) ;
#6195 = LINE ( 'NONE', #8117, #2569 ) ;
#6196 = VERTEX_POINT ( 'NONE', #5387 ) ;
#6197 = CARTESIAN_POINT ( 'NONE',  ( -0.02116231393831108365, 1.201000000000000068, -0.06769994855225296149 ) ) ;
#6198 = CIRCLE ( 'NONE', #7774, 0.1000000000000001027 ) ;
#6199 = B_SPLINE_SURFACE_WITH_KNOTS ( 'NONE', 3, 1, ( 
 ( #3323, #4439 ),
 ( #6330, #2734 ),
 ( #3241, #2008 ),
 ( #5082, #7109 ),
 ( #3981, #1962 ),
 ( #1441, #4476 ),
 ( #1363, #5818 ),
 ( #6498, #7730 ),
 ( #5192, #3862 ),
 ( #5731, #876 ),
 ( #3903, #3360 ) ),
 .UNSPECIFIED., .F., .F., .F.,
 ( 4, 1, 1, 1, 1, 1, 1, 1, 4 ),
 ( 2, 2 ),
 ( 0.000000000000000000, 0.1219512022493430964, 0.2407868053279238474, 0.3585498723707454261, 0.4790658414002762489, 0.6015185447735337254, 0.7275505189308972831, 0.8599320866628439308, 1.000000000000000000 ),
 ( 0.000000000000000000, 1.000000000000000000 ),
 .UNSPECIFIED. ) ;
#6200 = VERTEX_POINT ( 'NONE', #3401 ) ;
#6201 = EDGE_LOOP ( 'NONE', ( #5468, #7497, #7337, #4461 ) ) ;
#6202 = PRESENTATION_LAYER_ASSIGNMENT (  '', '', ( #5375 ) ) ;
#6203 = FILL_AREA_STYLE_COLOUR ( '', #1105 ) ;
#6204 = DIRECTION ( 'NONE',  ( 0.000000000000000000, -1.000000000000000000, 0.000000000000000000 ) ) ;
#6205 = VECTOR ( 'NONE', #5161, 1000.000000000000000 ) ;
#6206 = SURFACE_SIDE_STYLE ('',( #2452 ) ) ;
#6207 = EDGE_CURVE ( 'NONE', #6592, #5245, #3443, .T. ) ;
#6208 = STYLED_ITEM ( 'NONE', ( #1696 ), #2386 ) ;
#6209 = ORIENTED_EDGE ( 'NONE', *, *, #2313, .T. ) ;
#6210 = CARTESIAN_POINT ( 'NONE',  ( -1.500000000000000000, 0.8004856007391014661, 0.3643989285841231496 ) ) ;
#6211 = EDGE_CURVE ( 'NONE', #1606, #938, #4701, .T. ) ;
#6212 = SURFACE_STYLE_USAGE ( .BOTH. , #502 ) ;
#6213 = EDGE_CURVE ( 'NONE', #7917, #3796, #7266, .T. ) ;
#6214 = CARTESIAN_POINT ( 'NONE',  ( -1.350000000000000089, 1.050000000000000044, 1.149999999999997913 ) ) ;
#6215 = ORIENTED_EDGE ( 'NONE', *, *, #1567, .T. ) ;
#6216 = DIRECTION ( 'NONE',  ( 0.7071067811865483499, 0.000000000000000000, -0.7071067811865466846 ) ) ;
#6217 = SURFACE_STYLE_FILL_AREA ( #7522 ) ;
#6218 = CARTESIAN_POINT ( 'NONE',  ( 0.2336622094860409116, 1.199999999999999956, 0.02405101724558774551 ) ) ;
#6219 = PRESENTATION_LAYER_ASSIGNMENT (  '', '', ( #7652 ) ) ;
#6220 = PRESENTATION_STYLE_ASSIGNMENT (( #6170 ) ) ;
#6221 = AXIS2_PLACEMENT_3D ( 'NONE', #342, #3450, #1002 ) ;
#6222 = CARTESIAN_POINT ( 'NONE',  ( -0.02420182869166053602, 1.201000000000000068, 0.05466224965558783011 ) ) ;
#6223 = DIRECTION ( 'NONE',  ( -0.7071067811865475727, 0.000000000000000000, 0.7071067811865475727 ) ) ;
#6224 = STYLED_ITEM ( 'NONE', ( #7597 ), #6997 ) ;
#6225 = COLOUR_RGB ( '',1.000000000000000000, 0.8078431372549019773, 0.4980392156862745168 ) ;
#6226 = SURFACE_SIDE_STYLE ('',( #6298 ) ) ;
#6227 = CARTESIAN_POINT ( 'NONE',  ( -1.500000000000000000, 0.8010000000000000453, 0.9999999999999981126 ) ) ;
#6228 = DIRECTION ( 'NONE',  ( -0.000000000000000000, -1.000000000000000000, -0.000000000000000000 ) ) ;
#6229 = FACE_OUTER_BOUND ( 'NONE', #3017, .T. ) ;
#6230 = EDGE_CURVE ( 'NONE', #5144, #3878, #5604, .T. ) ;
#6231 = CARTESIAN_POINT ( 'NONE',  ( 1.500000000000000222, 0.8010000000000000453, 0.3608932640206464204 ) ) ;
#6232 = CIRCLE ( 'NONE', #2014, 0.1000000000000001027 ) ;
#6233 = ORIENTED_EDGE ( 'NONE', *, *, #6323, .T. ) ;
#6234 = VECTOR ( 'NONE', #5624, 1000.000000000000000 ) ;
#6235 = ORIENTED_EDGE ( 'NONE', *, *, #4601, .T. ) ;
#6236 = VECTOR ( 'NONE', #1089, 1000.000000000000000 ) ;
#6237 = EDGE_CURVE ( 'NONE', #2224, #6485, #6249, .T. ) ;
#6238 = CARTESIAN_POINT ( 'NONE',  ( -0.01133067553811372731, 1.201000000000000068, 0.05725362695643922140 ) ) ;
#6239 = CARTESIAN_POINT ( 'NONE',  ( 0.03057094880999404116, 1.201000000000000068, -0.05647597110780924051 ) ) ;
#6240 = ORIENTED_EDGE ( 'NONE', *, *, #2044, .F. ) ;
#6241 = CARTESIAN_POINT ( 'NONE',  ( 0.005858284295576251036, 1.200000000000000178, -0.04092653308088153169 ) ) ;
#6242 = PRESENTATION_STYLE_ASSIGNMENT (( #4382 ) ) ;
#6243 = ORIENTED_EDGE ( 'NONE', *, *, #7063, .F. ) ;
#6244 = ORIENTED_EDGE ( 'NONE', *, *, #459, .F. ) ;
#6245 = DIRECTION ( 'NONE',  ( 0.7071067811865473507, -0.000000000000000000, 0.7071067811865477948 ) ) ;
#6246 = AXIS2_PLACEMENT_3D ( 'NONE', #3262, #2681, #853 ) ;
#6247 = FILL_AREA_STYLE_COLOUR ( '', #5673 ) ;
#6248 = SURFACE_SIDE_STYLE ('',( #5475 ) ) ;
#6249 = LINE ( 'NONE', #775, #7119 ) ;
#6250 = ORIENTED_EDGE ( 'NONE', *, *, #5600, .T. ) ;
#6251 = CARTESIAN_POINT ( 'NONE',  ( -1.500340844438840193, 0.8000000000000000444, 0.3655184630304425530 ) ) ;
#6252 = CARTESIAN_POINT ( 'NONE',  ( 1.500000000000000444, 0.000000000000000000, 0.5000000000000003331 ) ) ;
#6253 = EDGE_CURVE ( 'NONE', #1707, #4227, #7435, .T. ) ;
#6254 = CARTESIAN_POINT ( 'NONE',  ( -0.006618636063766012226, 1.200000000000000622, 0.05732591516408013649 ) ) ;
#6255 = EDGE_CURVE ( 'NONE', #7918, #5414, #3691, .T. ) ;
#6256 = CARTESIAN_POINT ( 'NONE',  ( 0.2289794121566518237, 1.199999999999999956, 0.009102175988219753100 ) ) ;
#6257 = SURFACE_STYLE_USAGE ( .BOTH. , #5577 ) ;
#6258 =( LENGTH_UNIT ( ) NAMED_UNIT ( * ) SI_UNIT ( .MILLI., .METRE. ) );
#6259 = FILL_AREA_STYLE_COLOUR ( '', #4037 ) ;
#6260 = AXIS2_PLACEMENT_3D ( 'NONE', #5874, #4002, #7618 ) ;
#6261 = CARTESIAN_POINT ( 'NONE',  ( 1.500000000000000222, 0.8008748897937416622, 0.3651819182271659470 ) ) ;
#6262 = CARTESIAN_POINT ( 'NONE',  ( 0.6000000000000003109, 0.000000000000000000, 0.5000000000000005551 ) ) ;
#6263 = PRODUCT ( 'FT3MN', 'FT3MN', '', ( #864 ) ) ;
#6264 = CARTESIAN_POINT ( 'NONE',  ( 0.02249262793480108491, 1.200000000000000178, -0.1304824225276882965 ) ) ;
#6265 = CARTESIAN_POINT ( 'NONE',  ( 0.5774269110303344998, 1.201000000000000068, 0.01848215300269484204 ) ) ;
#6266 = VECTOR ( 'NONE', #1399, 1000.000000000000000 ) ;
#6267 = CARTESIAN_POINT ( 'NONE',  ( 1.501000000000000112, 0.8010000000000022657, -0.3608932640203372233 ) ) ;
#6268 = ORIENTED_EDGE ( 'NONE', *, *, #54, .T. ) ;
#6269 = AXIS2_PLACEMENT_3D ( 'NONE', #5092, #7612, #4488 ) ;
#6270 =( NAMED_UNIT ( * ) PLANE_ANGLE_UNIT ( ) SI_UNIT ( $, .RADIAN. ) );
#6271 = ORIENTED_EDGE ( 'NONE', *, *, #6569, .F. ) ;
#6272 = ADVANCED_FACE ( 'NONE', ( #4827 ), #1161, .T. ) ;
#6273 = CIRCLE ( 'NONE', #5168, 0.1509999999999998843 ) ;
#6274 = CARTESIAN_POINT ( 'NONE',  ( -0.01133067553811372731, 1.200000000000000400, 0.05725362695643922140 ) ) ;
#6275 = CARTESIAN_POINT ( 'NONE',  ( 0.06078308135949939128, 1.200000000000000178, -0.03907830721027436005 ) ) ;
#6276 = ORIENTED_EDGE ( 'NONE', *, *, #3023, .F. ) ;
#6277 =( LENGTH_UNIT ( ) NAMED_UNIT ( * ) SI_UNIT ( .MILLI., .METRE. ) );
#6278 = VERTEX_POINT ( 'NONE', #1986 ) ;
#6279 = ORIENTED_EDGE ( 'NONE', *, *, #1446, .F. ) ;
#6280 = EDGE_CURVE ( 'NONE', #4908, #5058, #1713, .T. ) ;
#6281 = CARTESIAN_POINT ( 'NONE',  ( -0.01800644472572756824, 1.200000000000000178, -0.06746463928698642754 ) ) ;
#6282 = SURFACE_SIDE_STYLE ('',( #5723 ) ) ;
#6283 = CARTESIAN_POINT ( 'NONE',  ( -1.500000000000000000, 1.050000000000000044, 0.9999999999999981126 ) ) ;
#6284 = ORIENTED_EDGE ( 'NONE', *, *, #6063, .T. ) ;
#6285 = PRESENTATION_STYLE_ASSIGNMENT (( #3610 ) ) ;
#6286 = FILL_AREA_STYLE_COLOUR ( '', #7303 ) ;
#6287 = PRESENTATION_LAYER_ASSIGNMENT (  '', '', ( #5206 ) ) ;
#6288 = FACE_OUTER_BOUND ( 'NONE', #6321, .T. ) ;
#6289 = CARTESIAN_POINT ( 'NONE',  ( 0.02664452551141156811, 1.200000000000000844, 0.04611688825722609630 ) ) ;
#6290 = DIRECTION ( 'NONE',  ( 0.7071067811865552333, 0.000000000000000000, -0.7071067811865398012 ) ) ;
#6291 = CARTESIAN_POINT ( 'NONE',  ( -0.03651607122138197242, 1.200000000000000178, -0.1689322973932892713 ) ) ;
#6292 = EDGE_CURVE ( 'NONE', #203, #5998, #3608, .T. ) ;
#6293 = FACE_OUTER_BOUND ( 'NONE', #1102, .T. ) ;
#6294 = CARTESIAN_POINT ( 'NONE',  ( 0.06718475536438762996, 1.200999999999999845, -0.03086768890278906996 ) ) ;
#6295 = CARTESIAN_POINT ( 'NONE',  ( -0.5999999999999997558, 0.2999999999999999889, 0.8000000000000005995 ) ) ;
#6296 = DIRECTION ( 'NONE',  ( -1.000000000000000000, 0.000000000000000000, 0.000000000000000000 ) ) ;
#6297 = UNCERTAINTY_MEASURE_WITH_UNIT (LENGTH_MEASURE( 1.000000000000000082E-05 ), #2052, 'distance_accuracy_value', 'NONE');
#6298 = SURFACE_STYLE_FILL_AREA ( #6914 ) ;
#6299 = PLANE ( 'NONE',  #3459 ) ;
#6300 = ADVANCED_FACE ( 'NONE', ( #6115 ), #6731, .T. ) ;
#6301 = ORIENTED_EDGE ( 'NONE', *, *, #4525, .F. ) ;
#6302 = FACE_OUTER_BOUND ( 'NONE', #7126, .T. ) ;
#6303 = CARTESIAN_POINT ( 'NONE',  ( 0.2283475384939116226, 1.201000000000000068, 0.007060543466499426615 ) ) ;
#6304 = CARTESIAN_POINT ( 'NONE',  ( 1.350000000000000089, 0.8010000000000000453, -0.9999999999999985567 ) ) ;
#6305 = EDGE_CURVE ( 'NONE', #3509, #6760, #6549, .T. ) ;
#6306 = VERTEX_POINT ( 'NONE', #3421 ) ;
#6307 = CARTESIAN_POINT ( 'NONE',  ( 0.04424951104479888514, 1.200000000000000178, -0.05146155981636071908 ) ) ;
#6308 = ORIENTED_EDGE ( 'NONE', *, *, #328, .T. ) ;
#6309 = AXIS2_PLACEMENT_3D ( 'NONE', #3941, #6460, #4789 ) ;
#6310 = CARTESIAN_POINT ( 'NONE',  ( -0.08770177403243258063, 1.201000000000000068, 0.01452060374914958263 ) ) ;
#6311 = CARTESIAN_POINT ( 'NONE',  ( 1.599999999999999867, 0.8000000000000000444, -1.249999999999998224 ) ) ;
#6312 = ORIENTED_EDGE ( 'NONE', *, *, #6591, .T. ) ;
#6313 = PRESENTATION_LAYER_ASSIGNMENT (  '', '', ( #7380 ) ) ;
#6314 = ORIENTED_EDGE ( 'NONE', *, *, #6255, .T. ) ;
#6315 = ADVANCED_FACE ( 'NONE', ( #6515 ), #5250, .T. ) ;
#6316 = ORIENTED_EDGE ( 'NONE', *, *, #5335, .F. ) ;
#6317 = DIRECTION ( 'NONE',  ( 1.000000000000000000, 0.000000000000000000, 0.000000000000000000 ) ) ;
#6318 =( GEOMETRIC_REPRESENTATION_CONTEXT ( 3 ) GLOBAL_UNCERTAINTY_ASSIGNED_CONTEXT ( ( #2203 ) ) GLOBAL_UNIT_ASSIGNED_CONTEXT ( ( #4870, #1760, #8051 ) ) REPRESENTATION_CONTEXT ( 'NONE', 'WORKASPACE' ) );
#6319 = CARTESIAN_POINT ( 'NONE',  ( 1.500000000000000222, 0.2999999999999999889, -1.000000000000001110 ) ) ;
#6320 = CARTESIAN_POINT ( 'NONE',  ( -0.1140435041339282612, 1.201000000000000068, -0.1435297768598247370 ) ) ;
#6321 = EDGE_LOOP ( 'NONE', ( #7249, #4909, #7088, #7589 ) ) ;
#6322 =( NAMED_UNIT ( * ) SI_UNIT ( $, .STERADIAN. ) SOLID_ANGLE_UNIT ( ) );
#6323 = EDGE_CURVE ( 'NONE', #3073, #6557, #8025, .T. ) ;
#6324 = CIRCLE ( 'NONE', #3563, 0.1499999999999999667 ) ;
#6325 = VECTOR ( 'NONE', #5316, 1000.000000000000000 ) ;
#6326 = CARTESIAN_POINT ( 'NONE',  ( 1.350000000000000311, 1.200000000000000178, -0.9999999999999985567 ) ) ;
#6327 = CARTESIAN_POINT ( 'NONE',  ( 0.02271710421901379853, 1.200999999999999845, 0.04910403478154545115 ) ) ;
#6328 = CARTESIAN_POINT ( 'NONE',  ( -0.08508746390201030185, 1.199999999999999956, 0.02976147448647631019 ) ) ;
#6329 = VECTOR ( 'NONE', #1833, 1000.000000000000000 ) ;
#6330 = CARTESIAN_POINT ( 'NONE',  ( 0.06365246847915805029, 1.201000000000000290, -0.1052095198486414779 ) ) ;
#6331 = CARTESIAN_POINT ( 'NONE',  ( -1.599999999999999867, 0.8000000000000000444, 0.3750000000000000000 ) ) ;
#6332 = DIRECTION ( 'NONE',  ( 0.000000000000000000, 0.000000000000000000, 1.000000000000000000 ) ) ;
#6333 = LINE ( 'NONE', #1366, #2373 ) ;
#6334 = EDGE_CURVE ( 'NONE', #3263, #8086, #3948, .T. ) ;
#6335 = CARTESIAN_POINT ( 'NONE',  ( 0.07521157894315520787, 1.200999999999999623, -0.01107755526853800195 ) ) ;
#6336 = VECTOR ( 'NONE', #1199, 1000.000000000000000 ) ;
#6337 = CARTESIAN_POINT ( 'NONE',  ( 0.04396829658951284525, 1.200999999999999845, 0.004434899774773526544 ) ) ;
#6338 = EDGE_CURVE ( 'NONE', #6485, #6200, #931, .T. ) ;
#6339 = CARTESIAN_POINT ( 'NONE',  ( 0.5774269110303344998, 1.201000000000000068, -0.1731642232240074575 ) ) ;
#6340 = COLOUR_RGB ( '',1.000000000000000000, 1.000000000000000000, 1.000000000000000000 ) ;
#6341 = PLANE ( 'NONE',  #1082 ) ;
#6342 = CARTESIAN_POINT ( 'NONE',  ( 1.500999999999957035, 0.8000000000000000444, -0.3891067359793596858 ) ) ;
#6343 = LINE ( 'NONE', #7782, #731 ) ;
#6344 = EDGE_LOOP ( 'NONE', ( #1305, #8089, #529, #619 ) ) ;
#6345 = DIRECTION ( 'NONE',  ( 0.000000000000000000, 0.000000000000000000, 1.000000000000000000 ) ) ;
#6346 = DIRECTION ( 'NONE',  ( 0.000000000000000000, -1.000000000000000000, 0.000000000000000000 ) ) ;
#6347 = CARTESIAN_POINT ( 'NONE',  ( -0.02544885719100715982, 1.201000000000000068, -0.03816285645384186881 ) ) ;
#6348 = VECTOR ( 'NONE', #829, 1000.000000000000000 ) ;
#6349 = EDGE_LOOP ( 'NONE', ( #4486, #7208, #3615, #1878 ) ) ;
#6350 = EDGE_CURVE ( 'NONE', #1051, #2729, #811, .T. ) ;
#6351 = CARTESIAN_POINT ( 'NONE',  ( 0.03418346026370477908, 1.199999999999999956, -0.05556388343519529094 ) ) ;
#6352 = ORIENTED_EDGE ( 'NONE', *, *, #347, .T. ) ;
#6353 = EDGE_CURVE ( 'NONE', #5548, #4772, #7048, .T. ) ;
#6354 = VECTOR ( 'NONE', #2396, 1000.000000000000000 ) ;
#6355 = FACE_OUTER_BOUND ( 'NONE', #5012, .T. ) ;
#6356 = FACE_OUTER_BOUND ( 'NONE', #1762, .T. ) ;
#6357 = VERTEX_POINT ( 'NONE', #7711 ) ;
#6358 = DIRECTION ( 'NONE',  ( 0.000000000000000000, 0.000000000000000000, 1.000000000000000000 ) ) ;
#6359 = VECTOR ( 'NONE', #3832, 1000.000000000000000 ) ;
#6360 = ORIENTED_EDGE ( 'NONE', *, *, #1245, .F. ) ;
#6361 = AXIS2_PLACEMENT_3D ( 'NONE', #3492, #421, #7280 ) ;
#6362 = ORIENTED_EDGE ( 'NONE', *, *, #6591, .F. ) ;
#6363 = CARTESIAN_POINT ( 'NONE',  ( 1.600000000000000755, 0.8000000000000000444, 0.3750000000000000000 ) ) ;
#6364 = SURFACE_STYLE_USAGE ( .BOTH. , #6282 ) ;
#6365 =( LENGTH_UNIT ( ) NAMED_UNIT ( * ) SI_UNIT ( .MILLI., .METRE. ) );
#6366 = DIRECTION ( 'NONE',  ( 0.000000000000000000, -0.000000000000000000, 1.000000000000000000 ) ) ;
#6367 = DIRECTION ( 'NONE',  ( 0.000000000000000000, -1.000000000000000000, 0.000000000000000000 ) ) ;
#6368 = UNCERTAINTY_MEASURE_WITH_UNIT (LENGTH_MEASURE( 1.000000000000000082E-05 ), #3600, 'distance_accuracy_value', 'NONE');
#6369 = VERTEX_POINT ( 'NONE', #2065 ) ;
#6370 = CARTESIAN_POINT ( 'NONE',  ( 0.03083601142429815561, 1.200000000000000178, -0.1067954110542232854 ) ) ;
#6371 = CARTESIAN_POINT ( 'NONE',  ( 0.6000000000000003109, 0.000000000000000000, 0.5000000000000005551 ) ) ;
#6372 = CARTESIAN_POINT ( 'NONE',  ( 0.03630255683970168984, 1.200999999999999845, 0.03486077181076586984 ) ) ;
#6373 = FACE_OUTER_BOUND ( 'NONE', #7478, .T. ) ;
#6374 = EDGE_CURVE ( 'NONE', #7291, #3509, #5837, .T. ) ;
#6375 = DIRECTION ( 'NONE',  ( 0.000000000000000000, 0.000000000000000000, 1.000000000000000000 ) ) ;
#6376 = VECTOR ( 'NONE', #3679, 1000.000000000000114 ) ;
#6377 = CARTESIAN_POINT ( 'NONE',  ( -0.08082516134326428459, 1.199999999999999956, -0.1220628250003194110 ) ) ;
#6378 = CARTESIAN_POINT ( 'NONE',  ( 1.500000000000000222, 0.8001980445386985830, 0.3769800963424410067 ) ) ;
#6379 =( NAMED_UNIT ( * ) PLANE_ANGLE_UNIT ( ) SI_UNIT ( $, .RADIAN. ) );
#6380 = CARTESIAN_POINT ( 'NONE',  ( 0.04979114439602683184, 1.200000000000000622, -0.1476376776585256456 ) ) ;
#6381 = MECHANICAL_DESIGN_GEOMETRIC_PRESENTATION_REPRESENTATION (  '', ( #6111 ), #7558 ) ;
#6382 = EDGE_CURVE ( 'NONE', #3060, #4241, #4481, .T. ) ;
#6383 = UNCERTAINTY_MEASURE_WITH_UNIT (LENGTH_MEASURE( 1.000000000000000082E-05 ), #5210, 'distance_accuracy_value', 'NONE');
#6384 = CARTESIAN_POINT ( 'NONE',  ( -1.599999999999999867, -0.001000000000000024307, 1.100000000000002309 ) ) ;
#6385 = EDGE_LOOP ( 'NONE', ( #7825, #7836, #4035, #659 ) ) ;
#6386 = CARTESIAN_POINT ( 'NONE',  ( 0.009310324038901992769, 1.200999999999999845, 0.05539069827821972714 ) ) ;
#6387 = ORIENTED_EDGE ( 'NONE', *, *, #7475, .F. ) ;
#6388 = FILL_AREA_STYLE ('',( #6965 ) ) ;
#6389 = VERTEX_POINT ( 'NONE', #2384 ) ;
#6390 = AXIS2_PLACEMENT_3D ( 'NONE', #5424, #5467, #1749 ) ;
#6391 =( NAMED_UNIT ( * ) PLANE_ANGLE_UNIT ( ) SI_UNIT ( $, .RADIAN. ) );
#6392 = CARTESIAN_POINT ( 'NONE',  ( -1.349999999999998535, 0.2999999999999999889, -1.149999999999999023 ) ) ;
#6393 =( LENGTH_UNIT ( ) NAMED_UNIT ( * ) SI_UNIT ( .MILLI., .METRE. ) );
#6394 = ORIENTED_EDGE ( 'NONE', *, *, #3835, .T. ) ;
#6395 = CARTESIAN_POINT ( 'NONE',  ( -1.599999999999999867, 0.8000000000000000444, 1.250000000000002220 ) ) ;
#6396 = ADVANCED_FACE ( 'NONE', ( #5455 ), #4202, .T. ) ;
#6397 = ORIENTED_EDGE ( 'NONE', *, *, #1206, .F. ) ;
#6398 = VECTOR ( 'NONE', #4282, 1000.000000000000000 ) ;
#6399 = EDGE_LOOP ( 'NONE', ( #1947, #4492, #4643, #3730, #7282, #7585, #1981 ) ) ;
#6400 = CARTESIAN_POINT ( 'NONE',  ( -0.8999999999999995781, 0.000000000000000000, 0.5000000000000006661 ) ) ;
#6401 = CARTESIAN_POINT ( 'NONE',  ( -0.04794586348521340941, 1.200000000000000178, -0.1173956532512630963 ) ) ;
#6402 =( NAMED_UNIT ( * ) PLANE_ANGLE_UNIT ( ) SI_UNIT ( $, .RADIAN. ) );
#6403 = CARTESIAN_POINT ( 'NONE',  ( -1.500000000000000000, 0.8001327125472048607, -0.3763199962875130034 ) ) ;
#6404 = DIRECTION ( 'NONE',  ( -1.668003342285392290E-16, 0.000000000000000000, -1.000000000000000000 ) ) ;
#6405 =( GEOMETRIC_REPRESENTATION_CONTEXT ( 3 ) GLOBAL_UNCERTAINTY_ASSIGNED_CONTEXT ( ( #1372 ) ) GLOBAL_UNIT_ASSIGNED_CONTEXT ( ( #3075, #7392, #6941 ) ) REPRESENTATION_CONTEXT ( 'NONE', 'WORKASPACE' ) );
#6406 = EDGE_LOOP ( 'NONE', ( #6585, #1991, #1010, #6098 ) ) ;
#6407 = CARTESIAN_POINT ( 'NONE',  ( -0.5999999999999995337, 0.000000000000000000, 1.150000000000000355 ) ) ;
#6408 = MECHANICAL_DESIGN_GEOMETRIC_PRESENTATION_REPRESENTATION (  '', ( #786 ), #7190 ) ;
#6409 = FILL_AREA_STYLE ('',( #6943 ) ) ;
#6410 = CARTESIAN_POINT ( 'NONE',  ( 0.009310324038901992769, 1.200999999999999845, 0.05539069827821972714 ) ) ;
#6411 = DIRECTION ( 'NONE',  ( 0.000000000000000000, 1.000000000000000000, 0.000000000000000000 ) ) ;
#6412 = SURFACE_SIDE_STYLE ('',( #1401 ) ) ;
#6413 = FACE_OUTER_BOUND ( 'NONE', #1376, .T. ) ;
#6414 = AXIS2_PLACEMENT_3D ( 'NONE', #2958, #5456, #4246 ) ;
#6415 = CARTESIAN_POINT ( 'NONE',  ( 1.500000000000000222, 0.8006270552791480144, 0.3816190520199269076 ) ) ;
#6416 = DIRECTION ( 'NONE',  ( 0.000000000000000000, 0.000000000000000000, -1.000000000000000000 ) ) ;
#6417 = FACE_OUTER_BOUND ( 'NONE', #5370, .T. ) ;
#6418 = EDGE_CURVE ( 'NONE', #4982, #3226, #2957, .T. ) ;
#6419 = LINE ( 'NONE', #7777, #5780 ) ;
#6420 = DIRECTION ( 'NONE',  ( 0.000000000000000000, 1.000000000000000000, 0.000000000000000000 ) ) ;
#6421 = LINE ( 'NONE', #183, #2667 ) ;
#6422 = DIRECTION ( 'NONE',  ( 0.000000000000000000, 0.000000000000000000, 1.000000000000000000 ) ) ;
#6423 = ORIENTED_EDGE ( 'NONE', *, *, #3350, .F. ) ;
#6424 = CARTESIAN_POINT ( 'NONE',  ( -1.499999999999999556, 0.2999999999999999889, 1.000000000000001998 ) ) ;
#6425 = CARTESIAN_POINT ( 'NONE',  ( 1.500000000000000222, 0.7999999999999997113, -0.3608932640203371123 ) ) ;
#6426 = ADVANCED_FACE ( 'NONE', ( #7412 ), #1412, .T. ) ;
#6427 = UNCERTAINTY_MEASURE_WITH_UNIT (LENGTH_MEASURE( 1.000000000000000082E-05 ), #6258, 'distance_accuracy_value', 'NONE');
#6428 = EDGE_CURVE ( 'NONE', #6306, #5403, #4081, .T. ) ;
#6429 = ORIENTED_EDGE ( 'NONE', *, *, #5262, .T. ) ;
#6430 = PRESENTATION_STYLE_ASSIGNMENT (( #6545 ) ) ;
#6431 = ORIENTED_EDGE ( 'NONE', *, *, #7155, .T. ) ;
#6432 = CARTESIAN_POINT ( 'NONE',  ( -1.599999999999999867, 0.2999999999999999889, 1.250000000000002220 ) ) ;
#6433 = DIRECTION ( 'NONE',  ( -0.000000000000000000, 1.000000000000000000, -0.000000000000000000 ) ) ;
#6434 =( NAMED_UNIT ( * ) PLANE_ANGLE_UNIT ( ) SI_UNIT ( $, .RADIAN. ) );
#6435 = FILL_AREA_STYLE ('',( #7622 ) ) ;
#6436 = EDGE_LOOP ( 'NONE', ( #268, #2346, #2079, #2255, #5974, #3725, #3546 ) ) ;
#6437 = CARTESIAN_POINT ( 'NONE',  ( -1.499999999999999556, 0.2999999999999999889, 1.000000000000001998 ) ) ;
#6438 = CARTESIAN_POINT ( 'NONE',  ( 0.03320271175873339142, 1.200000000000000178, 0.07793444673781323162 ) ) ;
#6439 =( GEOMETRIC_REPRESENTATION_CONTEXT ( 3 ) GLOBAL_UNCERTAINTY_ASSIGNED_CONTEXT ( ( #6190 ) ) GLOBAL_UNIT_ASSIGNED_CONTEXT ( ( #3313, #1351, #119 ) ) REPRESENTATION_CONTEXT ( 'NONE', 'WORKASPACE' ) );
#6440 = ADVANCED_FACE ( 'NONE', ( #7365 ), #3588, .T. ) ;
#6441 = EDGE_LOOP ( 'NONE', ( #6797, #7068, #7965, #5763 ) ) ;
#6442 = VERTEX_POINT ( 'NONE', #2468 ) ;
#6443 = DIRECTION ( 'NONE',  ( 0.000000000000000000, 0.000000000000000000, -1.000000000000000000 ) ) ;
#6444 = PRESENTATION_LAYER_ASSIGNMENT (  '', '', ( #7614 ) ) ;
#6445 = EDGE_CURVE ( 'NONE', #3953, #5483, #7451, .T. ) ;
#6446 = AXIS2_PLACEMENT_3D ( 'NONE', #2844, #327, #7723 ) ;
#6447 = PRESENTATION_STYLE_ASSIGNMENT (( #454 ) ) ;
#6448 = LINE ( 'NONE', #7515, #1638 ) ;
#6449 = VERTEX_POINT ( 'NONE', #4967 ) ;
#6450 = CARTESIAN_POINT ( 'NONE',  ( -0.5999999999999996447, 0.2999999999999999889, -1.149999999999999023 ) ) ;
#6451 = VECTOR ( 'NONE', #3557, 1000.000000000000000 ) ;
#6452 = FILL_AREA_STYLE_COLOUR ( '', #2010 ) ;
#6453 = DIRECTION ( 'NONE',  ( 0.000000000000000000, -0.000000000000000000, -1.000000000000000000 ) ) ;
#6454 = STYLED_ITEM ( 'NONE', ( #3736 ), #6272 ) ;
#6455 = ADVANCED_FACE ( 'NONE', ( #3789 ), #6341, .T. ) ;
#6456 = DIRECTION ( 'NONE',  ( 0.000000000000000000, -1.000000000000000000, 0.000000000000000000 ) ) ;
#6457 = DIRECTION ( 'NONE',  ( 0.000000000000000000, -1.000000000000000000, 0.000000000000000000 ) ) ;
#6458 = ADVANCED_FACE ( 'NONE', ( #3125 ), #1972, .F. ) ;
#6459 = CARTESIAN_POINT ( 'NONE',  ( -0.1140435041339282612, 1.201000000000000068, -0.1435297768598247370 ) ) ;
#6460 = DIRECTION ( 'NONE',  ( -0.000000000000000000, 1.000000000000000000, -0.000000000000000000 ) ) ;
#6461 = PRESENTATION_STYLE_ASSIGNMENT (( #4441 ) ) ;
#6462 = CARTESIAN_POINT ( 'NONE',  ( 0.03047230801860492319, 1.199999999999999956, -0.02817665670107535186 ) ) ;
#6463 = COLOUR_RGB ( '',1.000000000000000000, 1.000000000000000000, 1.000000000000000000 ) ;
#6464 = CIRCLE ( 'NONE', #3041, 0.06250000000000027756 ) ;
#6465 = MECHANICAL_DESIGN_GEOMETRIC_PRESENTATION_REPRESENTATION (  '', ( #3571 ), #5913 ) ;
#6466 = CARTESIAN_POINT ( 'NONE',  ( -1.350000000000000089, 0.8010000000000000453, -1.150999999999998469 ) ) ;
#6467 = FACE_OUTER_BOUND ( 'NONE', #59, .T. ) ;
#6468 = FILL_AREA_STYLE_COLOUR ( '', #7271 ) ;
#6469 = PRODUCT_DEFINITION_SHAPE ( 'NONE', 'NONE',  #5122 ) ;
#6470 = ORIENTED_EDGE ( 'NONE', *, *, #5520, .T. ) ;
#6471 = DIRECTION ( 'NONE',  ( 0.000000000000000000, 1.000000000000000000, 0.000000000000000000 ) ) ;
#6472 = CARTESIAN_POINT ( 'NONE',  ( 0.04212950612260672051, 1.200999999999999845, 0.02145394330855341508 ) ) ;
#6473 =( GEOMETRIC_REPRESENTATION_CONTEXT ( 3 ) GLOBAL_UNCERTAINTY_ASSIGNED_CONTEXT ( ( #3877 ) ) GLOBAL_UNIT_ASSIGNED_CONTEXT ( ( #3264, #2480, #1272 ) ) REPRESENTATION_CONTEXT ( 'NONE', 'WORKASPACE' ) );
#6474 = EDGE_LOOP ( 'NONE', ( #1421, #2521, #2262, #4658 ) ) ;
#6475 = AXIS2_PLACEMENT_3D ( 'NONE', #2457, #8058, #3697 ) ;
#6476 = CARTESIAN_POINT ( 'NONE',  ( -1.600000000000000089, 0.000000000000000000, -1.250000000000000888 ) ) ;
#6477 = ORIENTED_EDGE ( 'NONE', *, *, #7218, .T. ) ;
#6478 = CARTESIAN_POINT ( 'NONE',  ( -0.03597709088798213550, 1.200000000000000400, -0.1345455438105361279 ) ) ;
#6479 = CARTESIAN_POINT ( 'NONE',  ( 1.500000000000000222, 0.2999999999999999889, -1.000000000000001110 ) ) ;
#6480 = EDGE_CURVE ( 'NONE', #4815, #6153, #8107, .T. ) ;
#6481 = CARTESIAN_POINT ( 'NONE',  ( 1.450000000000000400, 0.8000000000000000444, 1.250000000000001776 ) ) ;
#6482 = ORIENTED_EDGE ( 'NONE', *, *, #8060, .T. ) ;
#6483 = CARTESIAN_POINT ( 'NONE',  ( 0.4160838141586731265, 1.200000000000000178, -0.1731642232240074575 ) ) ;
#6484 = CARTESIAN_POINT ( 'NONE',  ( -1.350000000000000089, 0.8000000000000000444, -0.9999999999999985567 ) ) ;
#6485 = VERTEX_POINT ( 'NONE', #3713 ) ;
#6486 = ORIENTED_EDGE ( 'NONE', *, *, #1446, .T. ) ;
#6487 = FILL_AREA_STYLE_COLOUR ( '', #5671 ) ;
#6488 = PLANE ( 'NONE',  #246 ) ;
#6489 = ADVANCED_FACE ( 'NONE', ( #726 ), #559, .T. ) ;
#6490 = CARTESIAN_POINT ( 'NONE',  ( 0.02891328490959288802, 1.200000000000000844, -0.09322695496599808784 ) ) ;
#6491 = COLOUR_RGB ( '',1.000000000000000000, 0.8078431372549019773, 0.4980392156862745168 ) ;
#6492 = CARTESIAN_POINT ( 'NONE',  ( -0.06799817224935909843, 1.200999999999999845, 0.06165852634068046817 ) ) ;
#6493 = VERTEX_POINT ( 'NONE', #5905 ) ;
#6494 = CYLINDRICAL_SURFACE ( 'NONE', #5555, 0.1500000000000014655 ) ;
#6495 = SURFACE_SIDE_STYLE ('',( #3975 ) ) ;
#6496 = CARTESIAN_POINT ( 'NONE',  ( -0.08288361043754306767, 1.199999999999999956, -0.1148499708940921016 ) ) ;
#6497 = PLANE ( 'NONE',  #6693 ) ;
#6498 = CARTESIAN_POINT ( 'NONE',  ( 0.04396869926150060587, 1.201000000000000068, -0.06596810365565428103 ) ) ;
#6499 = DIRECTION ( 'NONE',  ( -2.891205793294682764E-16, 0.000000000000000000, -1.000000000000000000 ) ) ;
#6500 = CARTESIAN_POINT ( 'NONE',  ( 0.03877072387546543625, 1.200000000000000400, -0.01700054161393270077 ) ) ;
#6501 = EDGE_CURVE ( 'NONE', #3693, #809, #3992, .T. ) ;
#6502 = ADVANCED_FACE ( 'NONE', ( #6467 ), #5238, .T. ) ;
#6503 =( NAMED_UNIT ( * ) SI_UNIT ( $, .STERADIAN. ) SOLID_ANGLE_UNIT ( ) );
#6504 = VECTOR ( 'NONE', #3894, 1000.000000000000000 ) ;
#6505 =( LENGTH_UNIT ( ) NAMED_UNIT ( * ) SI_UNIT ( .MILLI., .METRE. ) );
#6506 =( LENGTH_UNIT ( ) NAMED_UNIT ( * ) SI_UNIT ( .MILLI., .METRE. ) );
#6507 = EDGE_LOOP ( 'NONE', ( #7299, #1608, #5847, #4200 ) ) ;
#6508 = CARTESIAN_POINT ( 'NONE',  ( 0.4543616407124090317, 1.200000000000000178, -0.1731642232240074575 ) ) ;
#6509 = CARTESIAN_POINT ( 'NONE',  ( 1.500000000000000222, 0.7999999999999997113, 0.3891067359796628877 ) ) ;
#6510 = AXIS2_PLACEMENT_3D ( 'NONE', #7057, #152, #3180 ) ;
#6511 = ORIENTED_EDGE ( 'NONE', *, *, #3326, .F. ) ;
#6512 = LINE ( 'NONE', #4000, #195 ) ;
#6513 = ORIENTED_EDGE ( 'NONE', *, *, #6548, .T. ) ;
#6514 = CARTESIAN_POINT ( 'NONE',  ( -0.008264994195109499203, 1.200000000000000178, -0.1435297768598247370 ) ) ;
#6515 = FACE_OUTER_BOUND ( 'NONE', #6052, .T. ) ;
#6516 = SURFACE_STYLE_USAGE ( .BOTH. , #6551 ) ;
#6517 = DIRECTION ( 'NONE',  ( 0.000000000000000000, 0.000000000000000000, 1.000000000000000000 ) ) ;
#6518 = ORIENTED_EDGE ( 'NONE', *, *, #3205, .T. ) ;
#6519 = PLANE ( 'NONE',  #6990 ) ;
#6520 = EDGE_LOOP ( 'NONE', ( #4760, #546, #4385, #7624 ) ) ;
#6521 = ORIENTED_EDGE ( 'NONE', *, *, #3495, .F. ) ;
#6522 = ADVANCED_FACE ( 'NONE', ( #3410 ), #304, .T. ) ;
#6523 = CARTESIAN_POINT ( 'NONE',  ( -0.05148189514287597468, 1.200000000000000178, -0.1040171817075811744 ) ) ;
#6524 = CARTESIAN_POINT ( 'NONE',  ( 0.01485616835503984420, 1.200000000000000400, -0.07617147805910043368 ) ) ;
#6525 = FILL_AREA_STYLE_COLOUR ( '', #1640 ) ;
#6526 = ORIENTED_EDGE ( 'NONE', *, *, #3512, .F. ) ;
#6527 = CARTESIAN_POINT ( 'NONE',  ( -1.499999999999999778, 0.2999999999999999889, -1.000000000000000666 ) ) ;
#6528 =( LENGTH_UNIT ( ) NAMED_UNIT ( * ) SI_UNIT ( .MILLI., .METRE. ) );
#6529 = VECTOR ( 'NONE', #7221, 1000.000000000000000 ) ;
#6530 = EDGE_CURVE ( 'NONE', #5094, #1051, #2129, .T. ) ;
#6531 = CARTESIAN_POINT ( 'NONE',  ( -0.02344892719182351329, 1.201000000000000068, -0.1721679778392642135 ) ) ;
#6532 =( LENGTH_UNIT ( ) NAMED_UNIT ( * ) SI_UNIT ( .MILLI., .METRE. ) );
#6533 = LINE ( 'NONE', #4060, #2214 ) ;
#6534 = CIRCLE ( 'NONE', #2974, 0.1000000000000001027 ) ;
#6535 = CARTESIAN_POINT ( 'NONE',  ( 1.500000000000000222, 0.8004988010645774921, 0.3800714403222490434 ) ) ;
#6536 = CARTESIAN_POINT ( 'NONE',  ( 0.2402820363007421300, 1.200000000000000178, 0.04355433586610416713 ) ) ;
#6537 = DIRECTION ( 'NONE',  ( 0.000000000000000000, 1.000000000000000000, 0.000000000000000000 ) ) ;
#6538 = CARTESIAN_POINT ( 'NONE',  ( 1.600000000000000089, 1.201000000000000068, 0.4750000000000000888 ) ) ;
#6539 = LINE ( 'NONE', #921, #1896 ) ;
#6540 = LINE ( 'NONE', #4034, #5570 ) ;
#6541 = ORIENTED_EDGE ( 'NONE', *, *, #6555, .T. ) ;
#6542 = DIRECTION ( 'NONE',  ( -0.000000000000000000, -1.000000000000000000, -0.000000000000000000 ) ) ;
#6543 = SURFACE_STYLE_FILL_AREA ( #6087 ) ;
#6544 = ORIENTED_EDGE ( 'NONE', *, *, #4143, .T. ) ;
#6545 = SURFACE_STYLE_USAGE ( .BOTH. , #7127 ) ;
#6546 = ORIENTED_EDGE ( 'NONE', *, *, #6211, .F. ) ;
#6547 = CARTESIAN_POINT ( 'NONE',  ( -1.349999999999998535, 0.000000000000000000, -1.149999999999999023 ) ) ;
#6548 = EDGE_CURVE ( 'NONE', #5998, #2482, #5781, .T. ) ;
#6549 = LINE ( 'NONE', #5750, #294 ) ;
#6550 = EDGE_CURVE ( 'NONE', #4184, #3698, #799, .T. ) ;
#6551 = SURFACE_SIDE_STYLE ('',( #7171 ) ) ;
#6552 = CYLINDRICAL_SURFACE ( 'NONE', #1796, 0.0009999999999999158867 ) ;
#6553 = CARTESIAN_POINT ( 'NONE',  ( 0.02834313892151760217, 1.199999999999999512, -0.1644996889281557517 ) ) ;
#6554 = LINE ( 'NONE', #4085, #2773 ) ;
#6555 = EDGE_CURVE ( 'NONE', #2446, #3273, #6998, .T. ) ;
#6556 = ORIENTED_EDGE ( 'NONE', *, *, #4719, .F. ) ;
#6557 = VERTEX_POINT ( 'NONE', #5127 ) ;
#6558 = PLANE ( 'NONE',  #4378 ) ;
#6559 = PRESENTATION_STYLE_ASSIGNMENT (( #5927 ) ) ;
#6560 = ORIENTED_EDGE ( 'NONE', *, *, #6445, .F. ) ;
#6561 = CARTESIAN_POINT ( 'NONE',  ( 1.350000000000000089, 1.050000000000000044, 1.149999999999997913 ) ) ;
#6562 = LINE ( 'NONE', #7763, #2618 ) ;
#6563 = AXIS2_PLACEMENT_3D ( 'NONE', #5002, #5532, #5 ) ;
#6564 = CIRCLE ( 'NONE', #5756, 0.1000000000000001027 ) ;
#6565 = CARTESIAN_POINT ( 'NONE',  ( 0.6000000000000000888, 0.2999999999999999889, -1.149999999999999245 ) ) ;
#6566 = SURFACE_STYLE_USAGE ( .BOTH. , #4059 ) ;
#6567 = CARTESIAN_POINT ( 'NONE',  ( 0.03080964797892494014, 1.201000000000000290, -0.1051796340550136682 ) ) ;
#6568 = DIRECTION ( 'NONE',  ( 1.000000000000000000, 0.000000000000000000, -0.000000000000000000 ) ) ;
#6569 = EDGE_CURVE ( 'NONE', #4230, #7862, #7039, .T. ) ;
#6570 = CARTESIAN_POINT ( 'NONE',  ( -0.4762422930294945012, 1.201000000000000068, -0.1435297768598247370 ) ) ;
#6571 = FILL_AREA_STYLE ('',( #5233 ) ) ;
#6572 = VECTOR ( 'NONE', #3261, 1000.000000000000114 ) ;
#6573 = CARTESIAN_POINT ( 'NONE',  ( -0.02357526416162883734, 1.201000000000000290, 0.08576801792021440662 ) ) ;
#6574 = LINE ( 'NONE', #1724, #2500 ) ;
#6575 = EDGE_CURVE ( 'NONE', #6638, #1265, #5142, .T. ) ;
#6576 = LINE ( 'NONE', #5396, #5930 ) ;
#6577 = CARTESIAN_POINT ( 'NONE',  ( -0.06282688970408746576, 1.200000000000000178, 0.06687231938989916802 ) ) ;
#6578 = VECTOR ( 'NONE', #136, 1000.000000000000000 ) ;
#6579 = CARTESIAN_POINT ( 'NONE',  ( -0.1963614107011024124, 1.200000000000000178, -0.1435297768598247370 ) ) ;
#6580 = LINE ( 'NONE', #963, #2630 ) ;
#6581 = CARTESIAN_POINT ( 'NONE',  ( 1.499999999999998890, 0.8002401427464588268, -0.3702333690842878888 ) ) ;
#6582 = ORIENTED_EDGE ( 'NONE', *, *, #6027, .T. ) ;
#6583 = STYLED_ITEM ( 'NONE', ( #2651 ), #1057 ) ;
#6584 = VECTOR ( 'NONE', #2903, 1000.000000000000000 ) ;
#6585 = ORIENTED_EDGE ( 'NONE', *, *, #2564, .F. ) ;
#6586 = CARTESIAN_POINT ( 'NONE',  ( -1.350000000000000089, 0.8010000000000000453, 0.9999999999999978906 ) ) ;
#6587 = LINE ( 'NONE', #2916, #1432 ) ;
#6588 = PRESENTATION_STYLE_ASSIGNMENT (( #3590 ) ) ;
#6589 = CARTESIAN_POINT ( 'NONE',  ( -0.5999999999999995337, 0.2999999999999999889, 1.150000000000000355 ) ) ;
#6590 = FACE_OUTER_BOUND ( 'NONE', #5378, .T. ) ;
#6591 = EDGE_CURVE ( 'NONE', #3638, #310, #2668, .T. ) ;
#6592 = VERTEX_POINT ( 'NONE', #2169 ) ;
#6593 = ORIENTED_EDGE ( 'NONE', *, *, #459, .T. ) ;
#6594 = CARTESIAN_POINT ( 'NONE',  ( -1.500000000000000222, 0.8004855439755823587, 0.3856015991668756415 ) ) ;
#6595 = DIRECTION ( 'NONE',  ( 0.000000000000000000, 0.000000000000000000, 1.000000000000000000 ) ) ;
#6596 = PRESENTATION_LAYER_ASSIGNMENT (  '', '', ( #3049 ) ) ;
#6597 = AXIS2_PLACEMENT_3D ( 'NONE', #4670, #2990, #3619 ) ;
#6598 = DIRECTION ( 'NONE',  ( 0.7071067811865467956, -0.000000000000000000, 0.7071067811865483499 ) ) ;
#6599 = CARTESIAN_POINT ( 'NONE',  ( 0.2485381844605222268, 1.200000000000000622, 0.01647846319848651070 ) ) ;
#6600 = ORIENTED_EDGE ( 'NONE', *, *, #6719, .F. ) ;
#6601 = CARTESIAN_POINT ( 'NONE',  ( -1.599999999999999867, 1.201000000000000068, 0.3750000000000000000 ) ) ;
#6602 = FACE_OUTER_BOUND ( 'NONE', #7908, .T. ) ;
#6603 = VECTOR ( 'NONE', #4623, 1000.000000000000000 ) ;
#6604 = CARTESIAN_POINT ( 'NONE',  ( -0.01171484549608728387, 1.200000000000000178, -0.1731223729965914448 ) ) ;
#6605 = DIRECTION ( 'NONE',  ( 0.000000000000000000, -1.000000000000000000, 0.000000000000000000 ) ) ;
#6606 = CARTESIAN_POINT ( 'NONE',  ( 0.02891328490959288802, 1.201000000000000734, -0.09322695496599808784 ) ) ;
#6607 =( GEOMETRIC_REPRESENTATION_CONTEXT ( 3 ) GLOBAL_UNCERTAINTY_ASSIGNED_CONTEXT ( ( #57 ) ) GLOBAL_UNIT_ASSIGNED_CONTEXT ( ( #3315, #1509, #2385 ) ) REPRESENTATION_CONTEXT ( 'NONE', 'WORKASPACE' ) );
#6608 = LINE ( 'NONE', #7152, #683 ) ;
#6609 = DIRECTION ( 'NONE',  ( -0.7071067811865398012, 0.000000000000000000, -0.7071067811865552333 ) ) ;
#6610 = STYLED_ITEM ( 'NONE', ( #2553 ), #7633 ) ;
#6611 = DIRECTION ( 'NONE',  ( -0.000000000000000000, -1.000000000000000000, -0.000000000000000000 ) ) ;
#6612 = VECTOR ( 'NONE', #1859, 1000.000000000000000 ) ;
#6613 = CARTESIAN_POINT ( 'NONE',  ( 0.03630255683970168984, 1.199999999999999956, 0.03486077181076586984 ) ) ;
#6614 = COLOUR_RGB ( '',1.000000000000000000, 0.8078431372549019773, 0.4980392156862745168 ) ;
#6615 = DIRECTION ( 'NONE',  ( 0.000000000000000000, -1.000000000000000000, 0.000000000000000000 ) ) ;
#6616 = CARTESIAN_POINT ( 'NONE',  ( 0.01032452032007016157, 1.201000000000000290, -0.1711448538520397300 ) ) ;
#6617 = PLANE ( 'NONE',  #6361 ) ;
#6618 = CARTESIAN_POINT ( 'NONE',  ( -0.04794586348521340941, 1.201000000000000068, -0.1173956532512630963 ) ) ;
#6619 = ORIENTED_EDGE ( 'NONE', *, *, #6374, .F. ) ;
#6620 = EDGE_CURVE ( 'NONE', #11, #203, #5261, .T. ) ;
#6621 = ORIENTED_EDGE ( 'NONE', *, *, #5896, .T. ) ;
#6622 = CARTESIAN_POINT ( 'NONE',  ( 0.04023357815550875766, 1.200000000000000844, 0.07389568396974065256 ) ) ;
#6623 = CARTESIAN_POINT ( 'NONE',  ( -0.004099236659543279392, 1.200000000000000178, -0.1434606829303079201 ) ) ;
#6624 = STYLED_ITEM ( 'NONE', ( #1545 ), #588 ) ;
#6625 = LINE ( 'NONE', #7984, #3123 ) ;
#6626 = CARTESIAN_POINT ( 'NONE',  ( -1.499999999999999778, 0.2999999999999999889, -1.000000000000000666 ) ) ;
#6627 = PLANE ( 'NONE',  #2507 ) ;
#6628 = AXIS2_PLACEMENT_3D ( 'NONE', #7041, #3371, #6422 ) ;
#6629 = EDGE_LOOP ( 'NONE', ( #7998, #3004, #6352, #5667 ) ) ;
#6630 = ORIENTED_EDGE ( 'NONE', *, *, #6211, .T. ) ;
#6631 = ORIENTED_EDGE ( 'NONE', *, *, #1876, .T. ) ;
#6632 = DIRECTION ( 'NONE',  ( -0.000000000000000000, -1.000000000000000000, -0.000000000000000000 ) ) ;
#6633 = ORIENTED_EDGE ( 'NONE', *, *, #4794, .F. ) ;
#6634 = ADVANCED_FACE ( 'NONE', ( #4233 ), #2904, .T. ) ;
#6635 = DIRECTION ( 'NONE',  ( -1.000000000000000000, 0.000000000000000000, -0.000000000000000000 ) ) ;
#6636 = CARTESIAN_POINT ( 'NONE',  ( 1.450000000000000844, 0.000000000000000000, 1.250000000000001776 ) ) ;
#6637 = CARTESIAN_POINT ( 'NONE',  ( 0.2435981290695263812, 1.200000000000000178, 0.03237606149799824445 ) ) ;
#6638 = VERTEX_POINT ( 'NONE', #7857 ) ;
#6639 = UNCERTAINTY_MEASURE_WITH_UNIT (LENGTH_MEASURE( 1.000000000000000082E-05 ), #4609, 'distance_accuracy_value', 'NONE');
#6640 = DIRECTION ( 'NONE',  ( 0.000000000000000000, -1.000000000000000000, 0.000000000000000000 ) ) ;
#6641 = DIRECTION ( 'NONE',  ( 0.7071067811865475727, 0.000000000000000000, 0.7071067811865475727 ) ) ;
#6642 = MECHANICAL_DESIGN_GEOMETRIC_PRESENTATION_REPRESENTATION (  '', ( #3246 ), #5438 ) ;
#6643 = FACE_OUTER_BOUND ( 'NONE', #4221, .T. ) ;
#6644 =( NAMED_UNIT ( * ) PLANE_ANGLE_UNIT ( ) SI_UNIT ( $, .RADIAN. ) );
#6645 = DIRECTION ( 'NONE',  ( -0.7071067811865474617, -0.000000000000000000, 0.7071067811865474617 ) ) ;
#6646 = CARTESIAN_POINT ( 'NONE',  ( 0.05890740846727900853, 1.199999999999999956, -0.08495471445623789530 ) ) ;
#6647 = EDGE_CURVE ( 'NONE', #3372, #5254, #1738, .T. ) ;
#6648 = COLOUR_RGB ( '',1.000000000000000000, 0.8078431372549019773, 0.4980392156862745168 ) ;
#6649 = LINE ( 'NONE', #2200, #6967 ) ;
#6650 = CARTESIAN_POINT ( 'NONE',  ( 0.5774269110303344998, 1.201000000000000068, 0.01848215300269484204 ) ) ;
#6651 = UNCERTAINTY_MEASURE_WITH_UNIT (LENGTH_MEASURE( 1.000000000000000082E-05 ), #7433, 'distance_accuracy_value', 'NONE');
#6652 = CIRCLE ( 'NONE', #1540, 0.1500000000000014655 ) ;
#6653 = CARTESIAN_POINT ( 'NONE',  ( -0.001089389640990530254, 1.200000000000000178, 0.05724708152875118694 ) ) ;
#6654 = CARTESIAN_POINT ( 'NONE',  ( 0.5753689633661550618, 1.200000000000000178, 0.08366764526557586568 ) ) ;
#6655 = CIRCLE ( 'NONE', #5196, 0.1509999999999999953 ) ;
#6656 = FACE_OUTER_BOUND ( 'NONE', #3664, .T. ) ;
#6657 = CARTESIAN_POINT ( 'NONE',  ( 0.02834313892151760217, 1.200999999999999401, -0.1644996889281557517 ) ) ;
#6658 = CARTESIAN_POINT ( 'NONE',  ( -0.05117231190713259631, 1.199999999999999956, 0.07567721465187275676 ) ) ;
#6659 = LINE ( 'NONE', #2209, #3462 ) ;
#6660 = DIRECTION ( 'NONE',  ( 1.000000000000000000, 0.000000000000000000, 0.000000000000000000 ) ) ;
#6661 = DIRECTION ( 'NONE',  ( 0.000000000000000000, -1.000000000000000000, 0.000000000000000000 ) ) ;
#6662 = B_SPLINE_CURVE_WITH_KNOTS ( 'NONE', 3,
 ( #6514, #3880, #2028, #2795, #3956, #6478, #850, #1985, #232, #3341, #7168, #7668, #4538, #7708, #1533 ),
 .UNSPECIFIED., .F., .F.,
 ( 4, 1, 1, 1, 1, 1, 1, 1, 1, 1, 1, 1, 4 ),
 ( 0.000000000000000000, 0.1277971582348373103, 0.2467952527166548948, 0.3622843155839154394, 0.4776524647273058810, 0.5362368417287129985, 0.5955904355162847663, 0.6563437591396387161, 0.7190851405078753089, 0.7843491651281218058, 0.8528755346365584078, 0.9245512555167001434, 1.000000000000000000 ),
 .UNSPECIFIED. ) ;
#6663 = ADVANCED_FACE ( 'NONE', ( #6702 ), #2205, .T. ) ;
#6664 = ORIENTED_EDGE ( 'NONE', *, *, #1284, .F. ) ;
#6665 = ORIENTED_EDGE ( 'NONE', *, *, #6697, .T. ) ;
#6666 = CARTESIAN_POINT ( 'NONE',  ( 0.07687137008957654893, 1.201000000000000068, 0.009156795859033162871 ) ) ;
#6667 = CARTESIAN_POINT ( 'NONE',  ( 0.02935720749645281263, 1.200000000000000400, -0.1179409211090155507 ) ) ;
#6668 = DIRECTION ( 'NONE',  ( 0.000000000000000000, 0.000000000000000000, 1.000000000000000000 ) ) ;
#6669 = SURFACE_SIDE_STYLE ('',( #5457 ) ) ;
#6670 = MECHANICAL_DESIGN_GEOMETRIC_PRESENTATION_REPRESENTATION (  '', ( #5869 ), #1042 ) ;
#6671 = ADVANCED_FACE ( 'NONE', ( #4709 ), #4106, .F. ) ;
#6672 = SURFACE_STYLE_FILL_AREA ( #4084 ) ;
#6673 = PLANE ( 'NONE',  #4489 ) ;
#6674 = EDGE_LOOP ( 'NONE', ( #4462, #2304, #3643, #5026 ) ) ;
#6675 = VERTEX_POINT ( 'NONE', #1601 ) ;
#6676 = ORIENTED_EDGE ( 'NONE', *, *, #1314, .F. ) ;
#6677 = CARTESIAN_POINT ( 'NONE',  ( -0.2325812895906590461, 1.201000000000000068, 0.08366764526557586568 ) ) ;
#6678 = VERTEX_POINT ( 'NONE', #4112 ) ;
#6679 = EDGE_CURVE ( 'NONE', #3133, #1504, #510, .T. ) ;
#6680 = LINE ( 'NONE', #2401, #5681 ) ;
#6681 = LINE ( 'NONE', #7382, #2287 ) ;
#6682 = CARTESIAN_POINT ( 'NONE',  ( 1.350000000000000089, 0.8010000000000000453, -1.150999999999998469 ) ) ;
#6683 = VERTEX_POINT ( 'NONE', #7195 ) ;
#6684 = DIRECTION ( 'NONE',  ( 0.7071067811865460184, 0.000000000000000000, 0.7071067811865490160 ) ) ;
#6685 = DIRECTION ( 'NONE',  ( 0.000000000000000000, 0.000000000000000000, 1.000000000000000000 ) ) ;
#6686 = VERTEX_POINT ( 'NONE', #1685 ) ;
#6687 = DIRECTION ( 'NONE',  ( -0.000000000000000000, -1.000000000000000000, -0.000000000000000000 ) ) ;
#6688 = FILL_AREA_STYLE_COLOUR ( '', #3672 ) ;
#6689 = FACE_OUTER_BOUND ( 'NONE', #5109, .T. ) ;
#6690 = ORIENTED_EDGE ( 'NONE', *, *, #5903, .T. ) ;
#6691 = FACE_OUTER_BOUND ( 'NONE', #2514, .T. ) ;
#6692 = CARTESIAN_POINT ( 'NONE',  ( -1.499999999999999556, 0.2999999999999999889, 1.000000000000001998 ) ) ;
#6693 = AXIS2_PLACEMENT_3D ( 'NONE', #3021, #3107, #3607 ) ;
#6694 = EDGE_CURVE ( 'NONE', #6493, #1223, #3712, .T. ) ;
#6695 = FACE_OUTER_BOUND ( 'NONE', #3949, .T. ) ;
#6696 = VERTEX_POINT ( 'NONE', #4196 ) ;
#6697 = EDGE_CURVE ( 'NONE', #5548, #2769, #6576, .T. ) ;
#6698 = ORIENTED_EDGE ( 'NONE', *, *, #3580, .T. ) ;
#6699 = FACE_OUTER_BOUND ( 'NONE', #5883, .T. ) ;
#6700 = CARTESIAN_POINT ( 'NONE',  ( -0.01731996391749868192, 1.200000000000000400, -0.06743716197679318347 ) ) ;
#6701 = VECTOR ( 'NONE', #5194, 1000.000000000000114 ) ;
#6702 = FACE_OUTER_BOUND ( 'NONE', #4432, .T. ) ;
#6703 =( LENGTH_UNIT ( ) NAMED_UNIT ( * ) SI_UNIT ( .MILLI., .METRE. ) );
#6704 = SURFACE_STYLE_USAGE ( .BOTH. , #1646 ) ;
#6705 = DIRECTION ( 'NONE',  ( 0.000000000000000000, 0.000000000000000000, 1.000000000000000000 ) ) ;
#6706 = MECHANICAL_DESIGN_GEOMETRIC_PRESENTATION_REPRESENTATION (  '', ( #2119 ), #4228 ) ;
#6707 = EDGE_LOOP ( 'NONE', ( #5139, #6244, #7378, #3110 ) ) ;
#6708 = SURFACE_SIDE_STYLE ('',( #4678 ) ) ;
#6709 = CARTESIAN_POINT ( 'NONE',  ( 0.02249262793480108491, 1.200000000000000178, -0.1304824225276882965 ) ) ;
#6710 = CARTESIAN_POINT ( 'NONE',  ( -0.5999999999999997558, 0.2999999999999999889, -0.4999999999999995559 ) ) ;
#6711 = DIRECTION ( 'NONE',  ( 1.000000000000000000, 0.000000000000000000, -2.891205793294683257E-16 ) ) ;
#6712 = ORIENTED_EDGE ( 'NONE', *, *, #3907, .T. ) ;
#6713 = COLOUR_RGB ( '',1.000000000000000000, 0.8078431372549019773, 0.4980392156862745168 ) ;
#6714 = AXIS2_PLACEMENT_3D ( 'NONE', #4066, #2327, #7354 ) ;
#6715 = ORIENTED_EDGE ( 'NONE', *, *, #7037, .F. ) ;
#6716 = ORIENTED_EDGE ( 'NONE', *, *, #5390, .F. ) ;
#6717 = CARTESIAN_POINT ( 'NONE',  ( -1.350000000000000089, 0.8010000000000000453, 1.150999999999997803 ) ) ;
#6718 = VECTOR ( 'NONE', #1143, 1000.000000000000000 ) ;
#6719 = EDGE_CURVE ( 'NONE', #6696, #4991, #7540, .T. ) ;
#6720 = ORIENTED_EDGE ( 'NONE', *, *, #1794, .T. ) ;
#6721 = CIRCLE ( 'NONE', #4362, 0.1500000000000001887 ) ;
#6722 = LINE ( 'NONE', #7957, #3063 ) ;
#6723 = DIRECTION ( 'NONE',  ( -1.000000000000000000, 0.000000000000000000, 0.000000000000000000 ) ) ;
#6724 = ORIENTED_EDGE ( 'NONE', *, *, #5580, .F. ) ;
#6725 = CARTESIAN_POINT ( 'NONE',  ( 0.03646546018470422923, 1.200000000000000178, -0.02099276114133308280 ) ) ;
#6726 = ORIENTED_EDGE ( 'NONE', *, *, #278, .T. ) ;
#6727 = ADVANCED_FACE ( 'NONE', ( #5993 ), #417, .T. ) ;
#6728 = SURFACE_STYLE_FILL_AREA ( #4222 ) ;
#6729 = AXIS2_PLACEMENT_3D ( 'NONE', #4838, #384, #2291 ) ;
#6730 = CARTESIAN_POINT ( 'NONE',  ( -0.1963614107011024124, 1.201000000000000068, -0.1435297768598247370 ) ) ;
#6731 = PLANE ( 'NONE',  #4220 ) ;
#6732 = ORIENTED_EDGE ( 'NONE', *, *, #6280, .F. ) ;
#6733 = CARTESIAN_POINT ( 'NONE',  ( -0.04259047022997918680, 1.200999999999999845, -0.1665388061332676861 ) ) ;
#6734 = VECTOR ( 'NONE', #251, 1000.000000000000000 ) ;
#6735 = MECHANICAL_DESIGN_GEOMETRIC_PRESENTATION_REPRESENTATION (  '', ( #52 ), #1111 ) ;
#6736 =( GEOMETRIC_REPRESENTATION_CONTEXT ( 3 ) GLOBAL_UNCERTAINTY_ASSIGNED_CONTEXT ( ( #7531 ) ) GLOBAL_UNIT_ASSIGNED_CONTEXT ( ( #3893, #2077, #1919 ) ) REPRESENTATION_CONTEXT ( 'NONE', 'WORKASPACE' ) );
#6737 = CARTESIAN_POINT ( 'NONE',  ( -0.006618636063766012226, 1.200000000000000178, 0.05732591516408013649 ) ) ;
#6738 = ORIENTED_EDGE ( 'NONE', *, *, #5682, .T. ) ;
#6739 = ORIENTED_EDGE ( 'NONE', *, *, #5162, .T. ) ;
#6740 = DIRECTION ( 'NONE',  ( -0.000000000000000000, 0.000000000000000000, 1.000000000000000000 ) ) ;
#6741 = CARTESIAN_POINT ( 'NONE',  ( 1.349999999999998979, 0.000000000000000000, -1.149999999999999467 ) ) ;
#6742 = AXIS2_PLACEMENT_3D ( 'NONE', #2109, #4013, #7721 ) ;
#6743 = DIRECTION ( 'NONE',  ( -1.000000000000000000, 0.000000000000000000, 0.000000000000000000 ) ) ;
#6744 = CARTESIAN_POINT ( 'NONE',  ( 0.2283475384939116226, 1.200000000000000178, 0.007060543466499426615 ) ) ;
#6745 = CARTESIAN_POINT ( 'NONE',  ( -0.01580582142239754170, 1.200999999999999845, 0.08680960121771048865 ) ) ;
#6746 = EDGE_CURVE ( 'NONE', #4495, #1332, #7973, .T. ) ;
#6747 = CARTESIAN_POINT ( 'NONE',  ( 0.3634003539556817652, 1.200000000000000178, -0.1731642232240074575 ) ) ;
#6748 = CARTESIAN_POINT ( 'NONE',  ( -1.500000000000000000, 0.8009948041765538873, -0.3843917109512932084 ) ) ;
#6749 = AXIS2_PLACEMENT_3D ( 'NONE', #4429, #2565, #5689 ) ;
#6750 = SURFACE_SIDE_STYLE ('',( #7527 ) ) ;
#6751 = EDGE_CURVE ( 'NONE', #2712, #6784, #5351, .T. ) ;
#6752 = ORIENTED_EDGE ( 'NONE', *, *, #3863, .F. ) ;
#6753 = AXIS2_PLACEMENT_3D ( 'NONE', #3964, #3305, #5680 ) ;
#6754 =( NAMED_UNIT ( * ) SI_UNIT ( $, .STERADIAN. ) SOLID_ANGLE_UNIT ( ) );
#6755 = PRESENTATION_STYLE_ASSIGNMENT (( #4244 ) ) ;
#6756 = CARTESIAN_POINT ( 'NONE',  ( 0.02719033160128839915, 1.199999999999999956, -0.08934399460011126226 ) ) ;
#6757 = CARTESIAN_POINT ( 'NONE',  ( -0.8999999999999995781, 0.2999999999999999889, 0.5000000000000006661 ) ) ;
#6758 = FILL_AREA_STYLE ('',( #7206 ) ) ;
#6759 = LINE ( 'NONE', #1614, #6718 ) ;
#6760 = VERTEX_POINT ( 'NONE', #7277 ) ;
#6761 = ORIENTED_EDGE ( 'NONE', *, *, #94, .F. ) ;
#6762 = UNCERTAINTY_MEASURE_WITH_UNIT (LENGTH_MEASURE( 1.000000000000000082E-05 ), #6365, 'distance_accuracy_value', 'NONE');
#6763 = ORIENTED_EDGE ( 'NONE', *, *, #2590, .T. ) ;
#6764 = CARTESIAN_POINT ( 'NONE',  ( -1.500000000000000000, 0.8010000000000000453, 0.3608932640203327269 ) ) ;
#6765 = VERTEX_POINT ( 'NONE', #1643 ) ;
#6766 = COLOUR_RGB ( '',1.000000000000000000, 0.8078431372549019773, 0.4980392156862745168 ) ;
#6767 = FACE_OUTER_BOUND ( 'NONE', #6012, .T. ) ;
#6768 = CARTESIAN_POINT ( 'NONE',  ( 0.2402820363007421300, 1.201000000000000068, 0.04355433586610416713 ) ) ;
#6769 = ORIENTED_EDGE ( 'NONE', *, *, #3604, .F. ) ;
#6770 = CARTESIAN_POINT ( 'NONE',  ( 0.04218957565118567482, 1.199999999999999956, -0.008403551902545595975 ) ) ;
#6771 = PRESENTATION_STYLE_ASSIGNMENT (( #6811 ) ) ;
#6772 = ADVANCED_FACE ( 'NONE', ( #6656 ), #1044, .T. ) ;
#6773 = ORIENTED_EDGE ( 'NONE', *, *, #2449, .T. ) ;
#6774 = AXIS2_PLACEMENT_3D ( 'NONE', #2684, #5178, #2558 ) ;
#6775 = ORIENTED_EDGE ( 'NONE', *, *, #5246, .F. ) ;
#6776 = DIRECTION ( 'NONE',  ( -1.000000000000000000, 0.000000000000000000, 0.000000000000000000 ) ) ;
#6777 = SURFACE_STYLE_USAGE ( .BOTH. , #5476 ) ;
#6778 = ORIENTED_EDGE ( 'NONE', *, *, #2675, .T. ) ;
#6779 = DIRECTION ( 'NONE',  ( 0.000000000000000000, 0.000000000000000000, -1.000000000000000000 ) ) ;
#6780 = EDGE_CURVE ( 'NONE', #1532, #2182, #1172, .T. ) ;
#6781 = CARTESIAN_POINT ( 'NONE',  ( -1.499999999999999778, 0.2999999999999999889, -0.4999999999999993339 ) ) ;
#6782 = FACE_OUTER_BOUND ( 'NONE', #1232, .T. ) ;
#6783 = VERTEX_POINT ( 'NONE', #6168 ) ;
#6784 = VERTEX_POINT ( 'NONE', #551 ) ;
#6785 = CIRCLE ( 'NONE', #6125, 0.001000000000000024307 ) ;
#6786 = CARTESIAN_POINT ( 'NONE',  ( -0.5999999999999995337, 0.2999999999999999889, 1.150000000000000355 ) ) ;
#6787 = DIRECTION ( 'NONE',  ( 0.000000000000000000, 1.000000000000000000, 0.000000000000000000 ) ) ;
#6788 = DIRECTION ( 'NONE',  ( -0.000000000000000000, -0.000000000000000000, -1.000000000000000000 ) ) ;
#6789 = DIRECTION ( 'NONE',  ( -0.000000000000000000, -1.000000000000000000, -0.000000000000000000 ) ) ;
#6790 = CARTESIAN_POINT ( 'NONE',  ( 0.6000000000000000888, 0.2999999999999999889, -1.149999999999999245 ) ) ;
#6791 = AXIS2_PLACEMENT_3D ( 'NONE', #6295, #5536, #3747 ) ;
#6792 = ORIENTED_EDGE ( 'NONE', *, *, #2056, .F. ) ;
#6793 = FACE_OUTER_BOUND ( 'NONE', #4173, .T. ) ;
#6794 = FACE_OUTER_BOUND ( 'NONE', #7555, .T. ) ;
#6795 = DIRECTION ( 'NONE',  ( 0.000000000000000000, 0.000000000000000000, -1.000000000000000000 ) ) ;
#6796 = CARTESIAN_POINT ( 'NONE',  ( -0.08770177403243258063, 1.200000000000000178, 0.01452060374914958263 ) ) ;
#6797 = ORIENTED_EDGE ( 'NONE', *, *, #1944, .F. ) ;
#6798 = ORIENTED_EDGE ( 'NONE', *, *, #6255, .F. ) ;
#6799 = EDGE_CURVE ( 'NONE', #7787, #616, #3034, .T. ) ;
#6800 = ORIENTED_EDGE ( 'NONE', *, *, #3427, .T. ) ;
#6801 = CARTESIAN_POINT ( 'NONE',  ( -1.500000000000000000, 0.8001980445386954743, 0.3730199036575586602 ) ) ;
#6802 = VERTEX_POINT ( 'NONE', #8016 ) ;
#6803 = ADVANCED_FACE ( 'NONE', ( #4881 ), #3654, .F. ) ;
#6804 = VECTOR ( 'NONE', #6668, 1000.000000000000000 ) ;
#6805 = CARTESIAN_POINT ( 'NONE',  ( 0.05007973181321752343, 1.201000000000000068, -0.07165713007004126389 ) ) ;
#6806 = CARTESIAN_POINT ( 'NONE',  ( 0.2365484545862332200, 1.200000000000000622, 0.03346463411717258418 ) ) ;
#6807 = CARTESIAN_POINT ( 'NONE',  ( 0.02872661506851431623, 1.201000000000000068, -0.05694162888947846418 ) ) ;
#6808 = EDGE_CURVE ( 'NONE', #5758, #7285, #5527, .T. ) ;
#6809 = ORIENTED_EDGE ( 'NONE', *, *, #928, .T. ) ;
#6810 = CARTESIAN_POINT ( 'NONE',  ( 1.501000000000000112, 0.8000000000000000444, 0.9999999999999981126 ) ) ;
#6811 = SURFACE_STYLE_USAGE ( .BOTH. , #7428 ) ;
#6812 = EDGE_LOOP ( 'NONE', ( #7870, #3234, #5684, #5134 ) ) ;
#6813 = ORIENTED_EDGE ( 'NONE', *, *, #6780, .F. ) ;
#6814 =( NAMED_UNIT ( * ) PLANE_ANGLE_UNIT ( ) SI_UNIT ( $, .RADIAN. ) );
#6815 = CARTESIAN_POINT ( 'NONE',  ( -0.005660559346620632273, 1.200000000000000178, -0.04162132413408473758 ) ) ;
#6816 = FACE_OUTER_BOUND ( 'NONE', #2944, .T. ) ;
#6817 = DIRECTION ( 'NONE',  ( 1.000000000000000000, 0.000000000000000000, 0.000000000000000000 ) ) ;
#6818 = B_SPLINE_CURVE_WITH_KNOTS ( 'NONE', 3,
 ( #2123, #7602, #3324, #6415, #6535, #5696, #6378, #4520, #7075, #4592 ),
 .UNSPECIFIED., .F., .F.,
 ( 4, 3, 3, 4 ),
 ( 0.000000000000000000, 7.496965976026235785E-06, 1.215340483770477042E-05, 1.414338050706770132E-05 ),
 .UNSPECIFIED. ) ;
#6819 = ORIENTED_EDGE ( 'NONE', *, *, #159, .F. ) ;
#6820 = CARTESIAN_POINT ( 'NONE',  ( -1.500000000000000000, 0.8000000000000000444, 0.3750000000000001110 ) ) ;
#6821 = PLANE ( 'NONE',  #2838 ) ;
#6822 = LINE ( 'NONE', #1204, #313 ) ;
#6823 = ORIENTED_EDGE ( 'NONE', *, *, #7131, .F. ) ;
#6824 = CARTESIAN_POINT ( 'NONE',  ( -1.499999999999999778, 0.2999999999999999889, -0.4999999999999993339 ) ) ;
#6825 = EDGE_CURVE ( 'NONE', #7996, #6557, #7477, .T. ) ;
#6826 = CARTESIAN_POINT ( 'NONE',  ( 0.2396015758389879180, 1.201000000000000290, 0.04365653796857119073 ) ) ;
#6827 = UNCERTAINTY_MEASURE_WITH_UNIT (LENGTH_MEASURE( 1.000000000000000082E-05 ), #2078, 'distance_accuracy_value', 'NONE');
#6828 = CARTESIAN_POINT ( 'NONE',  ( 0.5774269110303344998, 1.200000000000000178, -0.1731642232240074575 ) ) ;
#6829 = AXIS2_PLACEMENT_3D ( 'NONE', #87, #2573, #215 ) ;
#6830 = CARTESIAN_POINT ( 'NONE',  ( 0.03418346026370477908, 1.200999999999999845, -0.05556388343519529094 ) ) ;
#6831 =( LENGTH_UNIT ( ) NAMED_UNIT ( * ) SI_UNIT ( .MILLI., .METRE. ) );
#6832 = ORIENTED_EDGE ( 'NONE', *, *, #604, .T. ) ;
#6833 =( GEOMETRIC_REPRESENTATION_CONTEXT ( 3 ) GLOBAL_UNCERTAINTY_ASSIGNED_CONTEXT ( ( #6297 ) ) GLOBAL_UNIT_ASSIGNED_CONTEXT ( ( #2052, #3201, #4559 ) ) REPRESENTATION_CONTEXT ( 'NONE', 'WORKASPACE' ) );
#6834 = ADVANCED_FACE ( 'NONE', ( #3613 ), #8097, .T. ) ;
#6835 = CARTESIAN_POINT ( 'NONE',  ( 0.007378846931168720792, 1.200000000000000178, -0.1409561995324493389 ) ) ;
#6836 = CARTESIAN_POINT ( 'NONE',  ( 0.2396015758389879180, 1.201000000000000290, 0.04365653796857119073 ) ) ;
#6837 =( BOUNDED_SURFACE ( )  B_SPLINE_SURFACE ( 3, 2, ( 
 ( #8095, #1201, #4953 ),
 ( #4311, #6210, #6251 ),
 ( #6901, #3775, #7391 ),
 ( #6820, #8130, #4348 ) ),
 .UNSPECIFIED., .F., .F., .T. ) 
 B_SPLINE_SURFACE_WITH_KNOTS ( ( 4, 4 ),
 ( 3, 3 ),
 ( 6.229318274638799026E-06, 2.060875624950342551E-05 ),
 ( 0.000000000000000000, 1.000000000000000000 ),
 .UNSPECIFIED. ) 
 GEOMETRIC_REPRESENTATION_ITEM ( )  RATIONAL_B_SPLINE_SURFACE ( (
 ( 1.000000000000000000, 0.7071067811865475727, 1.000000000000000000),
 ( 1.000000000000000000, 0.9301851594714299898, 1.000000000000000000),
 ( 1.000000000000000000, 0.9946573295206673215, 1.000000000000000000),
 ( 1.000000000000000000, 1.000000000000000000, 1.000000000000000000) ) ) 
 REPRESENTATION_ITEM ( '' )  SURFACE ( )  );
#6838 = CARTESIAN_POINT ( 'NONE',  ( 0.2207845808280525512, 1.201000000000000068, 0.08366764526557586568 ) ) ;
#6839 = AXIS2_PLACEMENT_3D ( 'NONE', #8088, #576, #1793 ) ;
#6840 = VERTEX_POINT ( 'NONE', #4833 ) ;
#6841 = ORIENTED_EDGE ( 'NONE', *, *, #4562, .T. ) ;
#6842 = CARTESIAN_POINT ( 'NONE',  ( 0.07618194611357016754, 1.200000000000000400, -0.005469053621631025063 ) ) ;
#6843 = ORIENTED_EDGE ( 'NONE', *, *, #1338, .T. ) ;
#6844 = CARTESIAN_POINT ( 'NONE',  ( 1.599999999999999867, 0.000000000000000000, -1.249999999999998224 ) ) ;
#6845 = CARTESIAN_POINT ( 'NONE',  ( 0.06078308135949939128, 1.201000000000000068, -0.03907830721027436005 ) ) ;
#6846 = EDGE_LOOP ( 'NONE', ( #2628, #4770, #2036, #4180 ) ) ;
#6847 = SURFACE_STYLE_FILL_AREA ( #2444 ) ;
#6848 = DIRECTION ( 'NONE',  ( 2.409338161078898687E-16, 0.000000000000000000, 1.000000000000000000 ) ) ;
#6849 = EDGE_CURVE ( 'NONE', #1701, #3795, #2368, .T. ) ;
#6850 = AXIS2_PLACEMENT_3D ( 'NONE', #7884, #870, #333 ) ;
#6851 = AXIS2_PLACEMENT_3D ( 'NONE', #6995, #3908, #260 ) ;
#6852 = B_SPLINE_SURFACE_WITH_KNOTS ( 'NONE', 3, 1, ( 
 ( #7679, #8124 ),
 ( #1315, #4547 ),
 ( #6894, #3805 ),
 ( #3768, #6281 ),
 ( #5071, #3141 ) ),
 .UNSPECIFIED., .F., .F., .F.,
 ( 4, 1, 4 ),
 ( 2, 2 ),
 ( 0.000000000000000000, 0.5660412240200516365, 0.9999999999999998890 ),
 ( 0.000000000000000000, 1.000000000000000000 ),
 .UNSPECIFIED. ) ;
#6853 = VERTEX_POINT ( 'NONE', #2943 ) ;
#6854 = ORIENTED_EDGE ( 'NONE', *, *, #2069, .F. ) ;
#6855 = CIRCLE ( 'NONE', #6054, 0.1499999999999999667 ) ;
#6856 = AXIS2_PLACEMENT_3D ( 'NONE', #675, #1291, #2495 ) ;
#6857 = FILL_AREA_STYLE ('',( #6203 ) ) ;
#6858 = FILL_AREA_STYLE ('',( #6247 ) ) ;
#6859 = B_SPLINE_CURVE_WITH_KNOTS ( 'NONE', 3,
 ( #5932, #1470, #3972, #2728, #1189, #4941, #4299, #3514, #402, #7958, #2441, #1705, #2402, #3058, #1151, #6194, #1789, #7462, #444 ),
 .UNSPECIFIED., .F., .F.,
 ( 4, 1, 1, 1, 1, 1, 1, 1, 1, 1, 1, 1, 1, 1, 1, 1, 4 ),
 ( 0.000000000000000000, 0.06350344145461801759, 0.1248046405781819135, 0.1849202801139814001, 0.2443762015685234934, 0.3037746372808737272, 0.3641325964146209238, 0.4253755063553633642, 0.4883879977208412937, 0.5517433281320240912, 0.6138598322814834418, 0.6756404471380682564, 0.7377369491926123457, 0.8004171140764982928, 0.8646584058363331327, 0.9309845230655547921, 1.000000000000000000 ),
 .UNSPECIFIED. ) ;
#6860 = LINE ( 'NONE', #4826, #6028 ) ;
#6861 = STYLED_ITEM ( 'NONE', ( #5779 ), #5812 ) ;
#6862 = SURFACE_STYLE_USAGE ( .BOTH. , #6206 ) ;
#6863 =( GEOMETRIC_REPRESENTATION_CONTEXT ( 3 ) GLOBAL_UNCERTAINTY_ASSIGNED_CONTEXT ( ( #7005 ) ) GLOBAL_UNIT_ASSIGNED_CONTEXT ( ( #6528, #289, #372 ) ) REPRESENTATION_CONTEXT ( 'NONE', 'WORKASPACE' ) );
#6864 = ORIENTED_EDGE ( 'NONE', *, *, #2456, .F. ) ;
#6865 = CARTESIAN_POINT ( 'NONE',  ( 0.03083601142429815561, 1.201000000000000068, -0.1067954110542232854 ) ) ;
#6866 = CARTESIAN_POINT ( 'NONE',  ( -0.02344892719182351329, 1.201000000000000068, -0.1721679778392642135 ) ) ;
#6867 = PRESENTATION_LAYER_ASSIGNMENT (  '', '', ( #6996 ) ) ;
#6868 = VERTEX_POINT ( 'NONE', #3077 ) ;
#6869 =( NAMED_UNIT ( * ) PLANE_ANGLE_UNIT ( ) SI_UNIT ( $, .RADIAN. ) );
#6870 = CARTESIAN_POINT ( 'NONE',  ( -0.03159995961056308311, 1.200000000000000178, 0.05132647828592287742 ) ) ;
#6871 = LINE ( 'NONE', #7565, #6032 ) ;
#6872 = CIRCLE ( 'NONE', #321, 0.1499999999999999667 ) ;
#6873 = CARTESIAN_POINT ( 'NONE',  ( 0.05715082723916915797, 1.201000000000000290, -0.04275155783679049359 ) ) ;
#6874 = EDGE_CURVE ( 'NONE', #2560, #1278, #6822, .T. ) ;
#6875 = CARTESIAN_POINT ( 'NONE',  ( -1.500000000000000000, 1.200000000000000178, -1.149999999999998357 ) ) ;
#6876 = VECTOR ( 'NONE', #7101, 1000.000000000000000 ) ;
#6877 = DIRECTION ( 'NONE',  ( 1.668003342285392537E-16, 0.000000000000000000, -1.000000000000000000 ) ) ;
#6878 = CARTESIAN_POINT ( 'NONE',  ( 0.6000000000000003109, 0.2999999999999999889, 0.5000000000000005551 ) ) ;
#6879 = LINE ( 'NONE', #4894, #1669 ) ;
#6880 = CARTESIAN_POINT ( 'NONE',  ( -1.500000000000000000, 0.8010000000000000453, 1.150999999999997803 ) ) ;
#6881 = COLOUR_RGB ( '',1.000000000000000000, 0.8078431372549019773, 0.4980392156862745168 ) ;
#6882 = ADVANCED_FACE ( 'NONE', ( #6695 ), #7313, .T. ) ;
#6883 = ORIENTED_EDGE ( 'NONE', *, *, #7934, .T. ) ;
#6884 = PLANE ( 'NONE',  #2665 ) ;
#6885 = ORIENTED_EDGE ( 'NONE', *, *, #6382, .F. ) ;
#6886 = CARTESIAN_POINT ( 'NONE',  ( -0.02420182869166053602, 1.200000000000000400, 0.05466224965558783011 ) ) ;
#6887 = CARTESIAN_POINT ( 'NONE',  ( 0.03418346026370477908, 1.199999999999999956, -0.05556388343519529094 ) ) ;
#6888 = ORIENTED_EDGE ( 'NONE', *, *, #1065, .F. ) ;
#6889 = CARTESIAN_POINT ( 'NONE',  ( -0.3412409262593289472, 1.201000000000000068, -0.1435297768598247370 ) ) ;
#6890 = DIRECTION ( 'NONE',  ( 0.000000000000000000, -1.000000000000000000, 0.000000000000000000 ) ) ;
#6891 = VECTOR ( 'NONE', #2563, 1000.000000000000000 ) ;
#6892 = ORIENTED_EDGE ( 'NONE', *, *, #3530, .F. ) ;
#6893 = ORIENTED_EDGE ( 'NONE', *, *, #3255, .F. ) ;
#6894 = CARTESIAN_POINT ( 'NONE',  ( -0.01958834799909427160, 1.200999999999999623, -0.06752795707594276553 ) ) ;
#6895 = PRESENTATION_LAYER_ASSIGNMENT (  '', '', ( #3214 ) ) ;
#6896 = CARTESIAN_POINT ( 'NONE',  ( -0.02396131514985842120, 1.200000000000000622, -0.1412950392605143435 ) ) ;
#6897 = EDGE_CURVE ( 'NONE', #495, #1223, #6121, .T. ) ;
#6898 = FACE_OUTER_BOUND ( 'NONE', #189, .T. ) ;
#6899 = DIRECTION ( 'NONE',  ( 0.000000000000000000, 0.000000000000000000, 1.000000000000000000 ) ) ;
#6900 = VERTEX_POINT ( 'NONE', #3573 ) ;
#6901 = CARTESIAN_POINT ( 'NONE',  ( -1.499999999999999556, 0.8004788673774452246, 0.3702474352528588586 ) ) ;
#6902 = CARTESIAN_POINT ( 'NONE',  ( -0.06803193431306790717, 1.201000000000000068, -0.1464637271849310030 ) ) ;
#6903 = SURFACE_SIDE_STYLE ('',( #5036 ) ) ;
#6904 = CARTESIAN_POINT ( 'NONE',  ( -0.001089389640990530254, 1.201000000000000068, 0.05724708152875118694 ) ) ;
#6905 = EDGE_CURVE ( 'NONE', #568, #7293, #463, .T. ) ;
#6906 = CARTESIAN_POINT ( 'NONE',  ( 1.350000000000000311, 0.8010000000000000453, 0.9999999999999981126 ) ) ;
#6907 = CARTESIAN_POINT ( 'NONE',  ( -1.349999999999998535, 0.2999999999999999889, -1.149999999999999023 ) ) ;
#6908 = EDGE_CURVE ( 'NONE', #4054, #3273, #6162, .T. ) ;
#6909 = CARTESIAN_POINT ( 'NONE',  ( 0.2289794121566518237, 1.200999999999999845, 0.009102175988219753100 ) ) ;
#6910 =( NAMED_UNIT ( * ) PLANE_ANGLE_UNIT ( ) SI_UNIT ( $, .RADIAN. ) );
#6911 = LINE ( 'NONE', #7403, #7372 ) ;
#6912 = FILL_AREA_STYLE ('',( #6259 ) ) ;
#6913 = CARTESIAN_POINT ( 'NONE',  ( 0.4160838141586731265, 1.201000000000000068, -0.1731642232240074575 ) ) ;
#6914 = FILL_AREA_STYLE ('',( #645 ) ) ;
#6915 = SURFACE_STYLE_USAGE ( .BOTH. , #2545 ) ;
#6916 = ORIENTED_EDGE ( 'NONE', *, *, #1855, .F. ) ;
#6917 = CARTESIAN_POINT ( 'NONE',  ( -0.5999999999999995337, 0.2999999999999999889, 1.150000000000000355 ) ) ;
#6918 = PRESENTATION_LAYER_ASSIGNMENT (  '', '', ( #2303 ) ) ;
#6919 = CARTESIAN_POINT ( 'NONE',  ( 0.2351471227522140828, 1.201000000000000068, 0.02896321652795967247 ) ) ;
#6920 = VECTOR ( 'NONE', #86, 1000.000000000000000 ) ;
#6921 = CARTESIAN_POINT ( 'NONE',  ( 1.500999999999957035, 0.8000000000000000444, 0.3608932640206401476 ) ) ;
#6922 = ORIENTED_EDGE ( 'NONE', *, *, #1463, .F. ) ;
#6923 = AXIS2_PLACEMENT_3D ( 'NONE', #7914, #7867, #4126 ) ;
#6924 = CARTESIAN_POINT ( 'NONE',  ( -1.600000000000000089, 0.8000000000000000444, -0.3750000000000000000 ) ) ;
#6925 = VERTEX_POINT ( 'NONE', #6737 ) ;
#6926 = EDGE_CURVE ( 'NONE', #1265, #6306, #1123, .T. ) ;
#6927 = AXIS2_PLACEMENT_3D ( 'NONE', #3969, #7141, #4052 ) ;
#6928 = CARTESIAN_POINT ( 'NONE',  ( -0.03798375865413246288, 1.201000000000000512, 0.04654964834412208402 ) ) ;
#6929 = CARTESIAN_POINT ( 'NONE',  ( 0.05715082723916915797, 1.200000000000000400, -0.04275155783679049359 ) ) ;
#6930 = ORIENTED_EDGE ( 'NONE', *, *, #4057, .F. ) ;
#6931 = CARTESIAN_POINT ( 'NONE',  ( -1.500000000000000000, 0.8001980101614449836, 0.3769800991770925758 ) ) ;
#6932 =( NAMED_UNIT ( * ) SI_UNIT ( $, .STERADIAN. ) SOLID_ANGLE_UNIT ( ) );
#6933 = EDGE_LOOP ( 'NONE', ( #525, #2213, #7756, #7873 ) ) ;
#6934 = EDGE_LOOP ( 'NONE', ( #2267, #8023, #4900, #5132 ) ) ;
#6935 = DIRECTION ( 'NONE',  ( 0.000000000000000000, 0.000000000000000000, -1.000000000000000000 ) ) ;
#6936 = CARTESIAN_POINT ( 'NONE',  ( -0.04626566017255619168, 1.200999999999999845, -0.1212835305697368277 ) ) ;
#6937 = ADVANCED_FACE ( 'NONE', ( #6782 ), #3029, .F. ) ;
#6938 = CARTESIAN_POINT ( 'NONE',  ( -0.5999999999999997558, 0.2999999999999999889, -0.4999999999999995559 ) ) ;
#6939 = ORIENTED_EDGE ( 'NONE', *, *, #1825, .T. ) ;
#6940 = LINE ( 'NONE', #710, #2419 ) ;
#6941 =( NAMED_UNIT ( * ) SI_UNIT ( $, .STERADIAN. ) SOLID_ANGLE_UNIT ( ) );
#6942 = ADVANCED_FACE ( 'NONE', ( #2489 ), #7070, .T. ) ;
#6943 = FILL_AREA_STYLE_COLOUR ( '', #6340 ) ;
#6944 = CARTESIAN_POINT ( 'NONE',  ( 0.04065885146851301590, 1.200000000000000400, 0.02615855993532342771 ) ) ;
#6945 = CARTESIAN_POINT ( 'NONE',  ( -0.02357526416162883734, 1.200000000000000400, 0.08576801792021440662 ) ) ;
#6946 = DIRECTION ( 'NONE',  ( 1.000000000000000000, 0.000000000000000000, 0.000000000000000000 ) ) ;
#6947 = CARTESIAN_POINT ( 'NONE',  ( 1.500000000000000222, 0.8004988010645774921, -0.3699285596777509566 ) ) ;
#6948 = DIRECTION ( 'NONE',  ( -0.000000000000000000, -0.000000000000000000, -1.000000000000000000 ) ) ;
#6949 = PLANE ( 'NONE',  #1988 ) ;
#6950 = DIRECTION ( 'NONE',  ( 0.3035516742042336791, 0.000000000000000000, 0.9528149773632899056 ) ) ;
#6951 = CARTESIAN_POINT ( 'NONE',  ( 0.04400687647504605143, 1.200000000000000178, 0.006134467017618715733 ) ) ;
#6952 = VECTOR ( 'NONE', #458, 1000.000000000000000 ) ;
#6953 = EDGE_CURVE ( 'NONE', #203, #2897, #1398, .T. ) ;
#6954 = CARTESIAN_POINT ( 'NONE',  ( 0.3271804750661250760, 1.200000000000000178, -0.1336516280717638394 ) ) ;
#6955 = UNCERTAINTY_MEASURE_WITH_UNIT (LENGTH_MEASURE( 1.000000000000000082E-05 ), #6703, 'distance_accuracy_value', 'NONE');
#6956 = CARTESIAN_POINT ( 'NONE',  ( 0.6000000000000000888, 0.2999999999999999889, -1.149999999999999245 ) ) ;
#6957 = B_SPLINE_CURVE_WITH_KNOTS ( 'NONE', 3,
 ( #1452, #1490, #5830, #5868, #6386, #5205, #1978, #4639, #3375, #7003, #7785, #7744, #889, #3951, #6472, #227, #2674, #2094, #4600 ),
 .UNSPECIFIED., .F., .F.,
 ( 4, 1, 1, 1, 1, 1, 1, 1, 1, 1, 1, 1, 1, 1, 1, 1, 4 ),
 ( 0.000000000000000000, 0.06946111841118059183, 0.1356576792112469121, 0.1996202009683168410, 0.2616514289943383531, 0.3220529346075969856, 0.3823401897046095899, 0.4432232029819942465, 0.5049299582480397675, 0.5668204626337179919, 0.6276001402177067146, 0.6874756430229487236, 0.7473511458281902886, 0.8081741791096781480, 0.8701334489244719750, 0.9337207833931581158, 1.000000000000000000 ),
 .UNSPECIFIED. ) ;
#6958 = EDGE_LOOP ( 'NONE', ( #8033, #6511, #4018 ) ) ;
#6959 = CYLINDRICAL_SURFACE ( 'NONE', #7732, 0.06250000000000027756 ) ;
#6960 = CARTESIAN_POINT ( 'NONE',  ( -1.449999999999999956, -0.001000000000000024307, 1.250000000000002220 ) ) ;
#6961 = DIRECTION ( 'NONE',  ( 1.668003342285392537E-16, 0.000000000000000000, -1.000000000000000000 ) ) ;
#6962 = VECTOR ( 'NONE', #5085, 1000.000000000000000 ) ;
#6963 = AXIS2_PLACEMENT_3D ( 'NONE', #547, #6216, #4316 ) ;
#6964 = ORIENTED_EDGE ( 'NONE', *, *, #4878, .T. ) ;
#6965 = FILL_AREA_STYLE_COLOUR ( '', #3066 ) ;
#6966 = ORIENTED_EDGE ( 'NONE', *, *, #4578, .F. ) ;
#6967 = VECTOR ( 'NONE', #4702, 1000.000000000000114 ) ;
#6968 = CARTESIAN_POINT ( 'NONE',  ( -0.05477461140556289659, 1.200000000000000400, 0.01122788748646262255 ) ) ;
#6969 = CARTESIAN_POINT ( 'NONE',  ( 0.02872661506851431623, 1.200000000000000178, -0.05694162888947846418 ) ) ;
#6970 = ORIENTED_EDGE ( 'NONE', *, *, #3804, .T. ) ;
#6971 = CARTESIAN_POINT ( 'NONE',  ( 0.01989503679927764196, 1.201000000000000290, -0.1331254650207334411 ) ) ;
#6972 = CARTESIAN_POINT ( 'NONE',  ( -0.5999999999999995337, 0.2999999999999999889, 1.150000000000000355 ) ) ;
#6973 = VECTOR ( 'NONE', #6457, 1000.000000000000000 ) ;
#6974 = ORIENTED_EDGE ( 'NONE', *, *, #129, .F. ) ;
#6975 = ORIENTED_EDGE ( 'NONE', *, *, #4039, .T. ) ;
#6976 = EDGE_CURVE ( 'NONE', #3995, #1185, #3195, .T. ) ;
#6977 = LINE ( 'NONE', #2038, #4111 ) ;
#6978 = CARTESIAN_POINT ( 'NONE',  ( -1.600000000000000089, 0.2999999999999999889, -1.250000000000000888 ) ) ;
#6979 = FILL_AREA_STYLE_COLOUR ( '', #5899 ) ;
#6980 = AXIS2_PLACEMENT_3D ( 'NONE', #2101, #1535, #4044 ) ;
#6981 = DIRECTION ( 'NONE',  ( -0.000000000000000000, -1.000000000000000000, -0.000000000000000000 ) ) ;
#6982 = LINE ( 'NONE', #1354, #6504 ) ;
#6983 = VERTEX_POINT ( 'NONE', #5767 ) ;
#6984 = LINE ( 'NONE', #2607, #7806 ) ;
#6985 = ADVANCED_FACE ( 'NONE', ( #5112 ), #4514, .T. ) ;
#6986 = AXIS2_PLACEMENT_3D ( 'NONE', #4521, #3905, #6416 ) ;
#6987 = CIRCLE ( 'NONE', #2767, 0.1000000000000001027 ) ;
#6988 = ORIENTED_EDGE ( 'NONE', *, *, #2244, .F. ) ;
#6989 = FACE_OUTER_BOUND ( 'NONE', #1739, .T. ) ;
#6990 = AXIS2_PLACEMENT_3D ( 'NONE', #275, #3387, #6096 ) ;
#6991 = PLANE ( 'NONE',  #3496 ) ;
#6992 = CARTESIAN_POINT ( 'NONE',  ( 1.500000000000000222, 0.8010000000000000453, -0.3891067359793535241 ) ) ;
#6993 = AXIS2_PLACEMENT_3D ( 'NONE', #1479, #6946, #5694 ) ;
#6994 = CARTESIAN_POINT ( 'NONE',  ( 0.04363973627445606740, 1.200000000000000400, -0.1541292236904824309 ) ) ;
#6995 = CARTESIAN_POINT ( 'NONE',  ( 0.5774269110303344998, 1.201000000000000068, 0.01848215300269484204 ) ) ;
#6996 = STYLED_ITEM ( 'NONE', ( #7393 ), #6882 ) ;
#6997 = ADVANCED_FACE ( 'NONE', ( #6288 ), #3816, .T. ) ;
#6998 = LINE ( 'NONE', #6384, #5533 ) ;
#6999 = CARTESIAN_POINT ( 'NONE',  ( 1.500000000000000222, 0.8000000000000000444, -0.3750000000000002220 ) ) ;
#7000 = CARTESIAN_POINT ( 'NONE',  ( -1.349999999999998535, 0.2999999999999999889, -1.149999999999999023 ) ) ;
#7001 = VERTEX_POINT ( 'NONE', #5078 ) ;
#7002 = DIRECTION ( 'NONE',  ( 0.3055884099676580701, 0.000000000000000000, -0.9521637063517168764 ) ) ;
#7003 = CARTESIAN_POINT ( 'NONE',  ( 0.03023381082862729857, 1.201000000000000068, 0.04266615193816902102 ) ) ;
#7004 = CARTESIAN_POINT ( 'NONE',  ( 1.500000000000000444, 0.8000000000666659394, 0.3701945665825331355 ) ) ;
#7005 = UNCERTAINTY_MEASURE_WITH_UNIT (LENGTH_MEASURE( 1.000000000000000082E-05 ), #6528, 'distance_accuracy_value', 'NONE');
#7006 = AXIS2_PLACEMENT_3D ( 'NONE', #6066, #5384, #2890 ) ;
#7007 = VERTEX_POINT ( 'NONE', #4472 ) ;
#7008 = VECTOR ( 'NONE', #1822, 1000.000000000000000 ) ;
#7009 = CARTESIAN_POINT ( 'NONE',  ( 0.05313296325196131820, 1.200000000000000178, -0.04599198140895250503 ) ) ;
#7010 = ORIENTED_EDGE ( 'NONE', *, *, #6746, .T. ) ;
#7011 = B_SPLINE_CURVE_WITH_KNOTS ( 'NONE', 3,
 ( #6764, #440, #2305, #3510, #2266, #1147, #6801, #4296, #1023, #7990 ),
 .UNSPECIFIED., .F., .F.,
 ( 4, 3, 3, 4 ),
 ( 0.000000000000000000, 7.496965975660586061E-06, 1.215340483770942572E-05, 1.414338050707241930E-05 ),
 .UNSPECIFIED. ) ;
#7012 = CARTESIAN_POINT ( 'NONE',  ( -0.4762422930294945012, 1.200000000000000178, 0.08366764526557586568 ) ) ;
#7013 = SURFACE_STYLE_USAGE ( .BOTH. , #272 ) ;
#7014 = VERTEX_POINT ( 'NONE', #6371 ) ;
#7015 = LINE ( 'NONE', #1949, #1862 ) ;
#7016 = PRESENTATION_LAYER_ASSIGNMENT (  '', '', ( #2414 ) ) ;
#7017 = VERTEX_POINT ( 'NONE', #752 ) ;
#7018 = AXIS2_PLACEMENT_3D ( 'NONE', #2744, #2671, #1527 ) ;
#7019 = ORIENTED_EDGE ( 'NONE', *, *, #3278, .F. ) ;
#7020 = DIRECTION ( 'NONE',  ( 0.000000000000000000, -1.000000000000000000, 0.000000000000000000 ) ) ;
#7021 =( NAMED_UNIT ( * ) PLANE_ANGLE_UNIT ( ) SI_UNIT ( $, .RADIAN. ) );
#7022 = AXIS2_PLACEMENT_3D ( 'NONE', #1233, #4907, #4218 ) ;
#7023 = DIRECTION ( 'NONE',  ( 0.000000000000000000, -1.000000000000000000, 0.000000000000000000 ) ) ;
#7024 = CARTESIAN_POINT ( 'NONE',  ( -0.4762422930294945012, 1.201000000000000068, 0.08366764526557586568 ) ) ;
#7025 = LINE ( 'NONE', #6320, #1903 ) ;
#7026 = ORIENTED_EDGE ( 'NONE', *, *, #5871, .F. ) ;
#7027 = EDGE_CURVE ( 'NONE', #5717, #6783, #442, .T. ) ;
#7028 = CARTESIAN_POINT ( 'NONE',  ( -1.099999999999998979, 1.201000000000000068, 0.8000000000000022649 ) ) ;
#7029 = LINE ( 'NONE', #7644, #5070 ) ;
#7030 = DIRECTION ( 'NONE',  ( 1.000000000000000000, 0.000000000000000000, 0.000000000000000000 ) ) ;
#7031 = FILL_AREA_STYLE ('',( #4518 ) ) ;
#7032 = EDGE_CURVE ( 'NONE', #314, #568, #5893, .T. ) ;
#7033 = CARTESIAN_POINT ( 'NONE',  ( -0.05895570330960506894, 1.199999999999999512, -0.1560069433595828448 ) ) ;
#7034 = ADVANCED_FACE ( 'NONE', ( #1550 ), #2445, .T. ) ;
#7035 = CARTESIAN_POINT ( 'NONE',  ( 0.06168496539642959881, 1.201000000000000068, -0.1246277965743420590 ) ) ;
#7036 = DIRECTION ( 'NONE',  ( 1.000000000000000000, 0.000000000000000000, 0.000000000000000000 ) ) ;
#7037 = EDGE_CURVE ( 'NONE', #7667, #545, #4058, .T. ) ;
#7038 = UNCERTAINTY_MEASURE_WITH_UNIT (LENGTH_MEASURE( 1.000000000000000082E-05 ), #7449, 'distance_accuracy_value', 'NONE');
#7039 = LINE ( 'NONE', #182, #8049 ) ;
#7040 = CARTESIAN_POINT ( 'NONE',  ( 1.500000000000000222, 0.8009999999999869447, -0.3869622877440332398 ) ) ;
#7041 = CARTESIAN_POINT ( 'NONE',  ( -1.350000000000000089, 1.050000000000000044, 0.9999999999999978906 ) ) ;
#7042 = VERTEX_POINT ( 'NONE', #992 ) ;
#7043 = LINE ( 'NONE', #5243, #7854 ) ;
#7044 = LINE ( 'NONE', #3292, #4164 ) ;
#7045 =( LENGTH_UNIT ( ) NAMED_UNIT ( * ) SI_UNIT ( .MILLI., .METRE. ) );
#7046 = MECHANICAL_DESIGN_GEOMETRIC_PRESENTATION_REPRESENTATION (  '', ( #1013 ), #6405 ) ;
#7047 = ORIENTED_EDGE ( 'NONE', *, *, #20, .F. ) ;
#7048 = B_SPLINE_CURVE_WITH_KNOTS ( 'NONE', 3,
 ( #3381, #7791, #7130, #5289, #2754, #271, #7053, #145, #2634, #3958, #5136, #3342, #7669, #851, #2029, #4539, #194, #2680, #5174 ),
 .UNSPECIFIED., .F., .F.,
 ( 4, 1, 1, 1, 1, 1, 1, 1, 1, 1, 1, 1, 1, 1, 1, 1, 4 ),
 ( 0.000000000000000000, 0.06705099218804647099, 0.1311799203918655454, 0.1937216912651207601, 0.2544994837594224957, 0.3147627139698850329, 0.3751170680683988956, 0.4360228218750032414, 0.4982967466743265517, 0.5605706714736496954, 0.6216191234624538486, 0.6819734775609676003, 0.7428529083782500209, 0.8042715696802856806, 0.8674725557694046296, 0.9322728234051279594, 1.000000000000000000 ),
 .UNSPECIFIED. ) ;
#7049 = CARTESIAN_POINT ( 'NONE',  ( -1.350000000000000089, 1.200000000000000178, 0.9999999999999978906 ) ) ;
#7050 = ORIENTED_EDGE ( 'NONE', *, *, #1182, .F. ) ;
#7051 = CARTESIAN_POINT ( 'NONE',  ( 1.450000000000000844, 0.000000000000000000, 1.250000000000001776 ) ) ;
#7052 = PRESENTATION_LAYER_ASSIGNMENT (  '', '', ( #5449 ) ) ;
#7053 = CARTESIAN_POINT ( 'NONE',  ( 0.03877072387546543625, 1.201000000000000290, -0.01700054161393270077 ) ) ;
#7054 = CARTESIAN_POINT ( 'NONE',  ( -0.008868230864093966034, 1.200000000000000178, -0.04153634281216489477 ) ) ;
#7055 = CARTESIAN_POINT ( 'NONE',  ( 0.6000000000000003109, 0.2999999999999999889, 0.5000000000000005551 ) ) ;
#7056 = VERTEX_POINT ( 'NONE', #6565 ) ;
#7057 = CARTESIAN_POINT ( 'NONE',  ( -1.599999999999999867, 0.2999999999999999889, 1.100000000000002309 ) ) ;
#7058 = CARTESIAN_POINT ( 'NONE',  ( 0.07687137008957654893, 1.200000000000000178, 0.009156795859033162871 ) ) ;
#7059 = ADVANCED_FACE ( 'NONE', ( #6643 ), #3481, .T. ) ;
#7060 = ORIENTED_EDGE ( 'NONE', *, *, #7619, .T. ) ;
#7061 = VERTEX_POINT ( 'NONE', #1033 ) ;
#7062 = EDGE_CURVE ( 'NONE', #2107, #1191, #3522, .T. ) ;
#7063 = EDGE_CURVE ( 'NONE', #1872, #4273, #7767, .T. ) ;
#7064 = CARTESIAN_POINT ( 'NONE',  ( 0.6000000000000004219, 0.000000000000000000, 1.150000000000000133 ) ) ;
#7065 = SURFACE_STYLE_FILL_AREA ( #4548 ) ;
#7066 = CARTESIAN_POINT ( 'NONE',  ( -1.500000000000000000, 0.8008334448248917159, -0.3841095033189200758 ) ) ;
#7067 = DIRECTION ( 'NONE',  ( -0.000000000000000000, -1.000000000000000000, -0.000000000000000000 ) ) ;
#7068 = ORIENTED_EDGE ( 'NONE', *, *, #7662, .F. ) ;
#7069 = FACE_OUTER_BOUND ( 'NONE', #4835, .T. ) ;
#7070 = CYLINDRICAL_SURFACE ( 'NONE', #6074, 0.1499999999999999667 ) ;
#7071 = CARTESIAN_POINT ( 'NONE',  ( 0.04400687647504605143, 1.201000000000000068, 0.006134467017618715733 ) ) ;
#7072 = LINE ( 'NONE', #3938, #6172 ) ;
#7073 = DIRECTION ( 'NONE',  ( 0.000000000000000000, 0.000000000000000000, 1.000000000000000000 ) ) ;
#7074 = CIRCLE ( 'NONE', #1817, 0.1499999999999999667 ) ;
#7075 = CARTESIAN_POINT ( 'NONE',  ( 1.500000000000000222, 0.8000660148462328536, 0.3756600321141470022 ) ) ;
#7076 = DIRECTION ( 'NONE',  ( -0.9521637063517168764, 0.000000000000000000, -0.3055884099676580701 ) ) ;
#7077 = CARTESIAN_POINT ( 'NONE',  ( 0.0009268468666852118206, 1.200000000000000178, -0.04154729640095634197 ) ) ;
#7078 = EDGE_CURVE ( 'NONE', #7017, #495, #912, .T. ) ;
#7079 =( LENGTH_UNIT ( ) NAMED_UNIT ( * ) SI_UNIT ( .MILLI., .METRE. ) );
#7080 = CARTESIAN_POINT ( 'NONE',  ( 0.3271804750661250760, 1.201000000000000068, 0.08366764526557586568 ) ) ;
#7081 = PRESENTATION_STYLE_ASSIGNMENT (( #1975 ) ) ;
#7082 = EDGE_LOOP ( 'NONE', ( #2176, #2955, #4458, #1465 ) ) ;
#7083 =( LENGTH_UNIT ( ) NAMED_UNIT ( * ) SI_UNIT ( .MILLI., .METRE. ) );
#7084 = CARTESIAN_POINT ( 'NONE',  ( 1.499999999999999778, 0.8009948041765538873, 0.3843917109512967056 ) ) ;
#7085 = ORIENTED_EDGE ( 'NONE', *, *, #4264, .F. ) ;
#7086 = ADVANCED_FACE ( 'NONE', ( #496 ), #1196, .T. ) ;
#7087 =( LENGTH_UNIT ( ) NAMED_UNIT ( * ) SI_UNIT ( .MILLI., .METRE. ) );
#7088 = ORIENTED_EDGE ( 'NONE', *, *, #7215, .F. ) ;
#7089 = PRESENTATION_STYLE_ASSIGNMENT (( #1422 ) ) ;
#7090 = SURFACE_STYLE_USAGE ( .BOTH. , #2142 ) ;
#7091 = ORIENTED_EDGE ( 'NONE', *, *, #6253, .T. ) ;
#7092 = CARTESIAN_POINT ( 'NONE',  ( -1.500000000000000000, 0.8001326668683482746, 0.3763200004419203215 ) ) ;
#7093 = CARTESIAN_POINT ( 'NONE',  ( 1.600000000000000755, 0.000000000000000000, 1.100000000000001865 ) ) ;
#7094 = VECTOR ( 'NONE', #5030, 1000.000000000000000 ) ;
#7095 = ORIENTED_EDGE ( 'NONE', *, *, #3890, .T. ) ;
#7096 = ORIENTED_EDGE ( 'NONE', *, *, #165, .T. ) ;
#7097 = FACE_OUTER_BOUND ( 'NONE', #3024, .T. ) ;
#7098 = FILL_AREA_STYLE_COLOUR ( '', #906 ) ;
#7099 = AXIS2_PLACEMENT_3D ( 'NONE', #1405, #5773, #5156 ) ;
#7100 = ADVANCED_FACE ( 'NONE', ( #4265 ), #3742, .F. ) ;
#7101 = DIRECTION ( 'NONE',  ( -1.000000000000000000, 0.000000000000000000, 0.000000000000000000 ) ) ;
#7102 =( NAMED_UNIT ( * ) PLANE_ANGLE_UNIT ( ) SI_UNIT ( $, .RADIAN. ) );
#7103 = ORIENTED_EDGE ( 'NONE', *, *, #7557, .T. ) ;
#7104 = SURFACE_SIDE_STYLE ('',( #3318 ) ) ;
#7105 = FILL_AREA_STYLE_COLOUR ( '', #2765 ) ;
#7106 = CARTESIAN_POINT ( 'NONE',  ( -0.08389397865952628874, 1.200000000000000178, -0.1098558620101963840 ) ) ;
#7107 = CARTESIAN_POINT ( 'NONE',  ( 0.3271804750661250760, 1.201000000000000068, -0.1336516280717638394 ) ) ;
#7108 = CARTESIAN_POINT ( 'NONE',  ( -0.08738567358062651613, 1.200000000000000178, 0.01713441752177097613 ) ) ;
#7109 = CARTESIAN_POINT ( 'NONE',  ( 0.06175105590922467386, 1.200000000000000400, -0.09224736684362377925 ) ) ;
#7110 = CARTESIAN_POINT ( 'NONE',  ( -1.600000000000000089, 0.2999999999999999889, -1.100000000000000977 ) ) ;
#7111 = DIRECTION ( 'NONE',  ( -1.000000000000000000, 0.000000000000000000, 2.891205793294682764E-16 ) ) ;
#7112 = CARTESIAN_POINT ( 'NONE',  ( -0.009293968027199152326, 1.201000000000000068, -0.1731642232240074575 ) ) ;
#7113 = AXIS2_PLACEMENT_3D ( 'NONE', #5043, #8020, #3038 ) ;
#7114 = CIRCLE ( 'NONE', #3565, 0.1499999999999999667 ) ;
#7115 = AXIS2_PLACEMENT_3D ( 'NONE', #2472, #7491, #1979 ) ;
#7116 = UNCERTAINTY_MEASURE_WITH_UNIT (LENGTH_MEASURE( 1.000000000000000082E-05 ), #6532, 'distance_accuracy_value', 'NONE');
#7117 = COLOUR_RGB ( '',1.000000000000000000, 0.8078431372549019773, 0.4980392156862745168 ) ;
#7118 =( NAMED_UNIT ( * ) PLANE_ANGLE_UNIT ( ) SI_UNIT ( $, .RADIAN. ) );
#7119 = VECTOR ( 'NONE', #7472, 1000.000000000000000 ) ;
#7120 = DIRECTION ( 'NONE',  ( 0.000000000000000000, 0.000000000000000000, -1.000000000000000000 ) ) ;
#7121 = ORIENTED_EDGE ( 'NONE', *, *, #7481, .F. ) ;
#7122 = FILL_AREA_STYLE ('',( #2709 ) ) ;
#7123 = CARTESIAN_POINT ( 'NONE',  ( 1.500340844438840859, 0.8000000000000002665, 0.3844815369695542828 ) ) ;
#7124 = B_SPLINE_CURVE_WITH_KNOTS ( 'NONE', 3,
 ( #5293, #7832, #1537, #1570, #357, #6553, #2835, #7868, #2220, #4724, #1613, #4205, #1695, #3543, #1058 ),
 .UNSPECIFIED., .F., .F.,
 ( 4, 1, 1, 1, 1, 1, 1, 1, 1, 1, 1, 1, 4 ),
 ( 0.000000000000000000, 0.09205398927685794208, 0.1810079047848992539, 0.2691300759875086546, 0.3571374727068740151, 0.4435490135848204618, 0.5264334456319729183, 0.6074529357589963929, 0.6883846385144206659, 0.7678538499318542376, 0.8455305897600622345, 0.9225294439554587722, 0.9999999999999998890 ),
 .UNSPECIFIED. ) ;
#7125 = ADVANCED_FACE ( 'NONE', ( #3019 ), #1115, .F. ) ;
#7126 = EDGE_LOOP ( 'NONE', ( #5222, #8031, #1823, #2000 ) ) ;
#7127 = SURFACE_SIDE_STYLE ('',( #4603 ) ) ;
#7128 = ORIENTED_EDGE ( 'NONE', *, *, #5745, .T. ) ;
#7129 = FACE_OUTER_BOUND ( 'NONE', #7202, .T. ) ;
#7130 = CARTESIAN_POINT ( 'NONE',  ( 0.04389281811935420718, 1.200999999999999845, 0.001109831966801543262 ) ) ;
#7131 = EDGE_CURVE ( 'NONE', #314, #4918, #6112, .T. ) ;
#7132 = FILL_AREA_STYLE_COLOUR ( '', #6766 ) ;
#7133 = PRESENTATION_STYLE_ASSIGNMENT (( #7172 ) ) ;
#7134 = ORIENTED_EDGE ( 'NONE', *, *, #4330, .T. ) ;
#7135 = CARTESIAN_POINT ( 'NONE',  ( 0.06348708085121013145, 1.200000000000000400, 0.05131037806356572584 ) ) ;
#7136 = AXIS2_PLACEMENT_3D ( 'NONE', #7590, #1952, #3228 ) ;
#7137 = PRESENTATION_LAYER_ASSIGNMENT (  '', '', ( #52 ) ) ;
#7138 = ORIENTED_EDGE ( 'NONE', *, *, #1954, .T. ) ;
#7139 = ORIENTED_EDGE ( 'NONE', *, *, #8009, .F. ) ;
#7140 = FACE_OUTER_BOUND ( 'NONE', #4651, .T. ) ;
#7141 = DIRECTION ( 'NONE',  ( 0.000000000000000000, 1.000000000000000000, 0.000000000000000000 ) ) ;
#7142 = AXIS2_PLACEMENT_3D ( 'NONE', #5551, #7336, #6101 ) ;
#7143 = SURFACE_STYLE_USAGE ( .BOTH. , #1544 ) ;
#7144 =( NAMED_UNIT ( * ) SI_UNIT ( $, .STERADIAN. ) SOLID_ANGLE_UNIT ( ) );
#7145 = ORIENTED_EDGE ( 'NONE', *, *, #6002, .T. ) ;
#7146 = LINE ( 'NONE', #1547, #734 ) ;
#7147 = CARTESIAN_POINT ( 'NONE',  ( 0.07682230931435413135, 1.201000000000000068, 0.0003746452085303843683 ) ) ;
#7148 = STYLED_ITEM ( 'NONE', ( #2104 ), #4078 ) ;
#7149 = CARTESIAN_POINT ( 'NONE',  ( -0.5999999999999995337, 0.2999999999999999889, 1.150000000000000355 ) ) ;
#7150 = DIRECTION ( 'NONE',  ( 0.000000000000000000, -1.000000000000000000, 0.000000000000000000 ) ) ;
#7151 = CARTESIAN_POINT ( 'NONE',  ( -0.01429175535601883915, 1.201000000000000290, -0.06755277781244188595 ) ) ;
#7152 = CARTESIAN_POINT ( 'NONE',  ( 1.600000000000000533, 0.2999999999999999889, -1.100000000000001421 ) ) ;
#7153 = DIRECTION ( 'NONE',  ( 0.000000000000000000, -1.000000000000000000, 0.000000000000000000 ) ) ;
#7154 = STYLED_ITEM ( 'NONE', ( #4635 ), #4186 ) ;
#7155 = EDGE_CURVE ( 'NONE', #5181, #1834, #4464, .T. ) ;
#7156 = CARTESIAN_POINT ( 'NONE',  ( -0.004746220444384423136, 1.200000000000000178, 0.05729921906142235871 ) ) ;
#7157 = ADVANCED_FACE ( 'NONE', ( #2602 ), #5104, .T. ) ;
#7158 = LINE ( 'NONE', #2055, #6205 ) ;
#7159 = FILL_AREA_STYLE_COLOUR ( '', #5947 ) ;
#7160 = ORIENTED_EDGE ( 'NONE', *, *, #7872, .T. ) ;
#7161 = FILL_AREA_STYLE ('',( #2093 ) ) ;
#7162 = DIRECTION ( 'NONE',  ( -0.7071067811865467956, 0.000000000000000000, 0.7071067811865483499 ) ) ;
#7163 = B_SPLINE_CURVE_WITH_KNOTS ( 'NONE', 3,
 ( #2999, #6178, #558, #3043, #1329, #1897, #5663, #6261, #643, #7529 ),
 .UNSPECIFIED., .F., .F.,
 ( 4, 3, 3, 4 ),
 ( -1.989975068978886528E-06, 0.000000000000000000, 5.722852849417507028E-06, 1.215876385604863888E-05 ),
 .UNSPECIFIED. ) ;
#7164 = AXIS2_PLACEMENT_3D ( 'NONE', #3437, #6061, #4694 ) ;
#7165 = EDGE_LOOP ( 'NONE', ( #1078, #7295, #2551, #5909 ) ) ;
#7166 = FILL_AREA_STYLE ('',( #2098 ) ) ;
#7167 = ORIENTED_EDGE ( 'NONE', *, *, #2363, .F. ) ;
#7168 = CARTESIAN_POINT ( 'NONE',  ( -0.04794586348521340941, 1.200000000000000178, -0.1173956532512630963 ) ) ;
#7169 = DIRECTION ( 'NONE',  ( 1.000000000000000000, 0.000000000000000000, -0.000000000000000000 ) ) ;
#7170 = AXIS2_PLACEMENT_3D ( 'NONE', #4363, #3783, #3159 ) ;
#7171 = SURFACE_STYLE_FILL_AREA ( #7712 ) ;
#7172 = SURFACE_STYLE_USAGE ( .BOTH. , #4607 ) ;
#7173 = CARTESIAN_POINT ( 'NONE',  ( 0.6000000000000000888, 0.000000000000000000, -1.149999999999999245 ) ) ;
#7174 = CARTESIAN_POINT ( 'NONE',  ( 0.04687040090244701945, 1.199999999999999956, 0.06913981037546580721 ) ) ;
#7175 = ORIENTED_EDGE ( 'NONE', *, *, #5875, .T. ) ;
#7176 = ORIENTED_EDGE ( 'NONE', *, *, #3531, .T. ) ;
#7177 = CIRCLE ( 'NONE', #5187, 0.0009999999999999158867 ) ;
#7178 = CARTESIAN_POINT ( 'NONE',  ( 0.1526665131437159872, 1.200000000000000178, 0.08366764526557586568 ) ) ;
#7179 = PRESENTATION_STYLE_ASSIGNMENT (( #3391 ) ) ;
#7180 = EDGE_CURVE ( 'NONE', #6100, #7789, #6977, .T. ) ;
#7181 = CARTESIAN_POINT ( 'NONE',  ( 0.0003085799162202997308, 1.200000000000000178, -0.06966411381468699815 ) ) ;
#7182 = CARTESIAN_POINT ( 'NONE',  ( 1.349999999999999201, 0.000000000000000000, 1.149999999999999911 ) ) ;
#7183 = VERTEX_POINT ( 'NONE', #1350 ) ;
#7184 = CARTESIAN_POINT ( 'NONE',  ( -1.599999999999998979, 0.2999999999999998779, -1.099999999999997868 ) ) ;
#7185 = DIRECTION ( 'NONE',  ( 0.000000000000000000, -1.000000000000000000, 0.000000000000000000 ) ) ;
#7186 = EDGE_CURVE ( 'NONE', #3895, #2804, #4373, .T. ) ;
#7187 = CARTESIAN_POINT ( 'NONE',  ( 0.2207845808280525512, 1.201000000000000068, 0.08366764526557586568 ) ) ;
#7188 = CARTESIAN_POINT ( 'NONE',  ( 1.500000000000000222, 1.050000000000000044, -1.149999999999998357 ) ) ;
#7189 = CARTESIAN_POINT ( 'NONE',  ( 0.02519603027258092431, 1.200000000000000844, -0.08568952672227261869 ) ) ;
#7190 =( GEOMETRIC_REPRESENTATION_CONTEXT ( 3 ) GLOBAL_UNCERTAINTY_ASSIGNED_CONTEXT ( ( #2740 ) ) GLOBAL_UNIT_ASSIGNED_CONTEXT ( ( #1075, #6644, #7999 ) ) REPRESENTATION_CONTEXT ( 'NONE', 'WORKASPACE' ) );
#7191 = CARTESIAN_POINT ( 'NONE',  ( 1.449999999999999956, 0.2999999999999998779, -1.249999999999998224 ) ) ;
#7192 = DIRECTION ( 'NONE',  ( -1.000000000000000000, 0.000000000000000000, 0.000000000000000000 ) ) ;
#7193 = CARTESIAN_POINT ( 'NONE',  ( -0.01049807639906127389, 1.201000000000000068, 0.08690957757199541112 ) ) ;
#7194 = VECTOR ( 'NONE', #5585, 1000.000000000000000 ) ;
#7195 = CARTESIAN_POINT ( 'NONE',  ( -1.099999999999998979, 1.200000000000000178, 0.7375000000000020428 ) ) ;
#7196 = CARTESIAN_POINT ( 'NONE',  ( -0.05720786773054815227, 1.200000000000000178, 0.07159607653475276445 ) ) ;
#7197 = EDGE_CURVE ( 'NONE', #7309, #1265, #783, .T. ) ;
#7198 = SURFACE_STYLE_FILL_AREA ( #5446 ) ;
#7199 = LINE ( 'NONE', #4072, #2112 ) ;
#7200 = CARTESIAN_POINT ( 'NONE',  ( -1.599999999999999201, 1.201000000000000068, -0.2749999999999999112 ) ) ;
#7201 = EDGE_CURVE ( 'NONE', #2879, #7017, #4749, .T. ) ;
#7202 = EDGE_LOOP ( 'NONE', ( #3766, #1249, #7176, #1419 ) ) ;
#7203 = VERTEX_POINT ( 'NONE', #2646 ) ;
#7204 = CARTESIAN_POINT ( 'NONE',  ( 0.01794423707170190660, 1.201000000000000068, 0.08381566159121944803 ) ) ;
#7205 = FILL_AREA_STYLE ('',( #5211 ) ) ;
#7206 = FILL_AREA_STYLE_COLOUR ( '', #5313 ) ;
#7207 = CARTESIAN_POINT ( 'NONE',  ( 0.009728560938623672522, 1.200000000000000178, 0.08567055296371647866 ) ) ;
#7208 = ORIENTED_EDGE ( 'NONE', *, *, #3205, .F. ) ;
#7209 = VERTEX_POINT ( 'NONE', #7631 ) ;
#7210 = CARTESIAN_POINT ( 'NONE',  ( 1.500340955828528999, 0.8000000000000001554, -0.3844823663344402731 ) ) ;
#7211 = FACE_OUTER_BOUND ( 'NONE', #8052, .T. ) ;
#7212 = PRESENTATION_LAYER_ASSIGNMENT (  '', '', ( #5892 ) ) ;
#7213 = CARTESIAN_POINT ( 'NONE',  ( 0.008515664985498062542, 1.199999999999999512, -0.07263125186875712958 ) ) ;
#7214 = CARTESIAN_POINT ( 'NONE',  ( 1.500000000000000222, 1.200000000000000178, 1.149999999999997913 ) ) ;
#7215 = EDGE_CURVE ( 'NONE', #4284, #4077, #6872, .T. ) ;
#7216 = EDGE_LOOP ( 'NONE', ( #7473, #3140, #7936 ) ) ;
#7217 = FACE_OUTER_BOUND ( 'NONE', #6436, .T. ) ;
#7218 = EDGE_CURVE ( 'NONE', #571, #4284, #3268, .T. ) ;
#7219 =( GEOMETRIC_REPRESENTATION_CONTEXT ( 3 ) GLOBAL_UNCERTAINTY_ASSIGNED_CONTEXT ( ( #1937 ) ) GLOBAL_UNIT_ASSIGNED_CONTEXT ( ( #5658, #6910, #3156 ) ) REPRESENTATION_CONTEXT ( 'NONE', 'WORKASPACE' ) );
#7220 = CARTESIAN_POINT ( 'NONE',  ( -0.07192560892124862104, 1.200000000000000400, -0.1410313993275841005 ) ) ;
#7221 = DIRECTION ( 'NONE',  ( 1.000000000000000000, 0.000000000000000000, 0.000000000000000000 ) ) ;
#7222 = CARTESIAN_POINT ( 'NONE',  ( -0.05148189514287597468, 1.201000000000000068, -0.1040171817075811744 ) ) ;
#7223 = CARTESIAN_POINT ( 'NONE',  ( 1.350000000000000089, 1.050000000000000044, 1.149999999999997913 ) ) ;
#7224 = CARTESIAN_POINT ( 'NONE',  ( -1.500999999999999890, 0.8010000000000022657, 0.3608932640203325604 ) ) ;
#7225 = VECTOR ( 'NONE', #339, 1000.000000000000000 ) ;
#7226 = EDGE_CURVE ( 'NONE', #1834, #415, #3848, .T. ) ;
#7227 = CARTESIAN_POINT ( 'NONE',  ( 0.06168496539642959881, 1.200000000000000622, -0.1246277965743420590 ) ) ;
#7228 = COLOUR_RGB ( '',1.000000000000000000, 0.8078431372549019773, 0.4980392156862745168 ) ;
#7229 = UNCERTAINTY_MEASURE_WITH_UNIT (LENGTH_MEASURE( 1.000000000000000082E-05 ), #7748, 'distance_accuracy_value', 'NONE');
#7230 = CARTESIAN_POINT ( 'NONE',  ( 0.009310324038901992769, 1.199999999999999956, 0.05539069827821972714 ) ) ;
#7231 = CARTESIAN_POINT ( 'NONE',  ( 1.350000000000000311, 1.050000000000000044, 0.9999999999999981126 ) ) ;
#7232 = CARTESIAN_POINT ( 'NONE',  ( 1.350000000000000311, 0.8010000000000000453, 0.9999999999999981126 ) ) ;
#7233 = CARTESIAN_POINT ( 'NONE',  ( 0.06376317405116789516, 1.201000000000000068, -0.1078758335779174682 ) ) ;
#7234 = CARTESIAN_POINT ( 'NONE',  ( 1.600000000000000533, 0.2999999999999999889, -1.100000000000001421 ) ) ;
#7235 = STYLED_ITEM ( 'NONE', ( #4713 ), #1828 ) ;
#7236 = CARTESIAN_POINT ( 'NONE',  ( -0.008264994195109499203, 1.201000000000000068, -0.1435297768598247370 ) ) ;
#7237 = ORIENTED_EDGE ( 'NONE', *, *, #3224, .F. ) ;
#7238 = EDGE_CURVE ( 'NONE', #3693, #5717, #3320, .T. ) ;
#7239 = COLOUR_RGB ( '',0.2509803921568627416, 0.2509803921568627416, 0.2509803921568627416 ) ;
#7240 = ORIENTED_EDGE ( 'NONE', *, *, #641, .T. ) ;
#7241 = DIRECTION ( 'NONE',  ( 1.000000000000000000, 0.000000000000000000, -0.000000000000000000 ) ) ;
#7242 = CARTESIAN_POINT ( 'NONE',  ( 0.01711324206459058014, 1.199999999999999956, -0.1356068894117085921 ) ) ;
#7243 = VECTOR ( 'NONE', #5141, 1000.000000000000114 ) ;
#7244 = LINE ( 'NONE', #6094, #6146 ) ;
#7245 = LINE ( 'NONE', #2341, #243 ) ;
#7246 = CARTESIAN_POINT ( 'NONE',  ( -0.5124621719190511904, 1.201000000000000068, 0.08366764526557586568 ) ) ;
#7247 = VECTOR ( 'NONE', #4752, 1000.000000000000000 ) ;
#7248 = VERTEX_POINT ( 'NONE', #662 ) ;
#7249 = ORIENTED_EDGE ( 'NONE', *, *, #1846, .F. ) ;
#7250 = ORIENTED_EDGE ( 'NONE', *, *, #1543, .F. ) ;
#7251 = CARTESIAN_POINT ( 'NONE',  ( -0.01731996391749868192, 1.201000000000000290, -0.06743716197679318347 ) ) ;
#7252 = ORIENTED_EDGE ( 'NONE', *, *, #4587, .T. ) ;
#7253 = VECTOR ( 'NONE', #2059, 1000.000000000000000 ) ;
#7254 = VECTOR ( 'NONE', #1515, 1000.000000000000000 ) ;
#7255 = CARTESIAN_POINT ( 'NONE',  ( -1.599999999999999867, 0.2999999999999999889, 1.100000000000002309 ) ) ;
#7256 = SURFACE_STYLE_USAGE ( .BOTH. , #3316 ) ;
#7257 = DIRECTION ( 'NONE',  ( 0.000000000000000000, -1.000000000000000000, 0.000000000000000000 ) ) ;
#7258 = EDGE_LOOP ( 'NONE', ( #6841, #1146, #574, #184 ) ) ;
#7259 = DIRECTION ( 'NONE',  ( 0.000000000000000000, 0.000000000000000000, -1.000000000000000000 ) ) ;
#7260 = CARTESIAN_POINT ( 'NONE',  ( -1.349999999999998535, 0.2999999999999999889, -1.149999999999999023 ) ) ;
#7261 =( GEOMETRIC_REPRESENTATION_CONTEXT ( 3 ) GLOBAL_UNCERTAINTY_ASSIGNED_CONTEXT ( ( #1639 ) ) GLOBAL_UNIT_ASSIGNED_CONTEXT ( ( #1672, #7469, #2278 ) ) REPRESENTATION_CONTEXT ( 'NONE', 'WORKASPACE' ) );
#7262 = DIRECTION ( 'NONE',  ( 0.000000000000000000, 0.000000000000000000, -1.000000000000000000 ) ) ;
#7263 = CARTESIAN_POINT ( 'NONE',  ( 0.4160838141586731265, 1.201000000000000068, 0.08366764526557586568 ) ) ;
#7264 = CARTESIAN_POINT ( 'NONE',  ( 0.02998021986333426411, 1.201000000000000068, -0.09749136798716036278 ) ) ;
#7265 = MECHANICAL_DESIGN_GEOMETRIC_PRESENTATION_REPRESENTATION (  '', ( #3985 ), #4117 ) ;
#7266 = LINE ( 'NONE', #8127, #1474 ) ;
#7267 = ADVANCED_FACE ( 'NONE', ( #5028 ), #1879, .F. ) ;
#7268 = DIRECTION ( 'NONE',  ( 0.1138384583614893975, 0.000000000000000000, -0.9934992729730000027 ) ) ;
#7269 = VECTOR ( 'NONE', #3596, 1000.000000000000000 ) ;
#7270 = CYLINDRICAL_SURFACE ( 'NONE', #3095, 0.1000000000000001027 ) ;
#7271 = COLOUR_RGB ( '',1.000000000000000000, 0.8078431372549019773, 0.4980392156862745168 ) ;
#7272 = CARTESIAN_POINT ( 'NONE',  ( 0.03344369975884049773, 1.200000000000000400, 0.03887023202817671552 ) ) ;
#7273 = ADVANCED_FACE ( 'NONE', ( #746 ), #6852, .T. ) ;
#7274 = EDGE_CURVE ( 'NONE', #1958, #2988, #1392, .T. ) ;
#7275 =( LENGTH_UNIT ( ) NAMED_UNIT ( * ) SI_UNIT ( .MILLI., .METRE. ) );
#7276 = AXIS2_PLACEMENT_3D ( 'NONE', #6589, #3466, #5330 ) ;
#7277 = CARTESIAN_POINT ( 'NONE',  ( -1.499999999999999778, 0.2999999999999999889, -0.4999999999999993339 ) ) ;
#7278 = CARTESIAN_POINT ( 'NONE',  ( 0.0006463911402308138978, 1.200999999999999845, -0.1728418818233695142 ) ) ;
#7279 = CARTESIAN_POINT ( 'NONE',  ( -0.08676367965047014630, 1.200999999999999845, 0.02227764427719212265 ) ) ;
#7280 = DIRECTION ( 'NONE',  ( 0.7071067811865466846, 0.000000000000000000, -0.7071067811865483499 ) ) ;
#7281 = DIRECTION ( 'NONE',  ( 1.000000000000000000, 0.000000000000000000, -0.000000000000000000 ) ) ;
#7282 = ORIENTED_EDGE ( 'NONE', *, *, #862, .T. ) ;
#7283 = VECTOR ( 'NONE', #3343, 1000.000000000000000 ) ;
#7284 = ADVANCED_FACE ( 'NONE', ( #116 ), #5640, .F. ) ;
#7285 = VERTEX_POINT ( 'NONE', #6400 ) ;
#7286 = CARTESIAN_POINT ( 'NONE',  ( 0.07674820536997686848, 1.201000000000000068, 0.01459107594744134435 ) ) ;
#7287 = CARTESIAN_POINT ( 'NONE',  ( 0.007378846931168720792, 1.200000000000000178, -0.1409561995324493389 ) ) ;
#7288 = DIRECTION ( 'NONE',  ( 1.000000000000000000, 0.000000000000000000, 0.000000000000000000 ) ) ;
#7289 = PLANE ( 'NONE',  #7276 ) ;
#7290 = B_SPLINE_CURVE_WITH_KNOTS ( 'NONE', 3,
 ( #1708, #7427, #1751, #1109, #6770, #3726, #1792, #6725, #4821, #3682, #6108, #532, #3061, #5469, #4864, #6241, #658, #8119, #7961 ),
 .UNSPECIFIED., .F., .F.,
 ( 4, 1, 1, 1, 1, 1, 1, 1, 1, 1, 1, 1, 1, 1, 1, 1, 4 ),
 ( 0.000000000000000000, 0.06705099218804647099, 0.1311799203918655454, 0.1937216912651207601, 0.2544994837594224957, 0.3147627139698850329, 0.3751170680683988956, 0.4360228218750032414, 0.4982967466743265517, 0.5605706714736496954, 0.6216191234624538486, 0.6819734775609676003, 0.7428529083782500209, 0.8042715696802856806, 0.8674725557694046296, 0.9322728234051279594, 1.000000000000000000 ),
 .UNSPECIFIED. ) ;
#7291 = VERTEX_POINT ( 'NONE', #5759 ) ;
#7292 = EDGE_LOOP ( 'NONE', ( #4415, #2962, #3933, #5325 ) ) ;
#7293 = VERTEX_POINT ( 'NONE', #7064 ) ;
#7294 = LINE ( 'NONE', #2923, #8063 ) ;
#7295 = ORIENTED_EDGE ( 'NONE', *, *, #267, .F. ) ;
#7296 = FACE_OUTER_BOUND ( 'NONE', #6102, .T. ) ;
#7297 = CARTESIAN_POINT ( 'NONE',  ( 0.2320135102615615841, 1.200000000000000400, 0.01875242511492107925 ) ) ;
#7298 = FACE_OUTER_BOUND ( 'NONE', #3647, .T. ) ;
#7299 = ORIENTED_EDGE ( 'NONE', *, *, #4705, .F. ) ;
#7300 = UNCERTAINTY_MEASURE_WITH_UNIT (LENGTH_MEASURE( 1.000000000000000082E-05 ), #7405, 'distance_accuracy_value', 'NONE');
#7301 = CARTESIAN_POINT ( 'NONE',  ( -1.499999999999999778, 0.2999999999999999889, -0.4999999999999993339 ) ) ;
#7302 = ADVANCED_FACE ( 'NONE', ( #3731 ), #2832, .F. ) ;
#7303 = COLOUR_RGB ( '',1.000000000000000000, 1.000000000000000000, 1.000000000000000000 ) ;
#7304 = EDGE_CURVE ( 'NONE', #4918, #2133, #363, .T. ) ;
#7305 = ORIENTED_EDGE ( 'NONE', *, *, #6039, .F. ) ;
#7306 = CARTESIAN_POINT ( 'NONE',  ( -1.350000000000000089, 1.050000000000000044, 1.149999999999997913 ) ) ;
#7307 =( LENGTH_UNIT ( ) NAMED_UNIT ( * ) SI_UNIT ( .MILLI., .METRE. ) );
#7308 = CIRCLE ( 'NONE', #7575, 0.1499999999999999667 ) ;
#7309 = VERTEX_POINT ( 'NONE', #2689 ) ;
#7310 = LINE ( 'NONE', #2320, #3416 ) ;
#7311 = CARTESIAN_POINT ( 'NONE',  ( 0.2422819831605622920, 1.200000000000000400, 0.03688636731697997329 ) ) ;
#7312 = STYLED_ITEM ( 'NONE', ( #6004 ), #4747 ) ;
#7313 = CYLINDRICAL_SURFACE ( 'NONE', #1874, 0.1499999999999999667 ) ;
#7314 = ORIENTED_EDGE ( 'NONE', *, *, #5656, .F. ) ;
#7315 = LINE ( 'NONE', #919, #6325 ) ;
#7316 = AXIS2_PLACEMENT_3D ( 'NONE', #3446, #1484, #5949 ) ;
#7317 = DIRECTION ( 'NONE',  ( 0.000000000000000000, 0.000000000000000000, 1.000000000000000000 ) ) ;
#7318 = DIRECTION ( 'NONE',  ( 0.000000000000000000, -0.000000000000000000, 1.000000000000000000 ) ) ;
#7319 = CARTESIAN_POINT ( 'NONE',  ( -0.08676367965047014630, 1.199999999999999956, 0.02227764427719212265 ) ) ;
#7320 = PRESENTATION_STYLE_ASSIGNMENT (( #6704 ) ) ;
#7321 = DIRECTION ( 'NONE',  ( 1.000000000000000000, 0.000000000000000000, -2.891205793294682764E-16 ) ) ;
#7322 = DIRECTION ( 'NONE',  ( 2.168404344971006659E-14, 0.000000000000000000, 1.000000000000000000 ) ) ;
#7323 = EDGE_CURVE ( 'NONE', #115, #6186, #3472, .T. ) ;
#7324 = VERTEX_POINT ( 'NONE', #7178 ) ;
#7325 = CARTESIAN_POINT ( 'NONE',  ( 0.02576636020521533982, 1.200000000000000844, 0.08122803785758696271 ) ) ;
#7326 = CARTESIAN_POINT ( 'NONE',  ( 0.02249262793480108491, 1.201000000000000068, -0.1304824225276882965 ) ) ;
#7327 = DIRECTION ( 'NONE',  ( 0.000000000000000000, 0.000000000000000000, 1.000000000000000000 ) ) ;
#7328 = CARTESIAN_POINT ( 'NONE',  ( -0.01393100994911279991, 1.201000000000000290, -0.04078598994165809344 ) ) ;
#7329 = VECTOR ( 'NONE', #1377, 1000.000000000000000 ) ;
#7330 = FILL_AREA_STYLE_COLOUR ( '', #6097 ) ;
#7331 = DIRECTION ( 'NONE',  ( 0.000000000000000000, 0.000000000000000000, -1.000000000000000000 ) ) ;
#7332 = ADVANCED_FACE ( 'NONE', ( #7097 ), #3927, .F. ) ;
#7333 = VERTEX_POINT ( 'NONE', #2841 ) ;
#7334 = ORIENTED_EDGE ( 'NONE', *, *, #2735, .T. ) ;
#7335 = EDGE_LOOP ( 'NONE', ( #2593, #1168, #2448, #2598 ) ) ;
#7336 = DIRECTION ( 'NONE',  ( 0.000000000000000000, -1.000000000000000000, -0.000000000000000000 ) ) ;
#7337 = ORIENTED_EDGE ( 'NONE', *, *, #204, .T. ) ;
#7338 = CARTESIAN_POINT ( 'NONE',  ( 1.600000000000000755, 0.2999999999999999889, 1.250000000000001776 ) ) ;
#7339 = CARTESIAN_POINT ( 'NONE',  ( 0.2336622094860409116, 1.199999999999999956, 0.02405101724558774551 ) ) ;
#7340 = CARTESIAN_POINT ( 'NONE',  ( 1.600000000000000755, 0.000000000000000000, -0.3750000000000000000 ) ) ;
#7341 = ORIENTED_EDGE ( 'NONE', *, *, #1429, .F. ) ;
#7342 = FACE_OUTER_BOUND ( 'NONE', #8044, .T. ) ;
#7343 = VERTEX_POINT ( 'NONE', #4051 ) ;
#7344 = CARTESIAN_POINT ( 'NONE',  ( -0.02544885719100715982, 1.200000000000000178, -0.03816285645384186881 ) ) ;
#7345 = ADVANCED_FACE ( 'NONE', ( #282 ), #6558, .T. ) ;
#7346 = DIRECTION ( 'NONE',  ( 0.7071067811865466846, 0.000000000000000000, 0.7071067811865483499 ) ) ;
#7347 = ORIENTED_EDGE ( 'NONE', *, *, #2289, .T. ) ;
#7348 =( NAMED_UNIT ( * ) PLANE_ANGLE_UNIT ( ) SI_UNIT ( $, .RADIAN. ) );
#7349 = LINE ( 'NONE', #6252, #3756 ) ;
#7350 = SURFACE_STYLE_USAGE ( .BOTH. , #589 ) ;
#7351 = ORIENTED_EDGE ( 'NONE', *, *, #5937, .F. ) ;
#7352 = ORIENTED_EDGE ( 'NONE', *, *, #2117, .F. ) ;
#7353 = PRESENTATION_STYLE_ASSIGNMENT (( #2 ) ) ;
#7354 = DIRECTION ( 'NONE',  ( 1.668003342285392290E-16, 0.000000000000000000, 1.000000000000000000 ) ) ;
#7355 = STYLED_ITEM ( 'NONE', ( #2822 ), #3173 ) ;
#7356 = PRESENTATION_LAYER_ASSIGNMENT (  '', '', ( #5632 ) ) ;
#7357 = DIRECTION ( 'NONE',  ( 0.000000000000000000, 0.000000000000000000, -1.000000000000000000 ) ) ;
#7358 = CARTESIAN_POINT ( 'NONE',  ( 0.2396015758389879180, 1.200000000000000400, 0.04365653796857119073 ) ) ;
#7359 = CARTESIAN_POINT ( 'NONE',  ( -0.08508746390201030185, 1.199999999999999956, 0.02976147448647631019 ) ) ;
#7360 = CARTESIAN_POINT ( 'NONE',  ( -0.01587640557001166255, 1.201000000000000290, 0.05673167592557083749 ) ) ;
#7361 = CARTESIAN_POINT ( 'NONE',  ( -0.04208598807773997891, 1.201000000000000068, -0.1281104162194585117 ) ) ;
#7362 = VECTOR ( 'NONE', #2989, 1000.000000000000000 ) ;
#7363 = ORIENTED_EDGE ( 'NONE', *, *, #1902, .T. ) ;
#7364 =( GEOMETRIC_REPRESENTATION_CONTEXT ( 3 ) GLOBAL_UNCERTAINTY_ASSIGNED_CONTEXT ( ( #4105 ) ) GLOBAL_UNIT_ASSIGNED_CONTEXT ( ( #681, #4445, #3748 ) ) REPRESENTATION_CONTEXT ( 'NONE', 'WORKASPACE' ) );
#7365 = FACE_OUTER_BOUND ( 'NONE', #8129, .T. ) ;
#7366 = CARTESIAN_POINT ( 'NONE',  ( 0.02252299695561876119, 1.199999999999999956, -0.08250351757933073460 ) ) ;
#7367 = ADVANCED_FACE ( 'NONE', ( #7140 ), #3968, .F. ) ;
#7368 = DIRECTION ( 'NONE',  ( 0.000000000000000000, 0.000000000000000000, -1.000000000000000000 ) ) ;
#7369 = CARTESIAN_POINT ( 'NONE',  ( -0.02341410417408456082, 1.201000000000000512, -0.03870424316334224180 ) ) ;
#7370 = CARTESIAN_POINT ( 'NONE',  ( -0.5999999999999997558, 0.000000000000000000, -0.4999999999999995559 ) ) ;
#7371 = VERTEX_POINT ( 'NONE', #2226 ) ;
#7372 = VECTOR ( 'NONE', #50, 1000.000000000000000 ) ;
#7373 = VECTOR ( 'NONE', #2498, 1000.000000000000000 ) ;
#7374 = ORIENTED_EDGE ( 'NONE', *, *, #4557, .F. ) ;
#7375 = ORIENTED_EDGE ( 'NONE', *, *, #711, .T. ) ;
#7376 = LINE ( 'NONE', #3676, #4512 ) ;
#7377 = AXIS2_PLACEMENT_3D ( 'NONE', #1462, #900, #5964 ) ;
#7378 = ORIENTED_EDGE ( 'NONE', *, *, #2900, .T. ) ;
#7379 = ADVANCED_FACE ( 'NONE', ( #2763 ), #2575, .F. ) ;
#7380 = STYLED_ITEM ( 'NONE', ( #5529 ), #6048 ) ;
#7381 = CARTESIAN_POINT ( 'NONE',  ( 0.05506386484715815322, 1.201000000000000290, -0.07804146731245151236 ) ) ;
#7382 = CARTESIAN_POINT ( 'NONE',  ( 1.450000000000000622, 0.2999999999999999889, -1.250000000000001332 ) ) ;
#7383 = CARTESIAN_POINT ( 'NONE',  ( 0.2468149276040078610, 1.199999999999999956, 0.02220808482966069378 ) ) ;
#7384 = ORIENTED_EDGE ( 'NONE', *, *, #4239, .F. ) ;
#7385 = LINE ( 'NONE', #4260, #1782 ) ;
#7386 = EDGE_LOOP ( 'NONE', ( #1816, #6141, #6008 ) ) ;
#7387 = DIRECTION ( 'NONE',  ( 0.000000000000000000, -1.000000000000000000, -0.000000000000000000 ) ) ;
#7388 = DIRECTION ( 'NONE',  ( 0.000000000000000000, 0.000000000000000000, -1.000000000000000000 ) ) ;
#7389 = CARTESIAN_POINT ( 'NONE',  ( -1.500000000000000000, 0.8010000000000000453, 1.149999999999997913 ) ) ;
#7390 = ORIENTED_EDGE ( 'NONE', *, *, #5246, .T. ) ;
#7391 = CARTESIAN_POINT ( 'NONE',  ( -1.500000000000000000, 0.8000000000593897598, 0.3701934773344845442 ) ) ;
#7392 =( NAMED_UNIT ( * ) PLANE_ANGLE_UNIT ( ) SI_UNIT ( $, .RADIAN. ) );
#7393 = PRESENTATION_STYLE_ASSIGNMENT (( #7350 ) ) ;
#7394 = ORIENTED_EDGE ( 'NONE', *, *, #4957, .T. ) ;
#7395 = ORIENTED_EDGE ( 'NONE', *, *, #2987, .T. ) ;
#7396 =( NAMED_UNIT ( * ) PLANE_ANGLE_UNIT ( ) SI_UNIT ( $, .RADIAN. ) );
#7397 = CARTESIAN_POINT ( 'NONE',  ( 0.1164466342541592564, 1.201000000000000068, -0.1731642232240074575 ) ) ;
#7398 =( GEOMETRIC_REPRESENTATION_CONTEXT ( 3 ) GLOBAL_UNCERTAINTY_ASSIGNED_CONTEXT ( ( #1741 ) ) GLOBAL_UNIT_ASSIGNED_CONTEXT ( ( #7087, #4642, #5915 ) ) REPRESENTATION_CONTEXT ( 'NONE', 'WORKASPACE' ) );
#7399 = DIRECTION ( 'NONE',  ( -1.000000000000000000, 0.000000000000000000, 0.000000000000000000 ) ) ;
#7400 = DIRECTION ( 'NONE',  ( -0.000000000000000000, -0.000000000000000000, 1.000000000000000000 ) ) ;
#7401 = CARTESIAN_POINT ( 'NONE',  ( 0.1526665131437159872, 1.201000000000000068, -0.1336516280717638394 ) ) ;
#7402 = LINE ( 'NONE', #7445, #3033 ) ;
#7403 = CARTESIAN_POINT ( 'NONE',  ( -0.5999999999999995337, 0.2999999999999999889, 1.150000000000000355 ) ) ;
#7404 = VECTOR ( 'NONE', #923, 1000.000000000000000 ) ;
#7405 =( LENGTH_UNIT ( ) NAMED_UNIT ( * ) SI_UNIT ( .MILLI., .METRE. ) );
#7406 = EDGE_CURVE ( 'NONE', #611, #29, #7011, .T. ) ;
#7407 = MECHANICAL_DESIGN_GEOMETRIC_PRESENTATION_REPRESENTATION (  '', ( #8048 ), #5948 ) ;
#7408 = EDGE_CURVE ( 'NONE', #2712, #5472, #4816, .T. ) ;
#7409 = ORIENTED_EDGE ( 'NONE', *, *, #623, .T. ) ;
#7410 = AXIS2_PLACEMENT_3D ( 'NONE', #4510, #3896, #5185 ) ;
#7411 = FACE_OUTER_BOUND ( 'NONE', #5069, .T. ) ;
#7412 = FACE_OUTER_BOUND ( 'NONE', #5878, .T. ) ;
#7413 = CARTESIAN_POINT ( 'NONE',  ( 0.02519603027258092431, 1.200000000000000622, -0.08568952672227261869 ) ) ;
#7414 = FACE_OUTER_BOUND ( 'NONE', #2138, .T. ) ;
#7415 = DIRECTION ( 'NONE',  ( 0.000000000000000000, 0.000000000000000000, 1.000000000000000000 ) ) ;
#7416 = CARTESIAN_POINT ( 'NONE',  ( -1.450000000000000178, 0.2999999999999999889, -1.250000000000000888 ) ) ;
#7417 = ORIENTED_EDGE ( 'NONE', *, *, #353, .F. ) ;
#7418 = VERTEX_POINT ( 'NONE', #1660 ) ;
#7419 = PRODUCT_DEFINITION_CONTEXT ( 'detailed design', #291, 'design' ) ;
#7420 = ORIENTED_EDGE ( 'NONE', *, *, #1522, .T. ) ;
#7421 = CARTESIAN_POINT ( 'NONE',  ( -0.01958834799909427160, 1.199999999999999734, -0.06752795707594276553 ) ) ;
#7422 = ORIENTED_EDGE ( 'NONE', *, *, #311, .T. ) ;
#7423 = AXIS2_PLACEMENT_3D ( 'NONE', #5762, #1883, #6404 ) ;
#7424 = DIRECTION ( 'NONE',  ( -1.000000000000000000, 0.000000000000000000, 0.000000000000000000 ) ) ;
#7425 = CARTESIAN_POINT ( 'NONE',  ( 0.06975118922501870322, 1.201000000000000290, -0.02628953272017995821 ) ) ;
#7426 = EDGE_LOOP ( 'NONE', ( #1884, #1622, #2920, #3547 ) ) ;
#7427 = CARTESIAN_POINT ( 'NONE',  ( 0.04396829658951284525, 1.199999999999999956, 0.004434899774773526544 ) ) ;
#7428 = SURFACE_SIDE_STYLE ('',( #7962 ) ) ;
#7429 = ORIENTED_EDGE ( 'NONE', *, *, #380, .F. ) ;
#7430 = PRESENTATION_LAYER_ASSIGNMENT (  '', '', ( #6111 ) ) ;
#7431 = ORIENTED_EDGE ( 'NONE', *, *, #4239, .T. ) ;
#7432 = ADVANCED_FACE ( 'NONE', ( #3053 ), #5372, .T. ) ;
#7433 =( LENGTH_UNIT ( ) NAMED_UNIT ( * ) SI_UNIT ( .MILLI., .METRE. ) );
#7434 = DIRECTION ( 'NONE',  ( -1.734723475976807094E-16, -0.000000000000000000, -1.000000000000000000 ) ) ;
#7435 = LINE ( 'NONE', #4346, #6336 ) ;
#7436 = EDGE_LOOP ( 'NONE', ( #2678, #8078, #3051 ) ) ;
#7437 = DIRECTION ( 'NONE',  ( -1.000000000000000000, 0.000000000000000000, 0.000000000000000000 ) ) ;
#7438 = DIRECTION ( 'NONE',  ( -1.000000000000000000, 0.000000000000000000, 0.000000000000000000 ) ) ;
#7439 = EDGE_CURVE ( 'NONE', #8045, #3555, #3549, .T. ) ;
#7440 = VERTEX_POINT ( 'NONE', #3637 ) ;
#7441 = B_SPLINE_SURFACE_WITH_KNOTS ( 'NONE', 3, 1, ( 
 ( #2906, #2951 ),
 ( #4154, #3579 ),
 ( #6745, #1559 ),
 ( #2330, #2207 ),
 ( #1727, #7975 ),
 ( #4070, #2292 ),
 ( #512, #2992 ),
 ( #1004, #6658 ),
 ( #2170, #7196 ),
 ( #5353, #6577 ),
 ( #2249, #961 ),
 ( #3451, #3491 ),
 ( #5319, #4840 ),
 ( #3535, #7899 ),
 ( #7819, #1046 ),
 ( #6035, #7359 ),
 ( #7279, #7319 ),
 ( #4235, #1131 ),
 ( #3621, #4754 ) ),
 .UNSPECIFIED., .F., .F., .F.,
 ( 4, 1, 1, 1, 1, 1, 1, 1, 1, 1, 1, 1, 1, 1, 1, 1, 4 ),
 ( 2, 2 ),
 ( 0.000000000000000000, 0.06779439940133691334, 0.1334641369291915958, 0.1969337335573705106, 0.2584806216111271149, 0.3197865376803742943, 0.3804313677831003826, 0.4409901724489918018, 0.5028674288973122852, 0.5648063393097807472, 0.6255263416925381792, 0.6856036068581818910, 0.7460408460006123788, 0.8073467620698592251, 0.8697170363588135888, 0.9337895409055553264, 1.000000000000000000 ),
 ( 0.000000000000000000, 1.000000000000000000 ),
 .UNSPECIFIED. ) ;
#7442 = VECTOR ( 'NONE', #7672, 1000.000000000000000 ) ;
#7443 =( LENGTH_UNIT ( ) NAMED_UNIT ( * ) SI_UNIT ( .MILLI., .METRE. ) );
#7444 = CARTESIAN_POINT ( 'NONE',  ( -0.04589797309975071626, 1.199999999999999956, 0.03645552651064323108 ) ) ;
#7445 = CARTESIAN_POINT ( 'NONE',  ( 1.599999999999999867, 0.000000000000000000, -1.249999999999998224 ) ) ;
#7446 = DIRECTION ( 'NONE',  ( -1.000000000000000000, 0.000000000000000000, 0.000000000000000000 ) ) ;
#7447 =( GEOMETRIC_REPRESENTATION_CONTEXT ( 3 ) GLOBAL_UNCERTAINTY_ASSIGNED_CONTEXT ( ( #7882 ) ) GLOBAL_UNIT_ASSIGNED_CONTEXT ( ( #2917, #4167, #5409 ) ) REPRESENTATION_CONTEXT ( 'NONE', 'WORKASPACE' ) );
#7448 = ORIENTED_EDGE ( 'NONE', *, *, #3409, .T. ) ;
#7449 =( LENGTH_UNIT ( ) NAMED_UNIT ( * ) SI_UNIT ( .MILLI., .METRE. ) );
#7450 = EDGE_CURVE ( 'NONE', #545, #7209, #2347, .T. ) ;
#7451 = LINE ( 'NONE', #3666, #6043 ) ;
#7452 =( NAMED_UNIT ( * ) PLANE_ANGLE_UNIT ( ) SI_UNIT ( $, .RADIAN. ) );
#7453 = CARTESIAN_POINT ( 'NONE',  ( 0.03081167989572683452, 1.200000000000000178, -0.1081005286155194839 ) ) ;
#7454 = CARTESIAN_POINT ( 'NONE',  ( -0.5999999999999995337, 0.000000000000000000, 1.150000000000000355 ) ) ;
#7455 = DIRECTION ( 'NONE',  ( 0.000000000000000000, 0.000000000000000000, -1.000000000000000000 ) ) ;
#7456 = ORIENTED_EDGE ( 'NONE', *, *, #6237, .T. ) ;
#7457 = ORIENTED_EDGE ( 'NONE', *, *, #7694, .T. ) ;
#7458 = CARTESIAN_POINT ( 'NONE',  ( -1.600000000000000089, 0.2999999999999999889, -1.250000000000000888 ) ) ;
#7459 = ORIENTED_EDGE ( 'NONE', *, *, #534, .F. ) ;
#7460 = TOROIDAL_SURFACE ( 'NONE', #117, 0.1509999999999999953, 0.001000000000000000021 ) ;
#7461 = DIRECTION ( 'NONE',  ( -0.000000000000000000, -1.000000000000000000, -0.000000000000000000 ) ) ;
#7462 = CARTESIAN_POINT ( 'NONE',  ( -0.004797644277317030664, 1.201000000000000290, 0.08689292902703563137 ) ) ;
#7463 = VECTOR ( 'NONE', #1551, 1000.000000000000000 ) ;
#7464 = CARTESIAN_POINT ( 'NONE',  ( 0.1709307986633077092, 1.201000000000000068, -0.1731642232240074575 ) ) ;
#7465 = ORIENTED_EDGE ( 'NONE', *, *, #1122, .T. ) ;
#7466 = FILL_AREA_STYLE_COLOUR ( '', #4715 ) ;
#7467 = ORIENTED_EDGE ( 'NONE', *, *, #1008, .T. ) ;
#7468 = ORIENTED_EDGE ( 'NONE', *, *, #911, .F. ) ;
#7469 =( NAMED_UNIT ( * ) PLANE_ANGLE_UNIT ( ) SI_UNIT ( $, .RADIAN. ) );
#7470 = CARTESIAN_POINT ( 'NONE',  ( -0.02396131514985842120, 1.201000000000000512, -0.1412950392605143435 ) ) ;
#7471 =( NAMED_UNIT ( * ) PLANE_ANGLE_UNIT ( ) SI_UNIT ( $, .RADIAN. ) );
#7472 = DIRECTION ( 'NONE',  ( 0.000000000000000000, 0.000000000000000000, -1.000000000000000000 ) ) ;
#7473 = ORIENTED_EDGE ( 'NONE', *, *, #5354, .T. ) ;
#7474 = FILL_AREA_STYLE_COLOUR ( '', #3398 ) ;
#7475 = EDGE_CURVE ( 'NONE', #3803, #4131, #7376, .T. ) ;
#7476 = DIRECTION ( 'NONE',  ( 0.000000000000000000, -1.000000000000000000, 0.000000000000000000 ) ) ;
#7477 = LINE ( 'NONE', #6214, #2250 ) ;
#7478 = EDGE_LOOP ( 'NONE', ( #2554, #5552, #114, #1347 ) ) ;
#7479 = SURFACE_SIDE_STYLE ('',( #4355 ) ) ;
#7480 = CARTESIAN_POINT ( 'NONE',  ( 1.500000000000000444, 0.2999999999999999889, 0.5000000000000003331 ) ) ;
#7481 = EDGE_CURVE ( 'NONE', #5635, #4857, #4211, .T. ) ;
#7482 = CARTESIAN_POINT ( 'NONE',  ( -0.05348630073664145668, 1.199999999999999956, 0.01703451770472232119 ) ) ;
#7483 = UNCERTAINTY_MEASURE_WITH_UNIT (LENGTH_MEASURE( 1.000000000000000082E-05 ), #1688, 'distance_accuracy_value', 'NONE');
#7484 = CARTESIAN_POINT ( 'NONE',  ( 1.600000000000000533, 0.000000000000000000, -1.100000000000001421 ) ) ;
#7485 = VECTOR ( 'NONE', #2535, 1000.000000000000000 ) ;
#7486 = DIRECTION ( 'NONE',  ( 0.000000000000000000, -1.000000000000000000, 6.125742274542951418E-12 ) ) ;
#7487 = LINE ( 'NONE', #5008, #7902 ) ;
#7488 = CARTESIAN_POINT ( 'NONE',  ( -0.5999999999999996447, 0.000000000000000000, -1.149999999999999023 ) ) ;
#7489 = CARTESIAN_POINT ( 'NONE',  ( 0.1164466342541592564, 1.201000000000000068, 0.08366764526557586568 ) ) ;
#7490 = CARTESIAN_POINT ( 'NONE',  ( 0.4523036930482297602, 1.201000000000000068, -0.1079787309611264234 ) ) ;
#7491 = DIRECTION ( 'NONE',  ( 0.000000000000000000, 0.000000000000000000, -1.000000000000000000 ) ) ;
#7492 = PRESENTATION_LAYER_ASSIGNMENT (  '', '', ( #150 ) ) ;
#7493 = EDGE_CURVE ( 'NONE', #4927, #6557, #1114, .T. ) ;
#7494 = EDGE_LOOP ( 'NONE', ( #6064, #6009, #3508, #7881, #4571, #2719, #6423 ) ) ;
#7495 = PRESENTATION_LAYER_ASSIGNMENT (  '', '', ( #6454 ) ) ;
#7496 = CARTESIAN_POINT ( 'NONE',  ( 0.03057094880999404116, 1.200000000000000178, -0.05647597110780924051 ) ) ;
#7497 = ORIENTED_EDGE ( 'NONE', *, *, #6230, .F. ) ;
#7498 = CARTESIAN_POINT ( 'NONE',  ( -0.03159995961056308311, 1.200000000000000400, 0.05132647828592287742 ) ) ;
#7499 = CARTESIAN_POINT ( 'NONE',  ( -1.499999999999999778, 0.000000000000000000, -0.4999999999999993339 ) ) ;
#7500 = VERTEX_POINT ( 'NONE', #4133 ) ;
#7501 = SURFACE_STYLE_USAGE ( .BOTH. , #4944 ) ;
#7502 = CARTESIAN_POINT ( 'NONE',  ( 1.500000000000000222, 1.050000000000000044, -0.9999999999999985567 ) ) ;
#7503 = PRESENTATION_LAYER_ASSIGNMENT (  '', '', ( #3295 ) ) ;
#7504 = VECTOR ( 'NONE', #2705, 1000.000000000000000 ) ;
#7505 = EDGE_CURVE ( 'NONE', #887, #6493, #1186, .T. ) ;
#7506 = ORIENTED_EDGE ( 'NONE', *, *, #613, .F. ) ;
#7507 = ORIENTED_EDGE ( 'NONE', *, *, #928, .F. ) ;
#7508 = VECTOR ( 'NONE', #3003, 1000.000000000000000 ) ;
#7509 = PRESENTATION_LAYER_ASSIGNMENT (  '', '', ( #3431 ) ) ;
#7510 = DIRECTION ( 'NONE',  ( 1.000000000000000000, 0.000000000000000000, -1.355252715606880543E-16 ) ) ;
#7511 = CARTESIAN_POINT ( 'NONE',  ( -0.008264994195109499203, 1.200000000000000178, -0.1435297768598247370 ) ) ;
#7512 = CARTESIAN_POINT ( 'NONE',  ( 0.6000000000000001998, 0.2999999999999999889, -0.4999999999999996669 ) ) ;
#7513 = VECTOR ( 'NONE', #377, 1000.000000000000000 ) ;
#7514 = DIRECTION ( 'NONE',  ( -0.7071067811865483499, 0.000000000000000000, 0.7071067811865466846 ) ) ;
#7515 = CARTESIAN_POINT ( 'NONE',  ( -0.5999999999999997558, 0.2999999999999999889, 0.8000000000000005995 ) ) ;
#7516 = ORIENTED_EDGE ( 'NONE', *, *, #54, .F. ) ;
#7517 = CARTESIAN_POINT ( 'NONE',  ( -0.03651607122138197242, 1.201000000000000068, -0.1689322973932892713 ) ) ;
#7518 = VECTOR ( 'NONE', #4958, 1000.000000000000000 ) ;
#7519 = FILL_AREA_STYLE ('',( #6452 ) ) ;
#7520 = CARTESIAN_POINT ( 'NONE',  ( 1.599999999999999867, 0.8000000000000000444, -1.099999999999998312 ) ) ;
#7521 = FACE_OUTER_BOUND ( 'NONE', #4579, .T. ) ;
#7522 = FILL_AREA_STYLE ('',( #2372 ) ) ;
#7523 = CARTESIAN_POINT ( 'NONE',  ( -1.499999999999999778, 0.000000000000000000, -0.4999999999999993339 ) ) ;
#7524 = VECTOR ( 'NONE', #5473, 1000.000000000000000 ) ;
#7525 = CARTESIAN_POINT ( 'NONE',  ( -0.05348630073664145668, 1.200999999999999845, 0.01703451770472232119 ) ) ;
#7526 = CARTESIAN_POINT ( 'NONE',  ( 0.1709307986633077092, 1.201000000000000068, -0.1731642232240074575 ) ) ;
#7527 = SURFACE_STYLE_FILL_AREA ( #6131 ) ;
#7528 = EDGE_CURVE ( 'NONE', #155, #6442, #7294, .T. ) ;
#7529 = CARTESIAN_POINT ( 'NONE',  ( 1.500000000000000222, 0.8010000000000000453, 0.3608932640206463094 ) ) ;
#7530 = AXIS2_PLACEMENT_3D ( 'NONE', #3552, #6058, #1664 ) ;
#7531 = UNCERTAINTY_MEASURE_WITH_UNIT (LENGTH_MEASURE( 1.000000000000000082E-05 ), #3893, 'distance_accuracy_value', 'NONE');
#7532 = CARTESIAN_POINT ( 'NONE',  ( -1.599999999999998979, -0.001000000000000024307, -1.249999999999997780 ) ) ;
#7533 = FILL_AREA_STYLE_COLOUR ( '', #4121 ) ;
#7534 = ORIENTED_EDGE ( 'NONE', *, *, #2876, .T. ) ;
#7535 = CARTESIAN_POINT ( 'NONE',  ( 0.03023396923561810085, 1.199999999999999956, -0.1143951195476921034 ) ) ;
#7536 = LINE ( 'NONE', #7454, #2453 ) ;
#7537 = DIRECTION ( 'NONE',  ( 0.000000000000000000, 0.000000000000000000, 1.000000000000000000 ) ) ;
#7538 = EDGE_LOOP ( 'NONE', ( #2557, #7578, #6854, #2478, #3131, #1564, #5477 ) ) ;
#7539 = EDGE_CURVE ( 'NONE', #6675, #5843, #2438, .T. ) ;
#7540 = B_SPLINE_CURVE_WITH_KNOTS ( 'NONE', 3,
 ( #3489, #959, #6083, #5443, #5952, #2820, #7939, #5317, #6033, #1725 ),
 .UNSPECIFIED., .F., .F.,
 ( 4, 3, 3, 4 ),
 ( -1.989975068979005113E-06, 0.000000000000000000, 5.722852849420651214E-06, 1.215876385605138327E-05 ),
 .UNSPECIFIED. ) ;
#7541 = DIRECTION ( 'NONE',  ( 0.7071067811865474617, 0.000000000000000000, -0.7071067811865474617 ) ) ;
#7542 = ORIENTED_EDGE ( 'NONE', *, *, #6323, .F. ) ;
#7543 = VECTOR ( 'NONE', #3081, 1000.000000000000000 ) ;
#7544 = CARTESIAN_POINT ( 'NONE',  ( -0.006618636063766012226, 1.200000000000000400, 0.05732591516408013649 ) ) ;
#7545 = CARTESIAN_POINT ( 'NONE',  ( 0.04888137404108545275, 1.201000000000000290, -0.04895563895204705501 ) ) ;
#7546 = ORIENTED_EDGE ( 'NONE', *, *, #6874, .T. ) ;
#7547 = VERTEX_POINT ( 'NONE', #2878 ) ;
#7548 = VERTEX_POINT ( 'NONE', #4254 ) ;
#7549 = DIRECTION ( 'NONE',  ( 0.000000000000000000, 0.000000000000000000, -1.000000000000000000 ) ) ;
#7550 = VECTOR ( 'NONE', #6899, 1000.000000000000000 ) ;
#7551 = PLANE ( 'NONE',  #6076 ) ;
#7552 = DIRECTION ( 'NONE',  ( -1.000000000000000000, 0.000000000000000000, -0.000000000000000000 ) ) ;
#7553 = EDGE_CURVE ( 'NONE', #4544, #6278, #7955, .T. ) ;
#7554 = DIRECTION ( 'NONE',  ( 0.000000000000000000, -1.000000000000000000, 0.000000000000000000 ) ) ;
#7555 = EDGE_LOOP ( 'NONE', ( #1620, #7506, #6966, #2392, #3847, #2745, #8041 ) ) ;
#7556 = EDGE_CURVE ( 'NONE', #3796, #3887, #397, .T. ) ;
#7557 = EDGE_CURVE ( 'NONE', #7789, #5843, #461, .T. ) ;
#7558 =( GEOMETRIC_REPRESENTATION_CONTEXT ( 3 ) GLOBAL_UNCERTAINTY_ASSIGNED_CONTEXT ( ( #5975 ) ) GLOBAL_UNIT_ASSIGNED_CONTEXT ( ( #6277, #5596, #575 ) ) REPRESENTATION_CONTEXT ( 'NONE', 'WORKASPACE' ) );
#7559 = CARTESIAN_POINT ( 'NONE',  ( -1.099999999999998979, 1.201000000000000068, 0.7375000000000020428 ) ) ;
#7560 = CARTESIAN_POINT ( 'NONE',  ( -0.03101879420312738875, 1.200000000000000178, 0.08428989163595676515 ) ) ;
#7561 =( NAMED_UNIT ( * ) PLANE_ANGLE_UNIT ( ) SI_UNIT ( $, .RADIAN. ) );
#7562 = VECTOR ( 'NONE', #2238, 1000.000000000000114 ) ;
#7563 = CIRCLE ( 'NONE', #2048, 0.001000000000000024307 ) ;
#7564 = CARTESIAN_POINT ( 'NONE',  ( 1.500000000000000222, 0.8008334448248788373, -0.3658904966812918103 ) ) ;
#7565 = CARTESIAN_POINT ( 'NONE',  ( -1.599999999999999867, 0.8000000000000000444, -1.150999999999998247 ) ) ;
#7566 = CYLINDRICAL_SURFACE ( 'NONE', #7113, 0.1499999999999999667 ) ;
#7567 = CARTESIAN_POINT ( 'NONE',  ( 0.03364593370816822138, 1.200000000000000178, -0.02470484252496516625 ) ) ;
#7568 = CARTESIAN_POINT ( 'NONE',  ( -0.4762422930294945012, 1.201000000000000068, -0.03157742392846793478 ) ) ;
#7569 = DIRECTION ( 'NONE',  ( 0.000000000000000000, 0.000000000000000000, 1.000000000000000000 ) ) ;
#7570 = LINE ( 'NONE', #6262, #3071 ) ;
#7571 = ORIENTED_EDGE ( 'NONE', *, *, #6548, .F. ) ;
#7572 = CARTESIAN_POINT ( 'NONE',  ( -1.599999999999999867, 0.8000000000000000444, 1.250000000000002220 ) ) ;
#7573 = AXIS2_PLACEMENT_3D ( 'NONE', #6459, #173, #5657 ) ;
#7574 = DIRECTION ( 'NONE',  ( 1.000000000000000000, -0.000000000000000000, -0.000000000000000000 ) ) ;
#7575 = AXIS2_PLACEMENT_3D ( 'NONE', #830, #1588, #2776 ) ;
#7576 = EDGE_CURVE ( 'NONE', #3887, #3457, #2513, .T. ) ;
#7577 = CARTESIAN_POINT ( 'NONE',  ( 1.500000000000000444, 0.8000000000000000444, 0.3750000000000000555 ) ) ;
#7578 = ORIENTED_EDGE ( 'NONE', *, *, #5957, .F. ) ;
#7579 = VECTOR ( 'NONE', #5956, 1000.000000000000000 ) ;
#7580 = AXIS2_PLACEMENT_3D ( 'NONE', #5385, #5429, #3069 ) ;
#7581 = ORIENTED_EDGE ( 'NONE', *, *, #1703, .F. ) ;
#7582 = ADVANCED_FACE ( 'NONE', ( #3093 ), #4453, .T. ) ;
#7583 = CARTESIAN_POINT ( 'NONE',  ( -0.05348630073664145668, 1.200000000000000178, 0.01703451770472232119 ) ) ;
#7584 = CARTESIAN_POINT ( 'NONE',  ( 0.03937184601362182096, 1.200000000000000178, -0.05367406346683209484 ) ) ;
#7585 = ORIENTED_EDGE ( 'NONE', *, *, #4286, .T. ) ;
#7586 = CARTESIAN_POINT ( 'NONE',  ( 0.02817217679925545712, 1.200999999999999845, -0.1213282344983276084 ) ) ;
#7587 = SURFACE_STYLE_USAGE ( .BOTH. , #4460 ) ;
#7588 = VERTEX_POINT ( 'NONE', #3132 ) ;
#7589 = ORIENTED_EDGE ( 'NONE', *, *, #7218, .F. ) ;
#7590 = CARTESIAN_POINT ( 'NONE',  ( -1.600000000000000089, 1.201000000000000068, -0.3750000000000000000 ) ) ;
#7591 = CARTESIAN_POINT ( 'NONE',  ( -0.04626566017255619168, 1.199999999999999956, -0.1212835305697368277 ) ) ;
#7592 =( NAMED_UNIT ( * ) SI_UNIT ( $, .STERADIAN. ) SOLID_ANGLE_UNIT ( ) );
#7593 = LINE ( 'NONE', #1395, #6876 ) ;
#7594 = CARTESIAN_POINT ( 'NONE',  ( -0.05477461140556289659, 1.201000000000000068, 0.01122788748646262255 ) ) ;
#7595 = EDGE_LOOP ( 'NONE', ( #1095, #3378, #3388, #6819, #2809 ) ) ;
#7596 = EDGE_CURVE ( 'NONE', #1697, #3953, #1983, .T. ) ;
#7597 = PRESENTATION_STYLE_ASSIGNMENT (( #7643 ) ) ;
#7598 = CARTESIAN_POINT ( 'NONE',  ( 0.04390973248136773727, 1.200999999999999845, 0.01141966710585452273 ) ) ;
#7599 = CARTESIAN_POINT ( 'NONE',  ( 1.500000000000000222, 1.200000000000000178, 0.9999999999999978906 ) ) ;
#7600 =( LENGTH_UNIT ( ) NAMED_UNIT ( * ) SI_UNIT ( .MILLI., .METRE. ) );
#7601 = CARTESIAN_POINT ( 'NONE',  ( -0.02344892719182351329, 1.200000000000000178, -0.1721679778392642135 ) ) ;
#7602 = CARTESIAN_POINT ( 'NONE',  ( 1.500000000000000222, 0.8010000000000000453, 0.3866077473209872384 ) ) ;
#7603 = DIRECTION ( 'NONE',  ( 0.000000000000000000, 1.000000000000000000, 0.000000000000000000 ) ) ;
#7604 = CARTESIAN_POINT ( 'NONE',  ( 0.04068862752827270141, 1.201000000000000290, -0.01281567348377538398 ) ) ;
#7605 = AXIS2_PLACEMENT_3D ( 'NONE', #7224, #1594, #2854 ) ;
#7606 =( LENGTH_UNIT ( ) NAMED_UNIT ( * ) SI_UNIT ( .MILLI., .METRE. ) );
#7607 = UNCERTAINTY_MEASURE_WITH_UNIT (LENGTH_MEASURE( 1.000000000000000082E-05 ), #7443, 'distance_accuracy_value', 'NONE');
#7608 = CARTESIAN_POINT ( 'NONE',  ( 0.6000000000000000888, 0.2999999999999999889, -1.149999999999999245 ) ) ;
#7609 =( LENGTH_UNIT ( ) NAMED_UNIT ( * ) SI_UNIT ( .MILLI., .METRE. ) );
#7610 = DIRECTION ( 'NONE',  ( -0.000000000000000000, -1.000000000000000000, -0.000000000000000000 ) ) ;
#7611 = ORIENTED_EDGE ( 'NONE', *, *, #1336, .F. ) ;
#7612 = DIRECTION ( 'NONE',  ( 0.000000000000000000, 0.000000000000000000, -1.000000000000000000 ) ) ;
#7613 = LINE ( 'NONE', #649, #7008 ) ;
#7614 = STYLED_ITEM ( 'NONE', ( #6220 ), #3283 ) ;
#7615 = ORIENTED_EDGE ( 'NONE', *, *, #2939, .F. ) ;
#7616 = PLANE ( 'NONE',  #5676 ) ;
#7617 = ORIENTED_EDGE ( 'NONE', *, *, #3671, .T. ) ;
#7618 = DIRECTION ( 'NONE',  ( -1.000000000000000000, 0.000000000000000000, -0.000000000000000000 ) ) ;
#7619 = EDGE_CURVE ( 'NONE', #1910, #6696, #6232, .T. ) ;
#7620 = VECTOR ( 'NONE', #7268, 1000.000000000000000 ) ;
#7621 = CARTESIAN_POINT ( 'NONE',  ( -0.05185204343364756968, 1.200000000000000844, 0.02251877080981179446 ) ) ;
#7622 = FILL_AREA_STYLE_COLOUR ( '', #5984 ) ;
#7623 = VECTOR ( 'NONE', #1234, 1000.000000000000000 ) ;
#7624 = ORIENTED_EDGE ( 'NONE', *, *, #3829, .T. ) ;
#7625 = FACE_OUTER_BOUND ( 'NONE', #1155, .T. ) ;
#7626 = DIRECTION ( 'NONE',  ( -0.000000000000000000, 1.000000000000000000, -0.000000000000000000 ) ) ;
#7627 = MECHANICAL_DESIGN_GEOMETRIC_PRESENTATION_REPRESENTATION (  '', ( #7769 ), #6318 ) ;
#7628 = ORIENTED_EDGE ( 'NONE', *, *, #2056, .T. ) ;
#7629 = ORIENTED_EDGE ( 'NONE', *, *, #891, .F. ) ;
#7630 = ADVANCED_FACE ( 'NONE', ( #3259 ), #7616, .T. ) ;
#7631 = CARTESIAN_POINT ( 'NONE',  ( 0.1526665131437159872, 1.201000000000000068, 0.08366764526557586568 ) ) ;
#7632 = FACE_OUTER_BOUND ( 'NONE', #4340, .T. ) ;
#7633 = ADVANCED_FACE ( 'NONE', ( #3216 ), #6884, .F. ) ;
#7634 = CARTESIAN_POINT ( 'NONE',  ( -0.3609972238354506868, 1.200000000000000178, -0.03157742392846793478 ) ) ;
#7635 = MECHANICAL_DESIGN_GEOMETRIC_PRESENTATION_REPRESENTATION (  '', ( #1589 ), #5515 ) ;
#7636 = VECTOR ( 'NONE', #4442, 1000.000000000000000 ) ;
#7637 = SURFACE_STYLE_USAGE ( .BOTH. , #5232 ) ;
#7638 = ORIENTED_EDGE ( 'NONE', *, *, #901, .T. ) ;
#7639 = CARTESIAN_POINT ( 'NONE',  ( -0.3148991961578331833, 1.200000000000000178, -0.1731642232240074575 ) ) ;
#7640 = PRESENTATION_LAYER_ASSIGNMENT (  '', '', ( #6583 ) ) ;
#7641 = EDGE_CURVE ( 'NONE', #4948, #2020, #1907, .T. ) ;
#7642 = VECTOR ( 'NONE', #7653, 1000.000000000000000 ) ;
#7643 = SURFACE_STYLE_USAGE ( .BOTH. , #6903 ) ;
#7644 = CARTESIAN_POINT ( 'NONE',  ( -0.5124621719190511904, 1.201000000000000068, 0.08366764526557586568 ) ) ;
#7645 = CARTESIAN_POINT ( 'NONE',  ( -0.08676367965047014630, 1.199999999999999956, 0.02227764427719212265 ) ) ;
#7646 = STYLED_ITEM ( 'NONE', ( #3762 ), #2143 ) ;
#7647 = PLANE ( 'NONE',  #4612 ) ;
#7648 = LINE ( 'NONE', #46, #5068 ) ;
#7649 = PRESENTATION_STYLE_ASSIGNMENT (( #3982 ) ) ;
#7650 = LINE ( 'NONE', #4479, #2509 ) ;
#7651 = CARTESIAN_POINT ( 'NONE',  ( 0.01500384770156578187, 1.199999999999999956, -0.03834007971590757541 ) ) ;
#7652 = STYLED_ITEM ( 'NONE', ( #2091 ), #678 ) ;
#7653 = DIRECTION ( 'NONE',  ( -0.7071067811865544561, 0.000000000000000000, -0.7071067811865405783 ) ) ;
#7654 = AXIS2_PLACEMENT_3D ( 'NONE', #1088, #6743, #1129 ) ;
#7655 = CARTESIAN_POINT ( 'NONE',  ( 1.349999999999999201, 0.2999999999999999889, 1.149999999999999911 ) ) ;
#7656 = EDGE_CURVE ( 'NONE', #1701, #1807, #690, .T. ) ;
#7657 =( NAMED_UNIT ( * ) PLANE_ANGLE_UNIT ( ) SI_UNIT ( $, .RADIAN. ) );
#7658 = EDGE_LOOP ( 'NONE', ( #7629, #2715, #5966, #4172 ) ) ;
#7659 = CARTESIAN_POINT ( 'NONE',  ( 0.6000000000000003109, 0.000000000000000000, 0.5000000000000005551 ) ) ;
#7660 = FACE_OUTER_BOUND ( 'NONE', #7216, .T. ) ;
#7661 =( NAMED_UNIT ( * ) PLANE_ANGLE_UNIT ( ) SI_UNIT ( $, .RADIAN. ) );
#7662 = EDGE_CURVE ( 'NONE', #2027, #8082, #6512, .T. ) ;
#7663 = UNCERTAINTY_MEASURE_WITH_UNIT (LENGTH_MEASURE( 1.000000000000000082E-05 ), #8030, 'distance_accuracy_value', 'NONE');
#7664 = MECHANICAL_DESIGN_GEOMETRIC_PRESENTATION_REPRESENTATION (  '', ( #5393 ), #7261 ) ;
#7665 = VERTEX_POINT ( 'NONE', #269 ) ;
#7666 = AXIS2_PLACEMENT_3D ( 'NONE', #2766, #7760, #5263 ) ;
#7667 = VERTEX_POINT ( 'NONE', #5286 ) ;
#7668 = CARTESIAN_POINT ( 'NONE',  ( -0.04946052010476825050, 1.200000000000000400, -0.1132348698196174452 ) ) ;
#7669 = CARTESIAN_POINT ( 'NONE',  ( 0.01923624489428338302, 1.200999999999999845, -0.03644407198033633444 ) ) ;
#7670 = MECHANICAL_DESIGN_GEOMETRIC_PRESENTATION_REPRESENTATION (  '', ( #6610 ), #1887 ) ;
#7671 = CARTESIAN_POINT ( 'NONE',  ( -0.02341410417408456082, 1.201000000000000512, -0.03870424316334224180 ) ) ;
#7672 = DIRECTION ( 'NONE',  ( 0.000000000000000000, -1.000000000000000000, 0.000000000000000000 ) ) ;
#7673 = ORIENTED_EDGE ( 'NONE', *, *, #1331, .T. ) ;
#7674 = DIRECTION ( 'NONE',  ( 1.000000000000000000, 0.000000000000000000, 0.000000000000000000 ) ) ;
#7675 = LINE ( 'NONE', #1428, #2380 ) ;
#7676 = VECTOR ( 'NONE', #6877, 1000.000000000000000 ) ;
#7677 = ORIENTED_EDGE ( 'NONE', *, *, #7539, .F. ) ;
#7678 = ORIENTED_EDGE ( 'NONE', *, *, #3505, .T. ) ;
#7679 = CARTESIAN_POINT ( 'NONE',  ( -0.02205324354511123061, 1.201000000000000068, -0.06779730281802456848 ) ) ;
#7680 = FILL_AREA_STYLE_COLOUR ( '', #5858 ) ;
#7681 =( GEOMETRIC_REPRESENTATION_CONTEXT ( 3 ) GLOBAL_UNCERTAINTY_ASSIGNED_CONTEXT ( ( #6639 ) ) GLOBAL_UNIT_ASSIGNED_CONTEXT ( ( #4609, #974, #4047 ) ) REPRESENTATION_CONTEXT ( 'NONE', 'WORKASPACE' ) );
#7682 = PRESENTATION_STYLE_ASSIGNMENT (( #5146 ) ) ;
#7683 = CARTESIAN_POINT ( 'NONE',  ( 0.6000000000000001998, 0.000000000000000000, -0.4999999999999996669 ) ) ;
#7684 = VERTEX_POINT ( 'NONE', #2026 ) ;
#7685 = DIRECTION ( 'NONE',  ( -4.562351413182425242E-15, 1.000000000000000000, 2.422152536091439941E-13 ) ) ;
#7686 = ADVANCED_FACE ( 'NONE', ( #6699 ), #808, .T. ) ;
#7687 = VECTOR ( 'NONE', #521, 1000.000000000000000 ) ;
#7688 = DIRECTION ( 'NONE',  ( -3.469446951953614189E-16, 0.000000000000000000, 1.000000000000000000 ) ) ;
#7689 = CARTESIAN_POINT ( 'NONE',  ( 0.04397405074612446840, 1.201000000000000068, 0.007920378208044911647 ) ) ;
#7690 = CARTESIAN_POINT ( 'NONE',  ( -0.04483353209685313895, 1.200000000000000622, 0.07923233301358875713 ) ) ;
#7691 = AXIS2_PLACEMENT_3D ( 'NONE', #823, #248, #4017 ) ;
#7692 = CARTESIAN_POINT ( 'NONE',  ( -0.04259047022997918680, 1.199999999999999956, -0.1665388061332676861 ) ) ;
#7693 = CARTESIAN_POINT ( 'NONE',  ( -1.500000000000000000, 1.200000000000000178, -1.149999999999998357 ) ) ;
#7694 = EDGE_CURVE ( 'NONE', #7588, #1573, #4676, .T. ) ;
#7695 = CARTESIAN_POINT ( 'NONE',  ( 0.04389281811935420718, 1.199999999999999956, 0.001109831966801543262 ) ) ;
#7696 = EDGE_CURVE ( 'NONE', #5828, #809, #191, .T. ) ;
#7697 = CARTESIAN_POINT ( 'NONE',  ( 0.2399234941049204484, 1.201000000000000068, 0.04477243441258608320 ) ) ;
#7698 = CARTESIAN_POINT ( 'NONE',  ( 0.4523036930482297602, 1.201000000000000068, -0.1079787309611264234 ) ) ;
#7699 = PRESENTATION_STYLE_ASSIGNMENT (( #2743 ) ) ;
#7700 = LINE ( 'NONE', #7000, #179 ) ;
#7701 = VERTEX_POINT ( 'NONE', #2631 ) ;
#7702 = CARTESIAN_POINT ( 'NONE',  ( 1.350000000000000089, 0.8010000000000000453, 1.149999999999997913 ) ) ;
#7703 = STYLED_ITEM ( 'NONE', ( #460 ), #5290 ) ;
#7704 = EDGE_LOOP ( 'NONE', ( #1101, #986, #3298, #6513 ) ) ;
#7705 = ADVANCED_FACE ( 'NONE', ( #2714 ), #1456, .T. ) ;
#7706 = DIRECTION ( 'NONE',  ( -1.734723475976807094E-16, -0.000000000000000000, -1.000000000000000000 ) ) ;
#7707 = ORIENTED_EDGE ( 'NONE', *, *, #7696, .T. ) ;
#7708 = CARTESIAN_POINT ( 'NONE',  ( -0.05119413496672482744, 1.200000000000000178, -0.1056162992748717888 ) ) ;
#7709 = ADVANCED_FACE ( 'NONE', ( #7824 ), #6080, .T. ) ;
#7710 = VECTOR ( 'NONE', #7959, 1000.000000000000000 ) ;
#7711 = CARTESIAN_POINT ( 'NONE',  ( -1.349999999999999867, 1.050000000000000044, -1.149999999999998357 ) ) ;
#7712 = FILL_AREA_STYLE ('',( #776 ) ) ;
#7713 = PLANE ( 'NONE',  #759 ) ;
#7714 = ORIENTED_EDGE ( 'NONE', *, *, #4910, .F. ) ;
#7715 = CARTESIAN_POINT ( 'NONE',  ( -1.500000000000000000, 0.8009999999999869447, 0.3869622877440355158 ) ) ;
#7716 = PLANE ( 'NONE',  #1093 ) ;
#7717 = B_SPLINE_SURFACE_WITH_KNOTS ( 'NONE', 3, 1, ( 
 ( #3625, #1651 ),
 ( #6666, #6134 ),
 ( #7286, #2337 ),
 ( #5326, #2867 ),
 ( #6090, #7864 ),
 ( #5453, #518 ),
 ( #5362, #4163 ),
 ( #1052, #430 ),
 ( #5288, #4201 ),
 ( #2912, #5406 ),
 ( #3541, #1096 ),
 ( #2216, #6622 ),
 ( #7826, #3499 ),
 ( #4123, #7325 ),
 ( #7204, #1690 ),
 ( #7981, #4806 ),
 ( #970, #6042 ),
 ( #1011, #2256 ),
 ( #7945, #6000 ) ),
 .UNSPECIFIED., .F., .F., .F.,
 ( 4, 1, 1, 1, 1, 1, 1, 1, 1, 1, 1, 1, 1, 1, 1, 1, 4 ),
 ( 2, 2 ),
 ( 0.000000000000000000, 0.06350344145461801759, 0.1248046405781819135, 0.1849202801139814001, 0.2443762015685234934, 0.3037746372808737272, 0.3641325964146209238, 0.4253755063553633642, 0.4883879977208412937, 0.5517433281320240912, 0.6138598322814834418, 0.6756404471380682564, 0.7377369491926123457, 0.8004171140764982928, 0.8646584058363331327, 0.9309845230655547921, 1.000000000000000000 ),
 ( 0.000000000000000000, 1.000000000000000000 ),
 .UNSPECIFIED. ) ;
#7718 = ORIENTED_EDGE ( 'NONE', *, *, #4310, .F. ) ;
#7719 = CIRCLE ( 'NONE', #2710, 0.1499999999999999667 ) ;
#7720 = ORIENTED_EDGE ( 'NONE', *, *, #2926, .F. ) ;
#7721 = DIRECTION ( 'NONE',  ( -1.000000000000000000, 0.000000000000000000, 1.355252715606880543E-16 ) ) ;
#7722 = CARTESIAN_POINT ( 'NONE',  ( -0.05148189514287597468, 1.201000000000000068, -0.1040171817075811744 ) ) ;
#7723 = DIRECTION ( 'NONE',  ( 1.000000000000000000, 0.000000000000000000, 0.000000000000000000 ) ) ;
#7724 = ORIENTED_EDGE ( 'NONE', *, *, #745, .T. ) ;
#7725 =( NAMED_UNIT ( * ) PLANE_ANGLE_UNIT ( ) SI_UNIT ( $, .RADIAN. ) );
#7726 = CARTESIAN_POINT ( 'NONE',  ( 0.07693403910191567996, 1.201000000000000068, 0.006391710475641142024 ) ) ;
#7727 = CARTESIAN_POINT ( 'NONE',  ( -0.05895570330960506894, 1.200999999999999401, -0.1560069433595828448 ) ) ;
#7728 =( NAMED_UNIT ( * ) PLANE_ANGLE_UNIT ( ) SI_UNIT ( $, .RADIAN. ) );
#7729 = DIRECTION ( 'NONE',  ( -1.000000000000000000, 0.000000000000000000, 1.734723475976807094E-16 ) ) ;
#7730 = CARTESIAN_POINT ( 'NONE',  ( 0.04396869926150060587, 1.200000000000000178, -0.06596810365565428103 ) ) ;
#7731 = EDGE_CURVE ( 'NONE', #5018, #7343, #3778, .T. ) ;
#7732 = AXIS2_PLACEMENT_3D ( 'NONE', #1333, #3836, #6795 ) ;
#7733 = CARTESIAN_POINT ( 'NONE',  ( -1.500000000000000000, 0.8010000000000000453, -1.149999999999998357 ) ) ;
#7734 = DIRECTION ( 'NONE',  ( 1.000000000000000000, 0.000000000000000000, -0.000000000000000000 ) ) ;
#7735 = CARTESIAN_POINT ( 'NONE',  ( 0.005858284295576251036, 1.200000000000000178, -0.04092653308088153169 ) ) ;
#7736 = DIRECTION ( 'NONE',  ( -1.000000000000000000, 0.000000000000000000, 0.000000000000000000 ) ) ;
#7737 = EDGE_CURVE ( 'NONE', #2027, #6592, #3699, .T. ) ;
#7738 = LINE ( 'NONE', #5124, #3830 ) ;
#7739 =( NAMED_UNIT ( * ) PLANE_ANGLE_UNIT ( ) SI_UNIT ( $, .RADIAN. ) );
#7740 = FILL_AREA_STYLE ('',( #7159 ) ) ;
#7741 = SURFACE_STYLE_FILL_AREA ( #4597 ) ;
#7742 = ORIENTED_EDGE ( 'NONE', *, *, #6926, .F. ) ;
#7743 = SURFACE_SIDE_STYLE ('',( #3914 ) ) ;
#7744 = CARTESIAN_POINT ( 'NONE',  ( 0.03630255683970168984, 1.200999999999999845, 0.03486077181076586984 ) ) ;
#7745 = ORIENTED_EDGE ( 'NONE', *, *, #2073, .T. ) ;
#7746 = ORIENTED_EDGE ( 'NONE', *, *, #968, .F. ) ;
#7747 = CARTESIAN_POINT ( 'NONE',  ( 0.04400687647504605143, 1.201000000000000068, 0.006134467017618715733 ) ) ;
#7748 =( LENGTH_UNIT ( ) NAMED_UNIT ( * ) SI_UNIT ( .MILLI., .METRE. ) );
#7749 = CARTESIAN_POINT ( 'NONE',  ( -0.004149098866750781760, 1.200000000000000178, -0.04166136748294676367 ) ) ;
#7750 = DIRECTION ( 'NONE',  ( 0.7071067811865474617, 0.000000000000000000, 0.7071067811865476838 ) ) ;
#7751 = ORIENTED_EDGE ( 'NONE', *, *, #6569, .T. ) ;
#7752 = CYLINDRICAL_SURFACE ( 'NONE', #6089, 0.1499999999999999667 ) ;
#7753 = CARTESIAN_POINT ( 'NONE',  ( 0.3271804750661250760, 1.200000000000000178, 0.08366764526557586568 ) ) ;
#7754 = ADVANCED_FACE ( 'NONE', ( #1126 ), #4960, .T. ) ;
#7755 = ORIENTED_EDGE ( 'NONE', *, *, #3757, .F. ) ;
#7756 = ORIENTED_EDGE ( 'NONE', *, *, #7556, .T. ) ;
#7757 = DIRECTION ( 'NONE',  ( 1.000000000000000000, 0.000000000000000000, 0.000000000000000000 ) ) ;
#7758 =( NAMED_UNIT ( * ) PLANE_ANGLE_UNIT ( ) SI_UNIT ( $, .RADIAN. ) );
#7759 = VECTOR ( 'NONE', #3821, 1000.000000000000000 ) ;
#7760 = DIRECTION ( 'NONE',  ( 1.000000000000000000, 0.000000000000000000, -1.668003342285392290E-16 ) ) ;
#7761 = SURFACE_STYLE_FILL_AREA ( #2189 ) ;
#7762 = VERTEX_POINT ( 'NONE', #5612 ) ;
#7763 = CARTESIAN_POINT ( 'NONE',  ( -1.599999999999999867, 0.2999999999999999889, 1.100000000000002309 ) ) ;
#7764 = VECTOR ( 'NONE', #6375, 1000.000000000000000 ) ;
#7765 = ADVANCED_FACE ( 'NONE', ( #507 ), #8061, .T. ) ;
#7766 = EDGE_CURVE ( 'NONE', #1606, #2804, #1563, .T. ) ;
#7767 = LINE ( 'NONE', #2120, #6603 ) ;
#7768 = CARTESIAN_POINT ( 'NONE',  ( 1.450000000000000622, 0.000000000000000000, -1.250000000000001332 ) ) ;
#7769 = STYLED_ITEM ( 'NONE', ( #8001 ), #6300 ) ;
#7770 = DIRECTION ( 'NONE',  ( -0.000000000000000000, -1.000000000000000000, -0.000000000000000000 ) ) ;
#7771 = CARTESIAN_POINT ( 'NONE',  ( 1.449999999999999956, -0.001000000000000024307, -1.249999999999998224 ) ) ;
#7772 = PLANE ( 'NONE',  #7423 ) ;
#7773 = DIRECTION ( 'NONE',  ( -0.000000000000000000, -1.000000000000000000, -0.000000000000000000 ) ) ;
#7774 = AXIS2_PLACEMENT_3D ( 'NONE', #3396, #7185, #4739 ) ;
#7775 = AXIS2_PLACEMENT_3D ( 'NONE', #3801, #780, #3100 ) ;
#7776 = CARTESIAN_POINT ( 'NONE',  ( 0.004239216014881127224, 1.200000000000000844, 0.05646481910100813184 ) ) ;
#7777 = CARTESIAN_POINT ( 'NONE',  ( 0.3634003539556817652, 1.200000000000000178, 0.08366764526557586568 ) ) ;
#7778 = AXIS2_PLACEMENT_3D ( 'NONE', #995, #4665, #949 ) ;
#7779 = DIRECTION ( 'NONE',  ( -0.7071067811865474617, 0.000000000000000000, -0.7071067811865474617 ) ) ;
#7780 = CARTESIAN_POINT ( 'NONE',  ( 0.01958159992391287144, 1.201000000000000512, -0.1683599970428358017 ) ) ;
#7781 = SURFACE_SIDE_STYLE ('',( #2090 ) ) ;
#7782 = CARTESIAN_POINT ( 'NONE',  ( -1.449999999999999956, 0.000000000000000000, 1.250000000000002220 ) ) ;
#7783 = ORIENTED_EDGE ( 'NONE', *, *, #1522, .F. ) ;
#7784 = LINE ( 'NONE', #6424, #4956 ) ;
#7785 = CARTESIAN_POINT ( 'NONE',  ( 0.03344369975884049773, 1.201000000000000290, 0.03887023202817671552 ) ) ;
#7786 = ADVANCED_FACE ( 'NONE', ( #7521 ), #1285, .F. ) ;
#7787 = VERTEX_POINT ( 'NONE', #4836 ) ;
#7788 =( LENGTH_UNIT ( ) NAMED_UNIT ( * ) SI_UNIT ( .MILLI., .METRE. ) );
#7789 = VERTEX_POINT ( 'NONE', #4590 ) ;
#7790 = DIRECTION ( 'NONE',  ( -0.000000000000000000, -0.000000000000000000, -1.000000000000000000 ) ) ;
#7791 = CARTESIAN_POINT ( 'NONE',  ( 0.04396829658951284525, 1.200999999999999845, 0.004434899774773526544 ) ) ;
#7792 = FILL_AREA_STYLE ('',( #5138 ) ) ;
#7793 = VERTEX_POINT ( 'NONE', #7599 ) ;
#7794 = CARTESIAN_POINT ( 'NONE',  ( 1.500000000000000222, 1.050000000000000044, -0.9999999999999978906 ) ) ;
#7795 = CARTESIAN_POINT ( 'NONE',  ( 0.2525284235480190764, 1.200000000000000178, 0.003973621970230402194 ) ) ;
#7796 = EDGE_CURVE ( 'NONE', #7203, #4122, #2658, .T. ) ;
#7797 = EDGE_LOOP ( 'NONE', ( #4613, #5051, #141, #7960 ) ) ;
#7798 = ORIENTED_EDGE ( 'NONE', *, *, #1649, .F. ) ;
#7799 = CARTESIAN_POINT ( 'NONE',  ( 1.500000000000000222, 0.8010000000000000453, -0.3891067359793542457 ) ) ;
#7800 = CARTESIAN_POINT ( 'NONE',  ( -1.599999999999999867, 0.8000000000000000444, 1.250000000000002220 ) ) ;
#7801 = ADVANCED_FACE ( 'NONE', ( #5153 ), #127, .F. ) ;
#7802 = CARTESIAN_POINT ( 'NONE',  ( 1.350000000000000089, 1.050000000000000044, -0.9999999999999985567 ) ) ;
#7803 = SURFACE_STYLE_USAGE ( .BOTH. , #2768 ) ;
#7804 = ORIENTED_EDGE ( 'NONE', *, *, #4485, .F. ) ;
#7805 = DIRECTION ( 'NONE',  ( 1.000000000000000000, 0.000000000000000000, -0.000000000000000000 ) ) ;
#7806 = VECTOR ( 'NONE', #5848, 1000.000000000000000 ) ;
#7807 = CARTESIAN_POINT ( 'NONE',  ( -0.07530092727418574716, 1.201000000000000290, -0.1351313761445148975 ) ) ;
#7808 = LINE ( 'NONE', #7188, #7463 ) ;
#7809 = ADVANCED_FACE ( 'NONE', ( #3901 ), #4438, .F. ) ;
#7810 = CARTESIAN_POINT ( 'NONE',  ( -0.008351362009310173487, 1.201000000000000068, -0.06777957974068361813 ) ) ;
#7811 = CARTESIAN_POINT ( 'NONE',  ( 0.06365246847915805029, 1.200000000000000400, -0.1052095198486414779 ) ) ;
#7812 = EDGE_CURVE ( 'NONE', #1528, #7014, #2083, .T. ) ;
#7813 = CARTESIAN_POINT ( 'NONE',  ( 0.4160838141586731265, 1.201000000000000068, -0.1731642232240074575 ) ) ;
#7814 = CARTESIAN_POINT ( 'NONE',  ( 0.06343624307046918931, 1.200000000000000400, -0.1163204886749956563 ) ) ;
#7815 = CARTESIAN_POINT ( 'NONE',  ( 1.501000000000000112, 0.8010000000000000453, -1.149999999999998357 ) ) ;
#7816 = VECTOR ( 'NONE', #3772, 1000.000000000000000 ) ;
#7817 = CARTESIAN_POINT ( 'NONE',  ( 0.6000000000000001998, 0.2999999999999999889, -0.4999999999999996669 ) ) ;
#7818 = SURFACE_STYLE_FILL_AREA ( #385 ) ;
#7819 = CARTESIAN_POINT ( 'NONE',  ( -0.08288918689777971527, 1.201000000000000290, 0.03690018652823368744 ) ) ;
#7820 = CARTESIAN_POINT ( 'NONE',  ( -1.599999999999998979, 0.8000000000000000444, -1.249999999999997780 ) ) ;
#7821 = LINE ( 'NONE', #1091, #7579 ) ;
#7822 = VECTOR ( 'NONE', #934, 1000.000000000000000 ) ;
#7823 = ORIENTED_EDGE ( 'NONE', *, *, #4366, .F. ) ;
#7824 = FACE_OUTER_BOUND ( 'NONE', #1913, .T. ) ;
#7825 = ORIENTED_EDGE ( 'NONE', *, *, #6338, .F. ) ;
#7826 = CARTESIAN_POINT ( 'NONE',  ( 0.03320271175873339142, 1.201000000000000068, 0.07793444673781323162 ) ) ;
#7827 = DIRECTION ( 'NONE',  ( -0.000000000000000000, 0.000000000000000000, -1.000000000000000000 ) ) ;
#7828 = ADVANCED_FACE ( 'NONE', ( #6989 ), #5190, .T. ) ;
#7829 = COLOUR_RGB ( '',1.000000000000000000, 0.8078431372549019773, 0.4980392156862745168 ) ;
#7830 = CARTESIAN_POINT ( 'NONE',  ( -0.3412409262593289472, 1.200000000000000178, -0.1435297768598247370 ) ) ;
#7831 = FILL_AREA_STYLE ('',( #392 ) ) ;
#7832 = CARTESIAN_POINT ( 'NONE',  ( -0.005942897313539772207, 1.199999999999999956, -0.1730555562423336524 ) ) ;
#7833 = DIRECTION ( 'NONE',  ( 0.000000000000000000, 0.000000000000000000, -1.000000000000000000 ) ) ;
#7834 = B_SPLINE_CURVE_WITH_KNOTS ( 'NONE', 3,
 ( #5272, #7811, #2160, #6070, #6646, #2282, #2242, #4745, #4146, #4101, #410 ),
 .UNSPECIFIED., .F., .F.,
 ( 4, 1, 1, 1, 1, 1, 1, 1, 4 ),
 ( 0.000000000000000000, 0.1219512022493430964, 0.2407868053279238474, 0.3585498723707454261, 0.4790658414002762489, 0.6015185447735337254, 0.7275505189308972831, 0.8599320866628439308, 1.000000000000000000 ),
 .UNSPECIFIED. ) ;
#7835 = VERTEX_POINT ( 'NONE', #1362 ) ;
#7836 = ORIENTED_EDGE ( 'NONE', *, *, #5965, .F. ) ;
#7837 = CARTESIAN_POINT ( 'NONE',  ( -1.500340955828528777, 0.8000000000000001554, 0.3844823663344421605 ) ) ;
#7838 = ADVANCED_FACE ( 'NONE', ( #793 ), #43, .F. ) ;
#7839 = FILL_AREA_STYLE_COLOUR ( '', #6491 ) ;
#7840 = FILL_AREA_STYLE ('',( #6525 ) ) ;
#7841 = CARTESIAN_POINT ( 'NONE',  ( 0.6136467899198910780, 1.201000000000000068, -0.1731642232240074575 ) ) ;
#7842 = ORIENTED_EDGE ( 'NONE', *, *, #236, .T. ) ;
#7843 = DIRECTION ( 'NONE',  ( -0.000000000000000000, -1.000000000000000000, -0.000000000000000000 ) ) ;
#7844 = FACE_OUTER_BOUND ( 'NONE', #4208, .T. ) ;
#7845 =( GEOMETRIC_REPRESENTATION_CONTEXT ( 3 ) GLOBAL_UNCERTAINTY_ASSIGNED_CONTEXT ( ( #1629 ) ) GLOBAL_UNIT_ASSIGNED_CONTEXT ( ( #1141, #355, #7985 ) ) REPRESENTATION_CONTEXT ( 'NONE', 'WORKASPACE' ) );
#7846 = CARTESIAN_POINT ( 'NONE',  ( -0.009293968027199152326, 1.200000000000000178, -0.1731642232240074575 ) ) ;
#7847 = CARTESIAN_POINT ( 'NONE',  ( -0.004149098866750781760, 1.200000000000000178, -0.04166136748294676367 ) ) ;
#7848 = CARTESIAN_POINT ( 'NONE',  ( 0.4160838141586731265, 1.201000000000000068, 0.08366764526557586568 ) ) ;
#7849 = MECHANICAL_DESIGN_GEOMETRIC_PRESENTATION_REPRESENTATION (  '', ( #2561 ), #488 ) ;
#7850 = DIRECTION ( 'NONE',  ( 1.000000000000000000, 0.000000000000000000, 0.000000000000000000 ) ) ;
#7851 = DIRECTION ( 'NONE',  ( 0.000000000000000000, 0.000000000000000000, -1.000000000000000000 ) ) ;
#7852 = EDGE_CURVE ( 'NONE', #3799, #4877, #6019, .T. ) ;
#7853 = CARTESIAN_POINT ( 'NONE',  ( 0.03866644756135717564, 1.200000000000000622, 0.03060355975375017232 ) ) ;
#7854 = VECTOR ( 'NONE', #5166, 1000.000000000000000 ) ;
#7855 = DIRECTION ( 'NONE',  ( 0.000000000000000000, -1.000000000000000000, 0.000000000000000000 ) ) ;
#7856 = AXIS2_PLACEMENT_3D ( 'NONE', #293, #1439, #6453 ) ;
#7857 = CARTESIAN_POINT ( 'NONE',  ( 1.600000000000000311, 0.8000000000000000444, 1.100000000000001865 ) ) ;
#7858 = CARTESIAN_POINT ( 'NONE',  ( -1.350000000000000089, 0.8000000000000000444, -1.150999999999998469 ) ) ;
#7859 =( NAMED_UNIT ( * ) SI_UNIT ( $, .STERADIAN. ) SOLID_ANGLE_UNIT ( ) );
#7860 = CARTESIAN_POINT ( 'NONE',  ( 1.500000000000000222, 0.2999999999999999889, -0.4999999999999996669 ) ) ;
#7861 = DIRECTION ( 'NONE',  ( 0.000000000000000000, 0.000000000000000000, -1.000000000000000000 ) ) ;
#7862 = VERTEX_POINT ( 'NONE', #1478 ) ;
#7863 = ORIENTED_EDGE ( 'NONE', *, *, #2857, .F. ) ;
#7864 = CARTESIAN_POINT ( 'NONE',  ( 0.07367247065651054416, 1.200000000000000844, 0.03022302203228560691 ) ) ;
#7865 = CARTESIAN_POINT ( 'NONE',  ( -0.004099236659543279392, 1.201000000000000068, -0.1434606829303079201 ) ) ;
#7866 = DIRECTION ( 'NONE',  ( -0.000000000000000000, -1.000000000000000000, -0.000000000000000000 ) ) ;
#7867 = DIRECTION ( 'NONE',  ( 1.000000000000000000, 0.000000000000000000, 0.000000000000000000 ) ) ;
#7868 = CARTESIAN_POINT ( 'NONE',  ( 0.04363973627445606740, 1.199999999999999956, -0.1541292236904824309 ) ) ;
#7869 = LINE ( 'NONE', #2836, #4740 ) ;
#7870 = ORIENTED_EDGE ( 'NONE', *, *, #7912, .F. ) ;
#7871 = ORIENTED_EDGE ( 'NONE', *, *, #3815, .T. ) ;
#7872 = EDGE_CURVE ( 'NONE', #3684, #2922, #1926, .T. ) ;
#7873 = ORIENTED_EDGE ( 'NONE', *, *, #3986, .T. ) ;
#7874 = SURFACE_STYLE_USAGE ( .BOTH. , #939 ) ;
#7875 = PRESENTATION_STYLE_ASSIGNMENT (( #4730 ) ) ;
#7876 = EDGE_LOOP ( 'NONE', ( #7615, #4647, #849, #3349 ) ) ;
#7877 = MECHANICAL_DESIGN_GEOMETRIC_PRESENTATION_REPRESENTATION (  '', ( #134 ), #6439 ) ;
#7878 = DIRECTION ( 'NONE',  ( -0.000000000000000000, -1.000000000000000000, -0.000000000000000000 ) ) ;
#7879 = SURFACE_STYLE_FILL_AREA ( #7840 ) ;
#7880 = FILL_AREA_STYLE_COLOUR ( '', #1927 ) ;
#7881 = ORIENTED_EDGE ( 'NONE', *, *, #2523, .F. ) ;
#7882 = UNCERTAINTY_MEASURE_WITH_UNIT (LENGTH_MEASURE( 1.000000000000000082E-05 ), #2917, 'distance_accuracy_value', 'NONE');
#7883 = DIRECTION ( 'NONE',  ( 0.7071067811865474617, 0.000000000000000000, -0.7071067811865474617 ) ) ;
#7884 = CARTESIAN_POINT ( 'NONE',  ( -0.5999999999999995337, 0.2999999999999999889, 1.150000000000000355 ) ) ;
#7885 = EDGE_CURVE ( 'NONE', #7701, #5999, #7072, .T. ) ;
#7886 = ADVANCED_FACE ( 'NONE', ( #671 ), #3197, .F. ) ;
#7887 = AXIS2_PLACEMENT_3D ( 'NONE', #3866, #7153, #795 ) ;
#7888 = CARTESIAN_POINT ( 'NONE',  ( -0.009293968027199152326, 1.201000000000000068, -0.1731642232240074575 ) ) ;
#7889 = FACE_OUTER_BOUND ( 'NONE', #4305, .T. ) ;
#7890 = CARTESIAN_POINT ( 'NONE',  ( -1.449999999999999956, 0.000000000000000000, 1.250000000000002220 ) ) ;
#7891 = FILL_AREA_STYLE ('',( #7966 ) ) ;
#7892 = CIRCLE ( 'NONE', #6839, 0.1499999999999999667 ) ;
#7893 = UNCERTAINTY_MEASURE_WITH_UNIT (LENGTH_MEASURE( 1.000000000000000082E-05 ), #713, 'distance_accuracy_value', 'NONE');
#7894 = EDGE_CURVE ( 'NONE', #6983, #3507, #2698, .T. ) ;
#7895 = CARTESIAN_POINT ( 'NONE',  ( -0.03807755230116102035, 1.201000000000000068, 0.08201118222462283613 ) ) ;
#7896 = ADVANCED_FACE ( 'NONE', ( #6373 ), #2159, .T. ) ;
#7897 = CARTESIAN_POINT ( 'NONE',  ( 1.600000000000000089, 1.201000000000000068, -0.2749999999999999112 ) ) ;
#7898 =( NAMED_UNIT ( * ) PLANE_ANGLE_UNIT ( ) SI_UNIT ( $, .RADIAN. ) );
#7899 = CARTESIAN_POINT ( 'NONE',  ( -0.08006602691381793646, 1.199999999999999956, 0.04366728661411512641 ) ) ;
#7900 = CARTESIAN_POINT ( 'NONE',  ( 1.600000000000000089, 0.000000000000000000, 0.4750000000000000888 ) ) ;
#7901 = CARTESIAN_POINT ( 'NONE',  ( -1.500999999999999890, 0.8000000000000000444, -0.3891067359796661629 ) ) ;
#7902 = VECTOR ( 'NONE', #5495, 1000.000000000000000 ) ;
#7903 = CARTESIAN_POINT ( 'NONE',  ( 1.500000000000000444, 0.8000000000000000444, -0.3750000000000000000 ) ) ;
#7904 = AXIS2_PLACEMENT_3D ( 'NONE', #6304, #1335, #1941 ) ;
#7905 = ORIENTED_EDGE ( 'NONE', *, *, #1846, .T. ) ;
#7906 = VECTOR ( 'NONE', #5697, 1000.000000000000000 ) ;
#7907 = VECTOR ( 'NONE', #1518, 1000.000000000000000 ) ;
#7908 = EDGE_LOOP ( 'NONE', ( #4119, #8113, #4859, #482 ) ) ;
#7909 = FILL_AREA_STYLE ('',( #3586 ) ) ;
#7910 = EDGE_CURVE ( 'NONE', #7001, #1910, #6564, .T. ) ;
#7911 = CARTESIAN_POINT ( 'NONE',  ( 0.003751638605786162400, 1.200999999999999845, -0.1421096130203857999 ) ) ;
#7912 = EDGE_CURVE ( 'NONE', #969, #4010, #4024, .T. ) ;
#7913 = FACE_OUTER_BOUND ( 'NONE', #7258, .T. ) ;
#7914 = CARTESIAN_POINT ( 'NONE',  ( -1.499999999999999778, 0.2999999999999999889, -0.4999999999999993339 ) ) ;
#7915 = FACE_OUTER_BOUND ( 'NONE', #3636, .T. ) ;
#7916 = AXIS2_PLACEMENT_3D ( 'NONE', #4796, #1768, #3659 ) ;
#7917 = VERTEX_POINT ( 'NONE', #948 ) ;
#7918 = VERTEX_POINT ( 'NONE', #1036 ) ;
#7919 = VERTEX_POINT ( 'NONE', #7890 ) ;
#7920 = DIRECTION ( 'NONE',  ( 0.7071067811865460184, 0.000000000000000000, 0.7071067811865490160 ) ) ;
#7921 = ORIENTED_EDGE ( 'NONE', *, *, #3127, .F. ) ;
#7922 = AXIS2_PLACEMENT_3D ( 'NONE', #6363, #4985, #31 ) ;
#7923 = DIRECTION ( 'NONE',  ( -1.668003342285392290E-16, 0.000000000000000000, -1.000000000000000000 ) ) ;
#7924 = LINE ( 'NONE', #2928, #5929 ) ;
#7925 = SURFACE_STYLE_FILL_AREA ( #4216 ) ;
#7926 = ORIENTED_EDGE ( 'NONE', *, *, #1140, .T. ) ;
#7927 = FACE_OUTER_BOUND ( 'NONE', #652, .T. ) ;
#7928 = PRESENTATION_LAYER_ASSIGNMENT (  '', '', ( #593 ) ) ;
#7929 = CARTESIAN_POINT ( 'NONE',  ( -1.500340955828528999, 0.8000000000000001554, -0.3655176336655592828 ) ) ;
#7930 = CARTESIAN_POINT ( 'NONE',  ( -0.5999999999999996447, 0.2999999999999999889, -1.149999999999999023 ) ) ;
#7931 = CARTESIAN_POINT ( 'NONE',  ( 0.02519603027258092431, 1.201000000000000512, -0.08568952672227261869 ) ) ;
#7932 = AXIS2_PLACEMENT_3D ( 'NONE', #7024, #6366, #5643 ) ;
#7933 = ORIENTED_EDGE ( 'NONE', *, *, #2187, .T. ) ;
#7934 = EDGE_CURVE ( 'NONE', #4160, #5788, #409, .T. ) ;
#7935 = CARTESIAN_POINT ( 'NONE',  ( 0.06365397542848701129, 1.201000000000000068, -0.1106964433091985750 ) ) ;
#7936 = ORIENTED_EDGE ( 'NONE', *, *, #2552, .F. ) ;
#7937 = LINE ( 'NONE', #1642, #2379 ) ;
#7938 = EDGE_CURVE ( 'NONE', #8012, #2560, #3483, .T. ) ;
#7939 = CARTESIAN_POINT ( 'NONE',  ( -1.500000000000000000, 0.8007116190140167733, -0.3673201419961954484 ) ) ;
#7940 = DIRECTION ( 'NONE',  ( -1.000000000000000000, 0.000000000000000000, -1.668003342285392290E-16 ) ) ;
#7941 = DIRECTION ( 'NONE',  ( 3.469446951953614189E-16, 0.000000000000000000, -1.000000000000000000 ) ) ;
#7942 = FILL_AREA_STYLE_COLOUR ( '', #5720 ) ;
#7943 = VERTEX_POINT ( 'NONE', #3442 ) ;
#7944 = AXIS2_PLACEMENT_3D ( 'NONE', #1611, #6045, #3001 ) ;
#7945 = CARTESIAN_POINT ( 'NONE',  ( -0.007801955970669150267, 1.201000000000000068, 0.08696036152826282228 ) ) ;
#7946 = CARTESIAN_POINT ( 'NONE',  ( 0.02469310995164461509, 1.200000000000000400, -0.1275702085692185239 ) ) ;
#7947 = CARTESIAN_POINT ( 'NONE',  ( -0.8999999999999995781, 0.2999999999999999889, 0.5000000000000006661 ) ) ;
#7948 = SURFACE_STYLE_FILL_AREA ( #2918 ) ;
#7949 = LINE ( 'NONE', #5411, #955 ) ;
#7950 = EDGE_CURVE ( 'NONE', #2107, #7371, #6533, .T. ) ;
#7951 = ORIENTED_EDGE ( 'NONE', *, *, #3047, .F. ) ;
#7952 = ORIENTED_EDGE ( 'NONE', *, *, #711, .F. ) ;
#7953 = ADVANCED_FACE ( 'NONE', ( #5982 ), #4353, .T. ) ;
#7954 = ORIENTED_EDGE ( 'NONE', *, *, #2675, .F. ) ;
#7955 = LINE ( 'NONE', #1700, #7269 ) ;
#7956 = ORIENTED_EDGE ( 'NONE', *, *, #5580, .T. ) ;
#7957 = CARTESIAN_POINT ( 'NONE',  ( -0.8999999999999995781, 0.000000000000000000, 0.5000000000000006661 ) ) ;
#7958 = CARTESIAN_POINT ( 'NONE',  ( 0.05298187109609471535, 1.201000000000000068, 0.06364743310445773739 ) ) ;
#7959 = DIRECTION ( 'NONE',  ( 0.000000000000000000, 0.000000000000000000, 1.000000000000000000 ) ) ;
#7960 = ORIENTED_EDGE ( 'NONE', *, *, #1336, .T. ) ;
#7961 = CARTESIAN_POINT ( 'NONE',  ( -0.004149098866750781760, 1.200000000000000178, -0.04166136748294676367 ) ) ;
#7962 = SURFACE_STYLE_FILL_AREA ( #1031 ) ;
#7963 = ORIENTED_EDGE ( 'NONE', *, *, #5186, .F. ) ;
#7964 = CARTESIAN_POINT ( 'NONE',  ( 1.449999999999999956, 0.2999999999999999889, -1.249999999999998224 ) ) ;
#7965 = ORIENTED_EDGE ( 'NONE', *, *, #7737, .T. ) ;
#7966 = FILL_AREA_STYLE_COLOUR ( '', #284 ) ;
#7967 = CARTESIAN_POINT ( 'NONE',  ( -0.08082516134326428459, 1.200999999999999845, -0.1220628250003194110 ) ) ;
#7968 = DIRECTION ( 'NONE',  ( -1.000000000000000000, 0.000000000000000000, 2.891205793294683257E-16 ) ) ;
#7969 = EDGE_LOOP ( 'NONE', ( #908, #7571, #1677, #7673 ) ) ;
#7970 = EDGE_CURVE ( 'NONE', #1157, #244, #5307, .T. ) ;
#7971 = EDGE_LOOP ( 'NONE', ( #5506, #3146, #4342, #744 ) ) ;
#7972 = MECHANICAL_DESIGN_GEOMETRIC_PRESENTATION_REPRESENTATION (  '', ( #2317 ), #1295 ) ;
#7973 = LINE ( 'NONE', #7897, #3182 ) ;
#7974 = CARTESIAN_POINT ( 'NONE',  ( 0.3634003539556817652, 1.200000000000000178, -0.1731642232240074575 ) ) ;
#7975 = CARTESIAN_POINT ( 'NONE',  ( -0.03101879420312738875, 1.200000000000000178, 0.08428989163595676515 ) ) ;
#7976 = CARTESIAN_POINT ( 'NONE',  ( -0.02015924097788958369, 1.201000000000000512, 0.05585549645092948573 ) ) ;
#7977 = FACE_OUTER_BOUND ( 'NONE', #445, .T. ) ;
#7978 = PLANE ( 'NONE',  #4431 ) ;
#7979 = ORIENTED_EDGE ( 'NONE', *, *, #3856, .F. ) ;
#7980 = EDGE_CURVE ( 'NONE', #415, #4251, #1635, .T. ) ;
#7981 = CARTESIAN_POINT ( 'NONE',  ( 0.009728560938623672522, 1.201000000000000068, 0.08567055296371647866 ) ) ;
#7982 = CARTESIAN_POINT ( 'NONE',  ( 0.03083601142429815561, 1.201000000000000068, -0.1067954110542232854 ) ) ;
#7983 = LINE ( 'NONE', #3627, #847 ) ;
#7984 = CARTESIAN_POINT ( 'NONE',  ( 1.500000000000000222, 0.8010000000000000453, -1.149999999999998357 ) ) ;
#7985 =( NAMED_UNIT ( * ) SI_UNIT ( $, .STERADIAN. ) SOLID_ANGLE_UNIT ( ) );
#7986 = DIRECTION ( 'NONE',  ( 0.000000000000000000, -1.000000000000000000, 0.000000000000000000 ) ) ;
#7987 = ORIENTED_EDGE ( 'NONE', *, *, #7274, .T. ) ;
#7988 = ORIENTED_EDGE ( 'NONE', *, *, #2964, .T. ) ;
#7989 = VERTEX_POINT ( 'NONE', #4786 ) ;
#7990 = CARTESIAN_POINT ( 'NONE',  ( -1.500000000000000000, 0.8000000000000000444, 0.3749999999999996669 ) ) ;
#7991 = ORIENTED_EDGE ( 'NONE', *, *, #3256, .F. ) ;
#7992 = CARTESIAN_POINT ( 'NONE',  ( 1.350000000000000311, 1.050000000000000044, 0.9999999999999981126 ) ) ;
#7993 = CARTESIAN_POINT ( 'NONE',  ( 0.6000000000000001998, 0.2999999999999999889, -0.4999999999999996669 ) ) ;
#7994 = CARTESIAN_POINT ( 'NONE',  ( -1.500000000000000000, 1.050000000000000044, -1.149999999999998357 ) ) ;
#7995 = MECHANICAL_DESIGN_GEOMETRIC_PRESENTATION_REPRESENTATION (  '', ( #147 ), #940 ) ;
#7996 = VERTEX_POINT ( 'NONE', #7306 ) ;
#7997 = LINE ( 'NONE', #2479, #1121 ) ;
#7998 = ORIENTED_EDGE ( 'NONE', *, *, #5025, .F. ) ;
#7999 =( NAMED_UNIT ( * ) SI_UNIT ( $, .STERADIAN. ) SOLID_ANGLE_UNIT ( ) );
#8000 =( NAMED_UNIT ( * ) SI_UNIT ( $, .STERADIAN. ) SOLID_ANGLE_UNIT ( ) );
#8001 = PRESENTATION_STYLE_ASSIGNMENT (( #6777 ) ) ;
#8002 = ADVANCED_FACE ( 'NONE', ( #3980 ), #6497, .T. ) ;
#8003 = ORIENTED_EDGE ( 'NONE', *, *, #7812, .T. ) ;
#8004 = DIRECTION ( 'NONE',  ( -0.000000000000000000, 1.000000000000000000, -0.000000000000000000 ) ) ;
#8005 = ADVANCED_FACE ( 'NONE', ( #2361 ), #5565, .T. ) ;
#8006 = LINE ( 'NONE', #6781, #2818 ) ;
#8007 = PRESENTATION_LAYER_ASSIGNMENT (  '', '', ( #3407 ) ) ;
#8008 = AXIS2_PLACEMENT_3D ( 'NONE', #2611, #6411, #5653 ) ;
#8009 = EDGE_CURVE ( 'NONE', #6557, #1606, #6157, .T. ) ;
#8010 = DIRECTION ( 'NONE',  ( -0.000000000000000000, -1.000000000000000000, -0.000000000000000000 ) ) ;
#8011 = ORIENTED_EDGE ( 'NONE', *, *, #872, .F. ) ;
#8012 = VERTEX_POINT ( 'NONE', #6730 ) ;
#8013 =( LENGTH_UNIT ( ) NAMED_UNIT ( * ) SI_UNIT ( .MILLI., .METRE. ) );
#8014 = DIRECTION ( 'NONE',  ( -1.000000000000000000, 0.000000000000000000, 0.000000000000000000 ) ) ;
#8015 = VECTOR ( 'NONE', #7437, 1000.000000000000000 ) ;
#8016 = CARTESIAN_POINT ( 'NONE',  ( -0.5124621719190511904, 1.201000000000000068, 0.08366764526557586568 ) ) ;
#8017 = CARTESIAN_POINT ( 'NONE',  ( 0.2399234941049204484, 1.200000000000000178, 0.04477243441258608320 ) ) ;
#8018 = CARTESIAN_POINT ( 'NONE',  ( 0.6000000000000004219, 0.000000000000000000, 1.150000000000000133 ) ) ;
#8019 = LINE ( 'NONE', #4924, #565 ) ;
#8020 = DIRECTION ( 'NONE',  ( 0.000000000000000000, -1.000000000000000000, 0.000000000000000000 ) ) ;
#8021 = FACE_OUTER_BOUND ( 'NONE', #4983, .T. ) ;
#8022 = PRESENTATION_LAYER_ASSIGNMENT (  '', '', ( #6057 ) ) ;
#8023 = ORIENTED_EDGE ( 'NONE', *, *, #7934, .F. ) ;
#8024 = LINE ( 'NONE', #3828, #7373 ) ;
#8025 = CIRCLE ( 'NONE', #3692, 0.1499999999999999667 ) ;
#8026 = DIRECTION ( 'NONE',  ( -0.000000000000000000, -1.000000000000000000, 0.000000000000000000 ) ) ;
#8027 = DIRECTION ( 'NONE',  ( 1.000000000000000000, 0.000000000000000000, 0.000000000000000000 ) ) ;
#8028 = CARTESIAN_POINT ( 'NONE',  ( -1.350000000000000089, 0.8010000000000000453, -0.9999999999999985567 ) ) ;
#8029 = ADVANCED_FACE ( 'NONE', ( #3070 ), #2937, .T. ) ;
#8030 =( LENGTH_UNIT ( ) NAMED_UNIT ( * ) SI_UNIT ( .MILLI., .METRE. ) );
#8031 = ORIENTED_EDGE ( 'NONE', *, *, #2087, .T. ) ;
#8032 = ORIENTED_EDGE ( 'NONE', *, *, #5766, .F. ) ;
#8033 = ORIENTED_EDGE ( 'NONE', *, *, #7027, .T. ) ;
#8034 = CARTESIAN_POINT ( 'NONE',  ( -0.01800644472572756824, 1.200000000000000178, -0.06746463928698642754 ) ) ;
#8035 = ORIENTED_EDGE ( 'NONE', *, *, #6550, .F. ) ;
#8036 = EDGE_CURVE ( 'NONE', #1921, #6369, #6860, .T. ) ;
#8037 = VECTOR ( 'NONE', #634, 1000.000000000000000 ) ;
#8038 = DIRECTION ( 'NONE',  ( -0.9950371902099890420, 0.000000000000000000, -0.09950371902099923449 ) ) ;
#8039 = CARTESIAN_POINT ( 'NONE',  ( 0.2289794121566518237, 1.199999999999999956, 0.009102175988219753100 ) ) ;
#8040 = CARTESIAN_POINT ( 'NONE',  ( -1.599999999999999867, 0.000000000000000000, 1.250000000000002220 ) ) ;
#8041 = ORIENTED_EDGE ( 'NONE', *, *, #204, .F. ) ;
#8042 = CARTESIAN_POINT ( 'NONE',  ( -0.01800644472572756824, 1.201000000000000068, -0.06746463928698642754 ) ) ;
#8043 = DIRECTION ( 'NONE',  ( 1.000000000000000000, 0.000000000000000000, -1.355252715606880543E-16 ) ) ;
#8044 = EDGE_LOOP ( 'NONE', ( #7755, #4309, #4176, #3883 ) ) ;
#8045 = VERTEX_POINT ( 'NONE', #4308 ) ;
#8046 = FILL_AREA_STYLE_COLOUR ( '', #3722 ) ;
#8047 = CARTESIAN_POINT ( 'NONE',  ( -0.008868230864093966034, 1.200000000000000178, -0.04153634281216489477 ) ) ;
#8048 = STYLED_ITEM ( 'NONE', ( #7081 ), #692 ) ;
#8049 = VECTOR ( 'NONE', #3910, 1000.000000000000000 ) ;
#8050 =( LENGTH_UNIT ( ) NAMED_UNIT ( * ) SI_UNIT ( .MILLI., .METRE. ) );
#8051 =( NAMED_UNIT ( * ) SI_UNIT ( $, .STERADIAN. ) SOLID_ANGLE_UNIT ( ) );
#8052 = EDGE_LOOP ( 'NONE', ( #6916, #4341, #6988, #3332, #4130, #6526, #4040, #701 ) ) ;
#8053 = CARTESIAN_POINT ( 'NONE',  ( -0.3148991961578331833, 1.201000000000000068, -0.1731642232240074575 ) ) ;
#8054 = DIRECTION ( 'NONE',  ( 0.000000000000000000, 0.000000000000000000, 1.000000000000000000 ) ) ;
#8055 = AXIS2_PLACEMENT_3D ( 'NONE', #621, #1275, #1915 ) ;
#8056 = ADVANCED_FACE ( 'NONE', ( #6816 ), #5603, .T. ) ;
#8057 = MECHANICAL_DESIGN_GEOMETRIC_PRESENTATION_REPRESENTATION (  '', ( #5806 ), #6736 ) ;
#8058 = DIRECTION ( 'NONE',  ( 0.000000000000000000, 0.000000000000000000, 1.000000000000000000 ) ) ;
#8059 = EDGE_LOOP ( 'NONE', ( #3184, #6233, #1785, #3624 ) ) ;
#8060 = EDGE_CURVE ( 'NONE', #5884, #4251, #3270, .T. ) ;
#8061 = PLANE ( 'NONE',  #6963 ) ;
#8062 = DIRECTION ( 'NONE',  ( -1.000000000000000000, 0.000000000000000000, 0.000000000000000000 ) ) ;
#8063 = VECTOR ( 'NONE', #6011, 1000.000000000000000 ) ;
#8064 = CARTESIAN_POINT ( 'NONE',  ( -0.04082227551478143091, 1.200000000000000178, 0.04359121852126097291 ) ) ;
#8065 = SURFACE_SIDE_STYLE ('',( #4320 ) ) ;
#8066 = CARTESIAN_POINT ( 'NONE',  ( -0.03489593081511018630, 1.201000000000000068, 0.04909721771220977582 ) ) ;
#8067 = LINE ( 'NONE', #7526, #4088 ) ;
#8068 = PRESENTATION_LAYER_ASSIGNMENT (  '', '', ( #2269 ) ) ;
#8069 = FILL_AREA_STYLE_COLOUR ( '', #5989 ) ;
#8070 = COLOUR_RGB ( '',1.000000000000000000, 0.8078431372549019773, 0.4980392156862745168 ) ;
#8071 = ORIENTED_EDGE ( 'NONE', *, *, #3380, .F. ) ;
#8072 = VECTOR ( 'NONE', #2885, 1000.000000000000000 ) ;
#8073 = DIRECTION ( 'NONE',  ( -0.000000000000000000, -1.000000000000000000, -0.000000000000000000 ) ) ;
#8074 = DIRECTION ( 'NONE',  ( 0.000000000000000000, 0.000000000000000000, 1.000000000000000000 ) ) ;
#8075 = CARTESIAN_POINT ( 'NONE',  ( 0.02817217679925545712, 1.199999999999999956, -0.1213282344983276084 ) ) ;
#8076 = CARTESIAN_POINT ( 'NONE',  ( 0.2289794121566518237, 1.200999999999999845, 0.009102175988219753100 ) ) ;
#8077 = DIRECTION ( 'NONE',  ( 0.2990981086500769104, 0.000000000000000000, 0.9542223647567409373 ) ) ;
#8078 = ORIENTED_EDGE ( 'NONE', *, *, #5492, .T. ) ;
#8079 = ORIENTED_EDGE ( 'NONE', *, *, #2889, .T. ) ;
#8080 = UNCERTAINTY_MEASURE_WITH_UNIT (LENGTH_MEASURE( 1.000000000000000082E-05 ), #7788, 'distance_accuracy_value', 'NONE');
#8081 = DIRECTION ( 'NONE',  ( -0.000000000000000000, -1.000000000000000000, -0.000000000000000000 ) ) ;
#8082 = VERTEX_POINT ( 'NONE', #7634 ) ;
#8083 = LINE ( 'NONE', #4940, #2550 ) ;
#8084 = LINE ( 'NONE', #7993, #7253 ) ;
#8085 = CARTESIAN_POINT ( 'NONE',  ( 0.05313296325196131820, 1.201000000000000068, -0.04599198140895250503 ) ) ;
#8086 = VERTEX_POINT ( 'NONE', #5760 ) ;
#8087 = PLANE ( 'NONE',  #6510 ) ;
#8088 = CARTESIAN_POINT ( 'NONE',  ( -1.600000000000000089, 0.2999999999999999889, -1.250000000000000888 ) ) ;
#8089 = ORIENTED_EDGE ( 'NONE', *, *, #261, .F. ) ;
#8090 = ORIENTED_EDGE ( 'NONE', *, *, #4562, .F. ) ;
#8091 = EDGE_CURVE ( 'NONE', #3597, #4856, #2526, .T. ) ;
#8092 = SURFACE_STYLE_USAGE ( .BOTH. , #6156 ) ;
#8093 = SURFACE_STYLE_USAGE ( .BOTH. , #584 ) ;
#8094 = EDGE_LOOP ( 'NONE', ( #2839, #5923, #2353, #6593 ) ) ;
#8095 = CARTESIAN_POINT ( 'NONE',  ( -1.500000000000000000, 0.8010000000000000453, 0.3608932640203324493 ) ) ;
#8096 = VECTOR ( 'NONE', #7790, 1000.000000000000000 ) ;
#8097 = PLANE ( 'NONE',  #177 ) ;
#8098 = ORIENTED_EDGE ( 'NONE', *, *, #5383, .T. ) ;
#8099 = DIRECTION ( 'NONE',  ( -1.000000000000000000, 0.000000000000000000, 0.000000000000000000 ) ) ;
#8100 = VECTOR ( 'NONE', #1871, 1000.000000000000000 ) ;
#8101 = FACE_OUTER_BOUND ( 'NONE', #2370, .T. ) ;
#8102 = LINE ( 'NONE', #2494, #3807 ) ;
#8103 = ADVANCED_FACE ( 'NONE', ( #6898 ), #3187, .T. ) ;
#8104 = PRESENTATION_STYLE_ASSIGNMENT (( #6257 ) ) ;
#8105 = DIRECTION ( 'NONE',  ( -0.000000000000000000, 0.000000000000000000, 1.000000000000000000 ) ) ;
#8106 = SURFACE_SIDE_STYLE ('',( #2432 ) ) ;
#8107 = LINE ( 'NONE', #4325, #5240 ) ;
#8108 = DIRECTION ( 'NONE',  ( 0.000000000000000000, 0.000000000000000000, 1.000000000000000000 ) ) ;
#8109 = EDGE_CURVE ( 'NONE', #4774, #7056, #3143, .T. ) ;
#8110 = CARTESIAN_POINT ( 'NONE',  ( -1.599999999999998979, 0.8000000000000000444, -1.099999999999997868 ) ) ;
#8111 = DIRECTION ( 'NONE',  ( 1.000000000000000000, -0.000000000000000000, 3.469446951953614189E-16 ) ) ;
#8112 = CARTESIAN_POINT ( 'NONE',  ( -1.099999999999998979, 1.201000000000000068, 0.8000000000000022649 ) ) ;
#8113 = ORIENTED_EDGE ( 'NONE', *, *, #6075, .F. ) ;
#8114 = CARTESIAN_POINT ( 'NONE',  ( -0.1963614107011024124, 1.201000000000000068, -0.1435297768598247370 ) ) ;
#8115 = ORIENTED_EDGE ( 'NONE', *, *, #4033, .F. ) ;
#8116 = DIRECTION ( 'NONE',  ( 0.000000000000000000, -1.000000000000000000, 0.000000000000000000 ) ) ;
#8117 = CARTESIAN_POINT ( 'NONE',  ( -0.1963614107011024124, 1.201000000000000068, -0.1435297768598247370 ) ) ;
#8118 = EDGE_LOOP ( 'NONE', ( #6864, #2757, #1657, #2024 ) ) ;
#8119 = CARTESIAN_POINT ( 'NONE',  ( -0.002432387054272662150, 1.200000000000000178, -0.04162278803702693097 ) ) ;
#8120 = FILL_AREA_STYLE ('',( #7466 ) ) ;
#8121 = EDGE_CURVE ( 'NONE', #1310, #5683, #4505, .T. ) ;
#8122 = ORIENTED_EDGE ( 'NONE', *, *, #3427, .F. ) ;
#8123 = ORIENTED_EDGE ( 'NONE', *, *, #6908, .T. ) ;
#8124 = CARTESIAN_POINT ( 'NONE',  ( -0.02205324354511123061, 1.200000000000000178, -0.06779730281802456848 ) ) ;
#8125 = CARTESIAN_POINT ( 'NONE',  ( -0.01102066680419955431, 1.201000000000000290, -0.1434223286406932640 ) ) ;
#8126 = FILL_AREA_STYLE ('',( #5521 ) ) ;
#8127 = CARTESIAN_POINT ( 'NONE',  ( -0.5124621719190511904, 1.201000000000000068, -0.1731642232240074575 ) ) ;
#8128 = DIRECTION ( 'NONE',  ( 0.000000000000000000, -1.000000000000000000, 0.000000000000000000 ) ) ;
#8129 = EDGE_LOOP ( 'NONE', ( #1195, #7050, #7422, #4650 ) ) ;
#8130 = CARTESIAN_POINT ( 'NONE',  ( -1.500000000000000000, 0.8000000000000000444, 0.3750000000000000555 ) ) ;
#8131 = CARTESIAN_POINT ( 'NONE',  ( -0.08389397865952628874, 1.201000000000000068, -0.1098558620101963840 ) ) ;
#8132 = EDGE_CURVE ( 'NONE', #3073, #750, #706, .T. ) ;
#8133 = CARTESIAN_POINT ( 'NONE',  ( 0.000000000000000000, 1.200000000000000178, 0.000000000000000000 ) ) ;
ENDSEC;
END-ISO-10303-21;
